2025-11-11 12:43:26,521 [INFO] ✅ DB 초기화 완료
2025-11-11 12:43:33,582 [INFO] ✅ AI 연결 성공
2025-11-11 12:50:49,874 [INFO] ✅ DB 초기화 완료
2025-11-11 12:50:56,821 [INFO] ✅ AI 연결 성공
2025-11-11 14:08:16,309 [INFO] ✅ DB 초기화 완료
2025-11-11 14:08:23,287 [INFO] ✅ AI 연결 성공
2025-11-11 14:08:42,811 [INFO] 🔐 로그인 시도 | 원본: 01055555555 | 정규화: 1055555555 | 비번길이: 8
2025-11-11 14:08:42,813 [WARNING] ❌ 미등록: 1055555555
2025-11-11 14:09:06,246 [INFO] 🔍 save_farm_info 호출: phone=1044444444, name='춘양이'
2025-11-11 14:09:06,246 [INFO] ✨ 신규 회원 가입
2025-11-11 14:09:06,251 [INFO] ✅ 최종 DB 상태: phone=1044444444, name='춘양이', crop=
2025-11-11 14:09:08,620 [INFO] 🔐 로그인 시도 | 원본: 01055555555 | 정규화: 1055555555 | 비번길이: 8
2025-11-11 14:09:08,622 [WARNING] ❌ 미등록: 1055555555
2025-11-11 14:09:12,891 [INFO] 🔐 로그인 시도 | 원본: 01055555555 | 정규화: 1055555555 | 비번길이: 8
2025-11-11 14:09:12,891 [WARNING] ❌ 미등록: 1055555555
2025-11-11 14:09:20,786 [INFO] 🔐 로그인 시도 | 원본: 01044444444 | 정규화: 1044444444 | 비번길이: 8
2025-11-11 14:09:20,787 [INFO] ✅ DB 조회 성공 | 이름: 춘양이 | DB비번: 11111111
2025-11-11 14:09:20,788 [INFO] ✅ 로그인 성공: 춘양이
2025-11-11 14:09:59,723 [INFO] 🔍 save_farm_info 호출: phone=1044444444, name=''
2025-11-11 14:09:59,724 [INFO] 📝 기존 계정 업데이트
2025-11-11 14:09:59,726 [INFO] ✅ 업데이트 필드: crop, farm_area, region, cultivation_type, updated_at
2025-11-11 14:09:59,729 [INFO] ✅ 최종 DB 상태: phone=1044444444, name='춘양이', crop=딸기
2025-11-11 14:10:12,427 [INFO] 📞 1044444444 | 방제후 효과가 없어
2025-11-11 14:10:12,454 [INFO] 📊 유형: 15
2025-11-11 14:10:12,454 [INFO] 📦 컨텍스트 수집 시작: 유형 15
2025-11-11 14:10:12,455 [INFO] 🔍 DEBUG: get_farm_info 반환값 전체 = {'phone': '1044444444', 'name': '춘양이', 'crop': '딸기', 'farm_area': '1000', 'region': '논산', 'cultivation_type': '온실수경', 'planting_date': '', 'address': '음성', 'password': '11111111'}
2025-11-11 14:10:12,456 [INFO] ✅ 농가정보: 춘양이
2025-11-11 14:10:12,456 [INFO] 🔍 DEBUG: name 필드 = '춘양이'
2025-11-11 14:10:12,476 [INFO] 📌 DB에서 작물명: 딸기
2025-11-11 14:10:12,477 [INFO] 📋 방제이력: 1개 (30일)
2025-11-11 14:10:12,478 [INFO] 🐛 방제이력에서 병해충: 응애
2025-11-11 14:10:12,481 [ERROR] ❌ 엑셀 오류: Missing optional dependency 'openpyxl'.  Use pip or conda to install openpyxl.
2025-11-11 14:10:12,483 [WARNING] ⚠️ Excel 시트 없음: 딸기
2025-11-11 14:10:12,484 [INFO] ⚠️ 경고: ['INFO_72H', 'NO_PESTICIDES']
2025-11-11 14:10:12,484 [INFO] 🔧 답변 조립 시작: 유형 15
2025-11-11 14:10:12,485 [INFO] ✅ 답변 조립 완료
2025-11-11 14:10:41,361 [INFO] 📞 1044444444 | 흰가루가 생겼어
2025-11-11 14:10:41,362 [INFO] 📊 유형: 14
2025-11-11 14:10:41,363 [INFO] 📦 컨텍스트 수집 시작: 유형 14
2025-11-11 14:10:41,364 [INFO] 🔍 DEBUG: get_farm_info 반환값 전체 = {'phone': '1044444444', 'name': '춘양이', 'crop': '딸기', 'farm_area': '1000', 'region': '논산', 'cultivation_type': '온실수경', 'planting_date': '', 'address': '음성', 'password': '11111111'}
2025-11-11 14:10:41,364 [INFO] ✅ 농가정보: 춘양이
2025-11-11 14:10:41,365 [INFO] 🔍 DEBUG: name 필드 = '춘양이'
2025-11-11 14:10:41,368 [INFO] 📌 DB에서 작물명: 딸기
2025-11-11 14:10:41,369 [INFO] 🐛 병해충명: 흰가루류
2025-11-11 14:10:41,370 [INFO] 📋 방제이력: 1개 (30일)
2025-11-11 14:10:41,372 [ERROR] ❌ 엑셀 오류: Missing optional dependency 'openpyxl'.  Use pip or conda to install openpyxl.
2025-11-11 14:10:41,372 [WARNING] ⚠️ Excel 시트 없음: 딸기
2025-11-11 14:10:41,373 [INFO] ⚠️ 경고: ['INFO_72H', 'NO_PESTICIDES']
2025-11-11 14:10:41,373 [INFO] 🔧 답변 조립 시작: 유형 14
2025-11-11 14:10:41,374 [INFO] ✅ 답변 조립 완료
2025-11-11 14:17:05,027 [INFO] ✅ DB 초기화 완료
2025-11-11 14:17:12,057 [INFO] ✅ AI 연결 성공
2025-11-11 14:42:32,283 [INFO] ✅ DB 초기화 완료
2025-11-11 14:42:39,220 [INFO] ✅ AI 연결 성공
2025-11-11 14:43:49,091 [INFO] 📞 1044444444 | 흰가루가 생겼어
2025-11-11 14:43:49,113 [INFO] 📊 유형: 14
2025-11-11 14:43:49,113 [INFO] 📦 컨텍스트 수집 시작: 유형 14
2025-11-11 14:43:49,114 [INFO] 🔍 DEBUG: get_farm_info 반환값 전체 = {'phone': '1044444444', 'name': '춘양이', 'crop': '딸기', 'farm_area': '1000', 'region': '논산', 'cultivation_type': '온실수경', 'planting_date': '', 'address': '음성', 'password': '11111111'}
2025-11-11 14:43:49,114 [INFO] ✅ 농가정보: 춘양이
2025-11-11 14:43:49,115 [INFO] 🔍 DEBUG: name 필드 = '춘양이'
2025-11-11 14:43:49,119 [INFO] 📌 DB에서 작물명: 딸기
2025-11-11 14:43:49,120 [INFO] 🐛 병해충명: 흰가루류
2025-11-11 14:43:49,121 [INFO] 📋 방제이력: 1개 (30일)
2025-11-11 14:43:49,127 [ERROR] ❌ 엑셀 오류: Missing optional dependency 'openpyxl'.  Use pip or conda to install openpyxl.
2025-11-11 14:43:49,129 [WARNING] ⚠️ Excel 시트 없음: 딸기
2025-11-11 14:43:49,129 [INFO] ⚠️ 경고: ['INFO_72H', 'NO_PESTICIDES']
2025-11-11 14:43:49,130 [INFO] 🔧 답변 조립 시작: 유형 14
2025-11-11 14:43:49,130 [INFO] ✅ 답변 조립 완료
2025-11-11 14:48:58,270 [INFO] ✅ DB 초기화 완료
2025-11-11 14:49:05,212 [INFO] ✅ AI 연결 성공
2025-11-11 14:49:56,197 [INFO] 📞 1044444444 | 흰가루가 생겼어
2025-11-11 14:49:56,218 [INFO] 📊 유형: 14
2025-11-11 14:49:56,218 [INFO] 📦 컨텍스트 수집 시작: 유형 14
2025-11-11 14:49:56,220 [INFO] 🔍 DEBUG: get_farm_info 반환값 전체 = {'phone': '1044444444', 'name': '춘양이', 'crop': '딸기', 'farm_area': '1000', 'region': '논산', 'cultivation_type': '온실수경', 'planting_date': '', 'address': '음성', 'password': '11111111'}
2025-11-11 14:49:56,220 [INFO] ✅ 농가정보: 춘양이
2025-11-11 14:49:56,221 [INFO] 🔍 DEBUG: name 필드 = '춘양이'
2025-11-11 14:49:56,225 [INFO] 📌 DB에서 작물명: 딸기
2025-11-11 14:49:56,225 [INFO] 🐛 병해충명: 흰가루류
2025-11-11 14:49:56,226 [INFO] 📋 방제이력: 1개 (30일)
2025-11-11 14:49:56,228 [ERROR] ❌ 엑셀 오류: Missing optional dependency 'openpyxl'.  Use pip or conda to install openpyxl.
2025-11-11 14:49:56,235 [WARNING] ⚠️ Excel 시트 없음: 딸기
2025-11-11 14:49:56,235 [INFO] ⚠️ 경고: ['INFO_72H', 'NO_PESTICIDES']
2025-11-11 14:49:56,236 [INFO] 🔧 답변 조립 시작: 유형 14
2025-11-11 14:49:56,236 [INFO] ✅ 답변 조립 완료
2025-11-11 14:51:09,722 [INFO] 📞 1044444444 | 흰가루가 생겼어
2025-11-11 14:51:09,724 [INFO] 📊 유형: 14
2025-11-11 14:51:09,724 [INFO] 📦 컨텍스트 수집 시작: 유형 14
2025-11-11 14:51:09,725 [INFO] 🔍 DEBUG: get_farm_info 반환값 전체 = {'phone': '1044444444', 'name': '춘양이', 'crop': '딸기', 'farm_area': '1000', 'region': '논산', 'cultivation_type': '온실수경', 'planting_date': '', 'address': '음성', 'password': '11111111'}
2025-11-11 14:51:09,726 [INFO] ✅ 농가정보: 춘양이
2025-11-11 14:51:09,726 [INFO] 🔍 DEBUG: name 필드 = '춘양이'
2025-11-11 14:51:09,729 [INFO] 📌 DB에서 작물명: 딸기
2025-11-11 14:51:09,730 [INFO] 🐛 병해충명: 흰가루류
2025-11-11 14:51:09,731 [INFO] 📋 방제이력: 1개 (30일)
2025-11-11 14:51:09,733 [ERROR] ❌ 엑셀 오류: Missing optional dependency 'openpyxl'.  Use pip or conda to install openpyxl.
2025-11-11 14:51:09,734 [WARNING] ⚠️ Excel 시트 없음: 딸기
2025-11-11 14:51:09,734 [INFO] ⚠️ 경고: ['INFO_72H', 'NO_PESTICIDES']
2025-11-11 14:51:09,734 [INFO] 🔧 답변 조립 시작: 유형 14
2025-11-11 14:51:09,735 [INFO] ✅ 답변 조립 완료
2025-11-11 14:56:09,649 [INFO] 🔐 로그인 시도 | 원본: 01044444444 | 정규화: 1044444444 | 비번길이: 8
2025-11-11 14:56:09,649 [INFO] ✅ DB 조회 성공 | 이름: 춘양이 | DB비번: 11111111
2025-11-11 14:56:09,651 [INFO] ✅ 로그인 성공: 춘양이
2025-11-11 14:56:11,895 [INFO] 🔍 save_farm_info 호출: phone=1044444444, name=''
2025-11-11 14:56:11,895 [INFO] 📝 기존 계정 업데이트
2025-11-11 14:56:11,897 [INFO] ✅ 업데이트 필드: crop, farm_area, region, cultivation_type, updated_at
2025-11-11 14:56:11,901 [INFO] ✅ 최종 DB 상태: phone=1044444444, name='춘양이', crop=딸기
2025-11-11 14:56:38,813 [INFO] 📞 1044444444 | 방제후 효과가 없어
2025-11-11 14:56:38,820 [INFO] 📊 유형: 15
2025-11-11 14:56:38,820 [INFO] 📦 컨텍스트 수집 시작: 유형 15
2025-11-11 14:56:38,821 [INFO] 🔍 DEBUG: get_farm_info 반환값 전체 = {'phone': '1044444444', 'name': '춘양이', 'crop': '딸기', 'farm_area': '1000', 'region': '논산', 'cultivation_type': '온실수경', 'planting_date': '', 'address': '음성', 'password': '11111111'}
2025-11-11 14:56:38,821 [INFO] ✅ 농가정보: 춘양이
2025-11-11 14:56:38,822 [INFO] 🔍 DEBUG: name 필드 = '춘양이'
2025-11-11 14:56:38,825 [INFO] 📌 DB에서 작물명: 딸기
2025-11-11 14:56:38,826 [INFO] 📋 방제이력: 2개 (30일)
2025-11-11 14:56:38,826 [INFO] 🐛 방제이력에서 병해충: 응애
2025-11-11 14:56:38,828 [ERROR] ❌ 엑셀 오류: Missing optional dependency 'openpyxl'.  Use pip or conda to install openpyxl.
2025-11-11 14:56:38,834 [WARNING] ⚠️ Excel 시트 없음: 딸기
2025-11-11 14:56:38,834 [INFO] ⚠️ 경고: ['INFO_72H', 'NO_PESTICIDES']
2025-11-11 14:56:38,835 [INFO] 🔧 답변 조립 시작: 유형 15
2025-11-11 14:56:38,836 [INFO] ✅ 답변 조립 완료
2025-11-11 14:57:02,679 [INFO] 📞 1044444444 | 흰가루가 보여
2025-11-11 14:57:02,680 [INFO] 📊 유형: 14
2025-11-11 14:57:02,681 [INFO] 📦 컨텍스트 수집 시작: 유형 14
2025-11-11 14:57:02,682 [INFO] 🔍 DEBUG: get_farm_info 반환값 전체 = {'phone': '1044444444', 'name': '춘양이', 'crop': '딸기', 'farm_area': '1000', 'region': '논산', 'cultivation_type': '온실수경', 'planting_date': '', 'address': '음성', 'password': '11111111'}
2025-11-11 14:57:02,682 [INFO] ✅ 농가정보: 춘양이
2025-11-11 14:57:02,683 [INFO] 🔍 DEBUG: name 필드 = '춘양이'
2025-11-11 14:57:02,686 [INFO] 📌 DB에서 작물명: 딸기
2025-11-11 14:57:02,686 [INFO] 🐛 병해충명: 흰가루류
2025-11-11 14:57:02,688 [INFO] 📋 방제이력: 2개 (30일)
2025-11-11 14:57:02,690 [ERROR] ❌ 엑셀 오류: Missing optional dependency 'openpyxl'.  Use pip or conda to install openpyxl.
2025-11-11 14:57:02,691 [WARNING] ⚠️ Excel 시트 없음: 딸기
2025-11-11 14:57:02,691 [INFO] ⚠️ 경고: ['INFO_72H', 'NO_PESTICIDES']
2025-11-11 14:57:02,691 [INFO] 🔧 답변 조립 시작: 유형 14
2025-11-11 14:57:02,692 [INFO] ✅ 답변 조립 완료
2025-11-11 14:57:17,874 [INFO] 📞 1044444444 | 방제후 응애가 안죽어
2025-11-11 14:57:17,876 [INFO] 📊 유형: 15
2025-11-11 14:57:17,876 [INFO] 📦 컨텍스트 수집 시작: 유형 15
2025-11-11 14:57:17,877 [INFO] 🔍 DEBUG: get_farm_info 반환값 전체 = {'phone': '1044444444', 'name': '춘양이', 'crop': '딸기', 'farm_area': '1000', 'region': '논산', 'cultivation_type': '온실수경', 'planting_date': '', 'address': '음성', 'password': '11111111'}
2025-11-11 14:57:17,878 [INFO] ✅ 농가정보: 춘양이
2025-11-11 14:57:17,878 [INFO] 🔍 DEBUG: name 필드 = '춘양이'
2025-11-11 14:57:17,881 [INFO] 📌 DB에서 작물명: 딸기
2025-11-11 14:57:17,881 [INFO] 🐛 병해충명: 응애류
2025-11-11 14:57:17,882 [INFO] 📋 방제이력: 2개 (30일)
2025-11-11 14:57:17,884 [ERROR] ❌ 엑셀 오류: Missing optional dependency 'openpyxl'.  Use pip or conda to install openpyxl.
2025-11-11 14:57:17,885 [WARNING] ⚠️ Excel 시트 없음: 딸기
2025-11-11 14:57:17,885 [INFO] ⚠️ 경고: ['INFO_72H', 'NO_PESTICIDES']
2025-11-11 14:57:17,885 [INFO] 🔧 답변 조립 시작: 유형 15
2025-11-11 14:57:17,886 [INFO] ✅ 답변 조립 완료
2025-11-11 14:58:13,591 [INFO] 📞 1044444444 | 방제후 응애가 안죽어
2025-11-11 14:58:13,592 [INFO] 📊 유형: 15
2025-11-11 14:58:13,593 [INFO] 📦 컨텍스트 수집 시작: 유형 15
2025-11-11 14:58:13,594 [INFO] 🔍 DEBUG: get_farm_info 반환값 전체 = {'phone': '1044444444', 'name': '춘양이', 'crop': '딸기', 'farm_area': '1000', 'region': '논산', 'cultivation_type': '온실수경', 'planting_date': '', 'address': '음성', 'password': '11111111'}
2025-11-11 14:58:13,594 [INFO] ✅ 농가정보: 춘양이
2025-11-11 14:58:13,594 [INFO] 🔍 DEBUG: name 필드 = '춘양이'
2025-11-11 14:58:13,598 [INFO] 📌 DB에서 작물명: 딸기
2025-11-11 14:58:13,598 [INFO] 🐛 병해충명: 응애류
2025-11-11 14:58:13,599 [INFO] 📋 방제이력: 1개 (30일)
2025-11-11 14:58:13,601 [ERROR] ❌ 엑셀 오류: Missing optional dependency 'openpyxl'.  Use pip or conda to install openpyxl.
2025-11-11 14:58:13,602 [WARNING] ⚠️ Excel 시트 없음: 딸기
2025-11-11 14:58:13,602 [INFO] ⚠️ 경고: ['NO_PESTICIDES']
2025-11-11 14:58:13,603 [INFO] 🔧 답변 조립 시작: 유형 15
2025-11-11 14:58:13,603 [INFO] ✅ 답변 조립 완료
2025-11-11 15:00:28,126 [INFO] ✅ DB 초기화 완료
2025-11-11 15:00:34,998 [INFO] ✅ AI 연결 성공
2025-11-11 15:00:40,492 [INFO] 📞 1044444444 | 방제후 응애가 안죽어
2025-11-11 15:00:40,514 [INFO] 📊 유형: 15
2025-11-11 15:00:40,514 [INFO] 📦 컨텍스트 수집 시작: 유형 15
2025-11-11 15:00:40,515 [INFO] 🔍 DEBUG: get_farm_info 반환값 전체 = {'phone': '1044444444', 'name': '춘양이', 'crop': '딸기', 'farm_area': '1000', 'region': '논산', 'cultivation_type': '온실수경', 'planting_date': '', 'address': '음성', 'password': '11111111'}
2025-11-11 15:00:40,515 [INFO] ✅ 농가정보: 춘양이
2025-11-11 15:00:40,516 [INFO] 🔍 DEBUG: name 필드 = '춘양이'
2025-11-11 15:00:41,157 [INFO] 📌 DB에서 작물명: 딸기
2025-11-11 15:00:41,158 [INFO] 🐛 병해충명: 응애류
2025-11-11 15:00:41,160 [INFO] 📋 방제이력: 1개 (30일)
2025-11-11 15:00:41,981 [INFO] ✅ [딸기] 시트 로드: 890개
2025-11-11 15:00:41,982 [INFO] 🔍 검색 키워드: ['점박이응애', '응애', '차응애', '뿌리응애', '겨울배추검정응애', '차먼지응애', '사과응애', '응애류', '마늘혹응애', '흑응애', '오이긴털가루응애', '버섯응애류', '간자와응애', '전나무잎응애', '귤응애', '토마토녹응애', '녹응애']
2025-11-11 15:00:42,028 [INFO] 📊 초기 검색: 89개
2025-11-11 15:00:42,034 [INFO] ⛔ 제외 성분: {'사이플루메토펜'}
2025-11-11 15:00:42,036 [INFO] ⛔ 3회 제외: 89개 → 86개
2025-11-11 15:00:42,036 [INFO] ⭐ 우선약제: 2개, 일반: 84개 (등록일순)
2025-11-11 15:00:42,037 [INFO] 🔄 성분 중복 제거: 86개 → 18개
2025-11-11 15:00:42,037 [INFO] ✅ 최종 결과: 18개
2025-11-11 15:00:42,038 [INFO] 💊 약제 검색: 18개
2025-11-11 15:00:42,040 [INFO] 🔧 답변 조립 시작: 유형 15
2025-11-11 15:00:42,040 [INFO] 📊 세분화: 유형 17 (경과 87.01143355166667시간)
2025-11-11 15:00:42,040 [INFO] 🤖 AI 호출: 응애류 설명
2025-11-11 15:00:46,069 [INFO] ✅ AI 응답: 182자
2025-11-11 15:00:46,071 [INFO] 🔍 판단: 87.01143355166667시간, 응애류, 25°C, 중등
2025-11-11 15:00:46,071 [INFO] ✅ 답변 조립 완료
2025-11-13 12:08:06,054 [INFO] ✅ DB 초기화 완료
2025-11-13 12:08:18,575 [INFO] ✅ AI 연결 성공
2025-11-13 12:09:16,980 [INFO] ✅ AI 연결 성공
2025-11-13 12:45:50,313 [INFO] ✅ DB 초기화 완료
2025-11-13 12:45:57,359 [INFO] ✅ AI 연결 성공
2025-11-13 12:52:28,875 [INFO] ✅ DB 초기화 완료
2025-11-13 12:55:08,088 [INFO] ✅ DB 초기화 완료
2025-11-13 12:55:14,938 [INFO] ✅ AI 연결 성공
2025-11-13 12:57:22,462 [INFO] ✅ DB 초기화 완료
2025-11-13 12:57:29,318 [INFO] ✅ AI 연결 성공
2025-11-14 12:21:41,904 [INFO] ✅ DB 초기화 완료
2025-11-14 12:21:48,913 [INFO] ✅ AI 연결 성공
2025-11-14 13:08:01,492 [INFO] ✅ DB 초기화 완료
2025-11-14 13:08:08,675 [INFO] ✅ AI 연결 성공
2025-11-14 13:11:54,762 [INFO] 🔐 로그인 시도 | 원본: 01044444444 | 정규화: 1044444444 | 비번길이: 8
2025-11-14 13:11:54,764 [INFO] ✅ DB 조회 성공 | 이름: 춘양이 | DB비번: 11111111
2025-11-14 13:11:54,764 [INFO] ✅ 로그인 성공: 춘양이
2025-11-14 13:12:00,605 [INFO] 🔍 save_farm_info 호출: phone=1044444444, name=''
2025-11-14 13:12:00,606 [INFO] 📝 기존 계정 업데이트
2025-11-14 13:12:00,609 [INFO] ✅ 업데이트 필드: crop, farm_area, region, cultivation_type, updated_at
2025-11-14 13:12:00,612 [INFO] ✅ 최종 DB 상태: phone=1044444444, name='춘양이', crop=딸기
2025-11-16 10:42:01,600 [INFO] ✅ DB 초기화 완료
2025-11-16 10:42:04,656 [INFO] ✅ AI 연결 성공
2025-11-16 10:47:50,109 [INFO] 🔍 save_farm_info 호출: phone=1012341234, name='하영'
2025-11-16 10:47:50,110 [INFO] ✨ 신규 회원 가입
2025-11-16 10:47:50,112 [INFO] ✅ 최종 DB 상태: phone=1012341234, name='하영', crop=
2025-11-16 10:47:53,161 [INFO] 🔐 로그인 시도 | 원본: 01012341234 | 정규화: 1012341234 | 비번길이: 8
2025-11-16 10:47:53,163 [INFO] ✅ DB 조회 성공 | 이름: 하영 | DB비번: 12341234
2025-11-16 10:47:53,163 [INFO] ✅ 로그인 성공: 하영
2025-11-16 10:49:41,481 [INFO] 🔍 save_farm_info 호출: phone=1012341234, name=''
2025-11-16 10:49:41,482 [INFO] 📝 기존 계정 업데이트
2025-11-16 10:49:41,483 [INFO] ✅ 업데이트 필드: crop, farm_area, cultivation_type, updated_at
2025-11-16 10:49:41,484 [INFO] ✅ 최종 DB 상태: phone=1012341234, name='하영', crop=감귤
2025-11-16 10:49:48,630 [INFO] 📞 1012341234 | 감귤 잎이 시들시들해
2025-11-16 10:49:48,667 [INFO] 📊 유형: 9
2025-11-16 10:49:48,667 [INFO] 📦 컨텍스트 수집 시작: 유형 9
2025-11-16 10:49:48,668 [INFO] 🔍 DEBUG: get_farm_info 반환값 전체 = {'phone': '1012341234', 'name': '하영', 'crop': '감귤', 'farm_area': '1000', 'region': '', 'cultivation_type': '노지', 'planting_date': '', 'address': '음성', 'password': '12341234'}
2025-11-16 10:49:48,668 [INFO] ✅ 농가정보: 하영
2025-11-16 10:49:48,668 [INFO] 🔍 DEBUG: name 필드 = '하영'
2025-11-16 10:49:49,896 [INFO] 📋 방제이력: 0개 (7일)
2025-11-16 10:49:49,896 [INFO] 🔧 답변 조립 시작: 유형 9
2025-11-16 10:49:49,896 [INFO] 🤖 AI 진단 호출
2025-11-16 10:49:56,183 [INFO] ✅ AI 진단: 452자
2025-11-16 10:49:56,186 [INFO] ✅ 답변 조립 완료
2025-11-16 11:33:49,330 [INFO] 📞 1012341234 | 총채벌레가 생겼는데, 효과 좋은 농약 5가지만 추천해 주세요.
2025-11-16 11:33:49,332 [INFO] 📊 유형: 14
2025-11-16 11:33:49,332 [INFO] 📦 컨텍스트 수집 시작: 유형 14
2025-11-16 11:33:49,332 [INFO] 🔍 DEBUG: get_farm_info 반환값 전체 = {'phone': '1012341234', 'name': '하영', 'crop': '감귤', 'farm_area': '1000', 'region': '', 'cultivation_type': '노지', 'planting_date': '', 'address': '음성', 'password': '12341234'}
2025-11-16 11:33:49,333 [INFO] ✅ 농가정보: 하영
2025-11-16 11:33:49,333 [INFO] 🔍 DEBUG: name 필드 = '하영'
2025-11-16 11:33:49,643 [INFO] 🐛 병해충명: 총채벌레류
2025-11-16 11:33:49,643 [INFO] 📋 방제이력: 0개 (30일)
2025-11-16 11:33:50,591 [INFO] ✅ [가지] 시트 로드: 1782개
2025-11-16 11:33:50,591 [INFO] 🔍 검색 키워드: ['꽃노랑총채벌레', '총채벌레', '대만총채벌레', '블록총채벌래', '총체벌레류', '오이총채벌레', '난총채벌레', '파총채벌레', '좀머리총채벌레', '미나리총채벌레', '무궁화어리총채벌레', '뽕나무총채벌레', '감관총채벌레', '총채']
2025-11-16 11:33:50,654 [INFO] 📊 초기 검색: 278개
2025-11-16 11:33:50,655 [INFO] ⭐ 우선약제: 0개, 일반: 278개 (등록일순)
2025-11-16 11:33:50,657 [INFO] 🔄 성분 중복 제거: 278개 → 10개
2025-11-16 11:33:50,658 [INFO] ✅ 최종 결과: 10개
2025-11-16 11:33:50,658 [INFO] 💊 약제 검색: 10개
2025-11-16 11:33:50,658 [INFO] 🔧 답변 조립 시작: 유형 14
2025-11-16 11:33:50,658 [INFO] 🤖 AI 호출: 총채벌레류 설명
2025-11-16 11:33:54,678 [INFO] ✅ AI 응답: 156자
2025-11-16 11:33:54,682 [INFO] ✅ 답변 조립 완료
2025-11-16 11:35:42,660 [INFO] 🔍 save_farm_info 호출: phone=1012341234, name=''
2025-11-16 11:35:42,661 [INFO] 📝 기존 계정 업데이트
2025-11-16 11:35:42,662 [INFO] ✅ 업데이트 필드: crop, farm_area, cultivation_type, updated_at
2025-11-16 11:35:42,663 [INFO] ✅ 최종 DB 상태: phone=1012341234, name='하영', crop=감귤
2025-11-16 11:35:50,308 [INFO] 🔍 save_farm_info 호출: phone=1012341234, name=''
2025-11-16 11:35:50,309 [INFO] 📝 기존 계정 업데이트
2025-11-16 11:35:50,310 [INFO] ✅ 업데이트 필드: crop, farm_area, cultivation_type, updated_at
2025-11-16 11:35:50,311 [INFO] ✅ 최종 DB 상태: phone=1012341234, name='하영', crop=감귤
2025-11-16 11:35:51,956 [INFO] 📞 1012341234 | 총채벌레가 생겼는데, 효과 좋은 농약 5가지만 추천해 주세요.
2025-11-16 11:35:51,958 [INFO] 📊 유형: 14
2025-11-16 11:35:51,958 [INFO] 📦 컨텍스트 수집 시작: 유형 14
2025-11-16 11:35:51,959 [INFO] 🔍 DEBUG: get_farm_info 반환값 전체 = {'phone': '1012341234', 'name': '하영', 'crop': '감귤', 'farm_area': '1000', 'region': '', 'cultivation_type': '노지', 'planting_date': '', 'address': '음성', 'password': '12341234'}
2025-11-16 11:35:51,959 [INFO] ✅ 농가정보: 하영
2025-11-16 11:35:51,959 [INFO] 🔍 DEBUG: name 필드 = '하영'
2025-11-16 11:35:52,275 [INFO] 🐛 병해충명: 총채벌레류
2025-11-16 11:35:52,276 [INFO] 📋 방제이력: 0개 (30일)
2025-11-16 11:35:53,219 [INFO] ✅ [가지] 시트 로드: 1782개
2025-11-16 11:35:53,220 [INFO] 🔍 검색 키워드: ['꽃노랑총채벌레', '총채벌레', '대만총채벌레', '블록총채벌래', '총체벌레류', '오이총채벌레', '난총채벌레', '파총채벌레', '좀머리총채벌레', '미나리총채벌레', '무궁화어리총채벌레', '뽕나무총채벌레', '감관총채벌레', '총채']
2025-11-16 11:35:53,280 [INFO] 📊 초기 검색: 278개
2025-11-16 11:35:53,280 [INFO] ⭐ 우선약제: 0개, 일반: 278개 (등록일순)
2025-11-16 11:35:53,281 [INFO] 🔄 성분 중복 제거: 278개 → 10개
2025-11-16 11:35:53,281 [INFO] ✅ 최종 결과: 10개
2025-11-16 11:35:53,281 [INFO] 💊 약제 검색: 10개
2025-11-16 11:35:53,281 [INFO] 🔧 답변 조립 시작: 유형 14
2025-11-16 11:35:53,281 [INFO] 🤖 AI 호출: 총채벌레류 설명
2025-11-16 11:35:57,252 [INFO] ✅ AI 응답: 159자
2025-11-16 11:35:57,255 [INFO] ✅ 답변 조립 완료
2025-11-16 11:37:05,412 [INFO] 📞 1012341234 | 잎이 전체적으로 노랗게 변하는데, 벌레는 아무리 봐도 없어요. 이거 무슨 병인가요?
2025-11-16 11:37:05,416 [INFO] 📊 유형: 14
2025-11-16 11:37:05,417 [INFO] 📦 컨텍스트 수집 시작: 유형 14
2025-11-16 11:37:05,418 [INFO] 🔍 DEBUG: get_farm_info 반환값 전체 = {'phone': '1012341234', 'name': '하영', 'crop': '감귤', 'farm_area': '1000', 'region': '', 'cultivation_type': '노지', 'planting_date': '', 'address': '음성', 'password': '12341234'}
2025-11-16 11:37:05,418 [INFO] ✅ 농가정보: 하영
2025-11-16 11:37:05,418 [INFO] 🔍 DEBUG: name 필드 = '하영'
2025-11-16 11:37:05,739 [INFO] 🐛 병해충명: 무슨병
2025-11-16 11:37:05,739 [INFO] 📋 방제이력: 0개 (30일)
2025-11-16 11:37:06,623 [INFO] ✅ [무] 시트 로드: 1531개
2025-11-16 11:37:06,623 [INFO] 🔍 검색 키워드: ['무슨병', '무슨']
2025-11-16 11:37:06,664 [INFO] 📊 초기 검색: 0개
2025-11-16 11:37:06,664 [INFO] 💊 약제 검색: 0개
2025-11-16 11:37:06,664 [INFO] ⚠️ 경고: ['NO_PESTICIDES']
2025-11-16 11:37:06,664 [INFO] 🔧 답변 조립 시작: 유형 14
2025-11-16 11:37:06,665 [INFO] ✅ 답변 조립 완료
2025-11-16 11:38:03,943 [INFO] 🔍 save_farm_info 호출: phone=1012341234, name=''
2025-11-16 11:38:03,944 [INFO] 📝 기존 계정 업데이트
2025-11-16 11:38:03,944 [INFO] ✅ 업데이트 필드: crop, farm_area, cultivation_type, updated_at
2025-11-16 11:38:03,945 [INFO] ✅ 최종 DB 상태: phone=1012341234, name='하영', crop=감귤
2025-11-16 11:38:05,424 [INFO] 🔍 save_farm_info 호출: phone=1012341234, name=''
2025-11-16 11:38:05,424 [INFO] 📝 기존 계정 업데이트
2025-11-16 11:38:05,425 [INFO] ✅ 업데이트 필드: crop, farm_area, cultivation_type, updated_at
2025-11-16 11:38:05,427 [INFO] ✅ 최종 DB 상태: phone=1012341234, name='하영', crop=감귤
2025-11-16 11:38:09,128 [INFO] 📞 1012341234 | 잎이 전체적으로 노랗게 변하는데, 벌레는 아무리 봐도 없어요. 이거 무슨 병인가요?
2025-11-16 11:38:09,132 [INFO] 📊 유형: 14
2025-11-16 11:38:09,132 [INFO] 📦 컨텍스트 수집 시작: 유형 14
2025-11-16 11:38:09,133 [INFO] 🔍 DEBUG: get_farm_info 반환값 전체 = {'phone': '1012341234', 'name': '하영', 'crop': '감귤', 'farm_area': '1000', 'region': '', 'cultivation_type': '노지', 'planting_date': '', 'address': '음성', 'password': '12341234'}
2025-11-16 11:38:09,133 [INFO] ✅ 농가정보: 하영
2025-11-16 11:38:09,133 [INFO] 🔍 DEBUG: name 필드 = '하영'
2025-11-16 11:38:09,447 [INFO] 🐛 병해충명: 무슨병
2025-11-16 11:38:09,448 [INFO] 📋 방제이력: 0개 (30일)
2025-11-16 11:38:10,329 [INFO] ✅ [무] 시트 로드: 1531개
2025-11-16 11:38:10,329 [INFO] 🔍 검색 키워드: ['무슨병', '무슨']
2025-11-16 11:38:10,371 [INFO] 📊 초기 검색: 0개
2025-11-16 11:38:10,371 [INFO] 💊 약제 검색: 0개
2025-11-16 11:38:10,371 [INFO] ⚠️ 경고: ['NO_PESTICIDES']
2025-11-16 11:38:10,371 [INFO] 🔧 답변 조립 시작: 유형 14
2025-11-16 11:38:10,371 [INFO] ✅ 답변 조립 완료
2025-11-16 11:38:29,904 [INFO] 📞 1012341234 | 총채벌레 약(A)이랑 흰가루병 약(B)이랑 그냥 한 번에 섞어 쳐도 되나요?
2025-11-16 11:38:29,906 [INFO] 📊 유형: 2
2025-11-16 11:38:29,906 [INFO] 📦 컨텍스트 수집 시작: 유형 2
2025-11-16 11:38:29,907 [INFO] 🔍 DEBUG: get_farm_info 반환값 전체 = {'phone': '1012341234', 'name': '하영', 'crop': '감귤', 'farm_area': '1000', 'region': '', 'cultivation_type': '노지', 'planting_date': '', 'address': '음성', 'password': '12341234'}
2025-11-16 11:38:29,907 [INFO] ✅ 농가정보: 하영
2025-11-16 11:38:29,908 [INFO] 🔍 DEBUG: name 필드 = '하영'
2025-11-16 11:38:30,235 [INFO] 📌 DB에서 작물명: 감귤
2025-11-16 11:38:30,235 [INFO] 🐛 병해충명: 흰가루류
2025-11-16 11:38:30,236 [INFO] 📋 방제이력: 0개 (7일)
2025-11-16 11:38:30,236 [INFO] 🔧 답변 조립 시작: 유형 2
2025-11-16 11:38:30,236 [INFO] ✅ 답변 조립 완료
2025-11-16 11:38:50,260 [INFO] 📞 1012341234 | 잎에 별 모양으로 하얀 가루가 묻어있어요. 무슨 약을 쳐야 하죠?
2025-11-16 11:38:50,261 [INFO] 📊 유형: 13
2025-11-16 11:38:50,261 [INFO] 📦 컨텍스트 수집 시작: 유형 13
2025-11-16 11:38:50,262 [INFO] 🔍 DEBUG: get_farm_info 반환값 전체 = {'phone': '1012341234', 'name': '하영', 'crop': '감귤', 'farm_area': '1000', 'region': '', 'cultivation_type': '노지', 'planting_date': '', 'address': '음성', 'password': '12341234'}
2025-11-16 11:38:50,262 [INFO] ✅ 농가정보: 하영
2025-11-16 11:38:50,262 [INFO] 🔍 DEBUG: name 필드 = '하영'
2025-11-16 11:38:50,584 [INFO] 📋 방제이력: 0개 (7일)
2025-11-16 11:38:50,584 [INFO] 🔧 답변 조립 시작: 유형 13
2025-11-16 11:38:50,584 [INFO] 🤖 AI 진단 호출
2025-11-16 11:38:56,764 [INFO] ✅ AI 진단: 415자
2025-11-16 11:38:56,766 [INFO] ✅ 답변 조립 완료
2025-11-16 11:40:47,602 [INFO] 🔍 save_farm_info 호출: phone=1012341234, name=''
2025-11-16 11:40:47,603 [INFO] 📝 기존 계정 업데이트
2025-11-16 11:40:47,604 [INFO] ✅ 업데이트 필드: crop, farm_area, cultivation_type, updated_at
2025-11-16 11:40:47,606 [INFO] ✅ 최종 DB 상태: phone=1012341234, name='하영', crop=딸기
2025-11-16 11:40:50,311 [INFO] 📞 1012341234 | 잎에 별 모양으로 하얀 가루가 묻어있어요. 무슨 약을 쳐야 하죠?
2025-11-16 11:40:50,313 [INFO] 📊 유형: 13
2025-11-16 11:40:50,313 [INFO] 📦 컨텍스트 수집 시작: 유형 13
2025-11-16 11:40:50,314 [INFO] 🔍 DEBUG: get_farm_info 반환값 전체 = {'phone': '1012341234', 'name': '하영', 'crop': '딸기', 'farm_area': '1000', 'region': '', 'cultivation_type': '노지', 'planting_date': '', 'address': '음성', 'password': '12341234'}
2025-11-16 11:40:50,314 [INFO] ✅ 농가정보: 하영
2025-11-16 11:40:50,314 [INFO] 🔍 DEBUG: name 필드 = '하영'
2025-11-16 11:40:50,600 [INFO] 📋 방제이력: 0개 (7일)
2025-11-16 11:40:50,600 [INFO] 🔧 답변 조립 시작: 유형 13
2025-11-16 11:40:50,600 [INFO] 🤖 AI 진단 호출
2025-11-16 11:40:56,813 [INFO] ✅ AI 진단: 454자
2025-11-16 11:40:56,815 [INFO] ✅ 답변 조립 완료
2025-11-16 11:41:12,423 [INFO] 📞 1012341234 | 잎에  하얀 가루가 묻어있어요. 무슨 약을 쳐야 하죠?
2025-11-16 11:41:12,425 [INFO] 📊 유형: 13
2025-11-16 11:41:12,425 [INFO] 📦 컨텍스트 수집 시작: 유형 13
2025-11-16 11:41:12,426 [INFO] 🔍 DEBUG: get_farm_info 반환값 전체 = {'phone': '1012341234', 'name': '하영', 'crop': '딸기', 'farm_area': '1000', 'region': '', 'cultivation_type': '노지', 'planting_date': '', 'address': '음성', 'password': '12341234'}
2025-11-16 11:41:12,426 [INFO] ✅ 농가정보: 하영
2025-11-16 11:41:12,426 [INFO] 🔍 DEBUG: name 필드 = '하영'
2025-11-16 11:41:12,733 [INFO] 📋 방제이력: 0개 (7일)
2025-11-16 11:41:12,733 [INFO] 🔧 답변 조립 시작: 유형 13
2025-11-16 11:41:12,734 [INFO] 🤖 AI 진단 호출
2025-11-16 11:41:18,788 [INFO] ✅ AI 진단: 402자
2025-11-16 11:41:18,791 [INFO] ✅ 답변 조립 완료
2025-11-16 11:44:28,650 [INFO] 🔍 save_farm_info 호출: phone=1012341234, name=''
2025-11-16 11:44:28,652 [INFO] 📝 기존 계정 업데이트
2025-11-16 11:44:28,653 [INFO] ✅ 업데이트 필드: crop, farm_area, cultivation_type, updated_at
2025-11-16 11:44:28,654 [INFO] ✅ 최종 DB 상태: phone=1012341234, name='하영', crop=딸기
2025-11-16 11:44:41,600 [INFO] 📞 1012341234 | 하얀 가루가 묻어있어요. 무슨 약을 쳐야 하죠?"
2025-11-16 11:44:41,603 [INFO] 📊 유형: 13
2025-11-16 11:44:41,603 [INFO] 📦 컨텍스트 수집 시작: 유형 13
2025-11-16 11:44:41,605 [INFO] 🔍 DEBUG: get_farm_info 반환값 전체 = {'phone': '1012341234', 'name': '하영', 'crop': '딸기', 'farm_area': '1000', 'region': '', 'cultivation_type': '노지', 'planting_date': '', 'address': '음성', 'password': '12341234'}
2025-11-16 11:44:41,605 [INFO] ✅ 농가정보: 하영
2025-11-16 11:44:41,605 [INFO] 🔍 DEBUG: name 필드 = '하영'
2025-11-16 11:44:41,933 [INFO] 📋 방제이력: 0개 (7일)
2025-11-16 11:44:41,933 [INFO] 🔧 답변 조립 시작: 유형 13
2025-11-16 11:44:41,933 [INFO] 🤖 AI 진단 호출
2025-11-16 11:44:48,380 [INFO] ✅ AI 진단: 458자
2025-11-16 11:44:48,383 [INFO] ✅ 답변 조립 완료
2025-11-16 12:45:56,999 [INFO] 🔍 save_farm_info 호출: phone=1012341234, name=''
2025-11-16 12:45:57,000 [INFO] 📝 기존 계정 업데이트
2025-11-16 12:45:57,001 [INFO] ✅ 업데이트 필드: crop, farm_area, cultivation_type, updated_at
2025-11-16 12:45:57,002 [INFO] ✅ 최종 DB 상태: phone=1012341234, name='하영', crop=딸기
2025-11-16 12:46:10,803 [INFO] 📞 1012341234 | 총채벌레 방제법
2025-11-16 12:46:10,806 [INFO] 📊 유형: 14
2025-11-16 12:46:10,806 [INFO] 📦 컨텍스트 수집 시작: 유형 14
2025-11-16 12:46:10,807 [INFO] 🔍 DEBUG: get_farm_info 반환값 전체 = {'phone': '1012341234', 'name': '하영', 'crop': '딸기', 'farm_area': '1000', 'region': '', 'cultivation_type': '노지', 'planting_date': '', 'address': '음성', 'password': '12341234'}
2025-11-16 12:46:10,807 [INFO] ✅ 농가정보: 하영
2025-11-16 12:46:10,807 [INFO] 🔍 DEBUG: name 필드 = '하영'
2025-11-16 12:46:11,122 [INFO] 📌 DB에서 작물명: 딸기
2025-11-16 12:46:11,123 [INFO] 🐛 병해충명: 총채벌레류
2025-11-16 12:46:11,123 [INFO] 📋 방제이력: 0개 (30일)
2025-11-16 12:46:11,863 [INFO] ✅ [딸기] 시트 로드: 890개
2025-11-16 12:46:11,863 [INFO] 🔍 검색 키워드: ['꽃노랑총채벌레', '총채벌레', '대만총채벌레', '블록총채벌래', '총체벌레류', '오이총채벌레', '난총채벌레', '파총채벌레', '좀머리총채벌레', '미나리총채벌레', '무궁화어리총채벌레', '뽕나무총채벌레', '감관총채벌레', '총채']
2025-11-16 12:46:11,893 [INFO] 📊 초기 검색: 41개
2025-11-16 12:46:11,893 [INFO] ⭐ 우선약제: 0개, 일반: 41개 (등록일순)
2025-11-16 12:46:11,893 [INFO] 🔄 성분 중복 제거: 41개 → 10개
2025-11-16 12:46:11,893 [INFO] ✅ 최종 결과: 10개
2025-11-16 12:46:11,894 [INFO] 💊 약제 검색: 10개
2025-11-16 12:46:11,894 [INFO] 🔧 답변 조립 시작: 유형 14
2025-11-16 12:46:11,894 [INFO] 🤖 AI 호출: 총채벌레류 설명
2025-11-16 12:46:15,830 [INFO] ✅ AI 응답: 158자
2025-11-16 12:46:15,834 [INFO] ✅ 답변 조립 완료
2025-11-16 14:44:27,035 [INFO] 🔍 save_farm_info 호출: phone=1012341234, name=''
2025-11-16 14:44:27,036 [INFO] 📝 기존 계정 업데이트
2025-11-16 14:44:27,037 [INFO] ✅ 업데이트 필드: crop, farm_area, cultivation_type, updated_at
2025-11-16 14:44:27,038 [INFO] ✅ 최종 DB 상태: phone=1012341234, name='하영', crop=감귤
2025-11-16 14:44:28,896 [INFO] 📞 1012341234 | 총채벌레가 생겼는데, 효과 좋은 농약 추천해 주세요.
2025-11-16 14:44:28,898 [INFO] 📊 유형: 14
2025-11-16 14:44:28,898 [INFO] 📦 컨텍스트 수집 시작: 유형 14
2025-11-16 14:44:28,899 [INFO] 🔍 DEBUG: get_farm_info 반환값 전체 = {'phone': '1012341234', 'name': '하영', 'crop': '감귤', 'farm_area': '1000', 'region': '', 'cultivation_type': '노지', 'planting_date': '', 'address': '음성', 'password': '12341234'}
2025-11-16 14:44:28,899 [INFO] ✅ 농가정보: 하영
2025-11-16 14:44:28,899 [INFO] 🔍 DEBUG: name 필드 = '하영'
2025-11-16 14:44:29,208 [INFO] 📌 DB에서 작물명: 감귤
2025-11-16 14:44:29,208 [INFO] 🐛 병해충명: 총채벌레류
2025-11-16 14:44:29,208 [INFO] 📋 방제이력: 0개 (30일)
2025-11-16 14:44:30,124 [INFO] ✅ [감귤] 시트 로드: 1766개
2025-11-16 14:44:30,124 [INFO] 🔍 검색 키워드: ['꽃노랑총채벌레', '총채벌레', '대만총채벌레', '블록총채벌래', '총체벌레류', '오이총채벌레', '난총채벌레', '파총채벌레', '좀머리총채벌레', '미나리총채벌레', '무궁화어리총채벌레', '뽕나무총채벌레', '감관총채벌레', '총채']
2025-11-16 14:44:30,179 [INFO] 📊 초기 검색: 145개
2025-11-16 14:44:30,180 [INFO] ⭐ 우선약제: 0개, 일반: 145개 (등록일순)
2025-11-16 14:44:30,180 [INFO] 🔄 성분 중복 제거: 145개 → 21개
2025-11-16 14:44:30,180 [INFO] ✅ 최종 결과: 21개
2025-11-16 14:44:30,180 [INFO] 💊 약제 검색: 21개
2025-11-16 14:44:30,180 [INFO] 🔧 답변 조립 시작: 유형 14
2025-11-16 14:44:30,180 [INFO] 🤖 AI 호출: 총채벌레류 설명
2025-11-16 14:44:34,092 [INFO] ✅ AI 응답: 169자
2025-11-16 14:44:34,095 [INFO] ✅ 답변 조립 완료
2025-11-16 14:45:23,383 [INFO] 📞 1012341234 | 잎에 하얀 가루가 묻어있어요. 무슨 약을 쳐야 하죠?
2025-11-16 14:45:23,385 [INFO] 📊 유형: 13
2025-11-16 14:45:23,385 [INFO] 📦 컨텍스트 수집 시작: 유형 13
2025-11-16 14:45:23,386 [INFO] 🔍 DEBUG: get_farm_info 반환값 전체 = {'phone': '1012341234', 'name': '하영', 'crop': '감귤', 'farm_area': '1000', 'region': '', 'cultivation_type': '노지', 'planting_date': '', 'address': '음성', 'password': '12341234'}
2025-11-16 14:45:23,387 [INFO] ✅ 농가정보: 하영
2025-11-16 14:45:23,387 [INFO] 🔍 DEBUG: name 필드 = '하영'
2025-11-16 14:45:23,688 [INFO] 📋 방제이력: 0개 (7일)
2025-11-16 14:45:23,688 [INFO] 🔧 답변 조립 시작: 유형 13
2025-11-16 14:45:23,688 [INFO] 🤖 AI 진단 호출
2025-11-16 14:45:29,370 [INFO] ✅ AI 진단: 395자
2025-11-16 14:45:29,373 [INFO] ✅ 답변 조립 완료
2025-11-16 14:55:04,365 [INFO] ✅ DB 초기화 완료
2025-11-16 14:55:07,249 [INFO] ✅ AI 연결 성공
2025-11-16 14:55:31,723 [INFO] 🔍 save_farm_info 호출: phone=1012341234, name=''
2025-11-16 14:55:31,724 [INFO] 📝 기존 계정 업데이트
2025-11-16 14:55:31,725 [INFO] ✅ 업데이트 필드: crop, farm_area, cultivation_type, updated_at
2025-11-16 14:55:31,726 [INFO] ✅ 최종 DB 상태: phone=1012341234, name='하영', crop=감귤
2025-11-16 14:55:39,510 [INFO] 📞 1012341234 | 잎에 하얀 가루가 묻어있어요. 무슨 약을 쳐야 하죠?
2025-11-16 14:55:39,546 [INFO] 📊 유형: 13
2025-11-16 14:55:39,546 [INFO] 📦 컨텍스트 수집 시작: 유형 13
2025-11-16 14:55:39,547 [INFO] 🔍 DEBUG: get_farm_info 반환값 전체 = {'phone': '1012341234', 'name': '하영', 'crop': '감귤', 'farm_area': '1000', 'region': '', 'cultivation_type': '노지', 'planting_date': '', 'address': '음성', 'password': '12341234'}
2025-11-16 14:55:39,547 [INFO] ✅ 농가정보: 하영
2025-11-16 14:55:39,547 [INFO] 🔍 DEBUG: name 필드 = '하영'
2025-11-16 14:55:39,877 [INFO] 🔍 질문에서 추출한 작물명: None
2025-11-16 14:55:39,877 [INFO] 🔍 DB에서 가져온 작물명 (저장 전): 감귤
2025-11-16 14:55:39,877 [INFO] 📌 DB에서 작물명: 감귤
2025-11-16 14:55:39,877 [INFO] ✅ 최종 설정된 작물명 (crop_name): 감귤
2025-11-16 14:55:39,877 [INFO] 📋 방제이력: 0개 (7일)
2025-11-16 14:55:39,877 [INFO] 🔧 답변 조립 시작: 유형 13
2025-11-16 14:55:39,877 [INFO] 🔍 AI 진단에 전달할 작물명: 감귤
2025-11-16 14:55:39,878 [INFO] 🔍 call_ai_diagnosis 호출 - crop_name: 감귤
2025-11-16 14:55:39,878 [INFO] 🔍 AI 프롬프트 작물 정보: '작물: 감귤'
2025-11-16 14:55:39,878 [INFO] 🤖 AI 진단 호출
2025-11-16 14:55:46,413 [INFO] ✅ AI 진단: 473자
2025-11-16 14:55:46,415 [INFO] ✅ 답변 조립 완료
2025-11-16 15:53:17,021 [INFO] 🔍 save_farm_info 호출: phone=1012341234, name=''
2025-11-16 15:53:17,022 [INFO] 📝 기존 계정 업데이트
2025-11-16 15:53:17,023 [INFO] ✅ 업데이트 필드: crop, farm_area, cultivation_type, updated_at
2025-11-16 15:53:17,024 [INFO] ✅ 최종 DB 상태: phone=1012341234, name='하영', crop=감귤
2025-11-16 15:53:18,493 [INFO] 📞 1012341234 | 토마토 잎이 말리는데, 이거 무슨 병인가요?
2025-11-16 15:53:18,495 [INFO] 📊 유형: 14
2025-11-16 15:53:18,495 [INFO] 📦 컨텍스트 수집 시작: 유형 14
2025-11-16 15:53:18,495 [INFO] 🔍 DEBUG: get_farm_info 반환값 전체 = {'phone': '1012341234', 'name': '하영', 'crop': '감귤', 'farm_area': '1000', 'region': '', 'cultivation_type': '노지', 'planting_date': '', 'address': '음성', 'password': '12341234'}
2025-11-16 15:53:18,496 [INFO] ✅ 농가정보: 하영
2025-11-16 15:53:18,496 [INFO] 🔍 DEBUG: name 필드 = '하영'
2025-11-16 15:53:18,724 [INFO] 🔍 질문에서 추출한 작물명: 토마토
2025-11-16 15:53:18,724 [INFO] ✅ 최종 설정된 작물명 (crop_name): 토마토
2025-11-16 15:53:18,724 [INFO] 🐛 병해충명: 무슨병
2025-11-16 15:53:18,725 [INFO] 📋 방제이력: 0개 (30일)
2025-11-16 15:53:19,170 [INFO] ✅ [토마토] 시트 로드: 741개
2025-11-16 15:53:19,170 [INFO] 🔍 검색 키워드: ['무슨병', '무슨']
2025-11-16 15:53:19,183 [INFO] 📊 초기 검색: 0개
2025-11-16 15:53:19,183 [INFO] 💊 약제 검색: 0개
2025-11-16 15:53:19,183 [INFO] ⚠️ 경고: ['NO_PESTICIDES']
2025-11-16 15:53:19,183 [INFO] 🔧 답변 조립 시작: 유형 14
2025-11-16 15:53:19,183 [INFO] ✅ 답변 조립 완료
2025-11-16 15:53:42,969 [INFO] 📞 1012341234 | 감귤 살균제와 곰팡이약 추천
2025-11-16 15:53:42,971 [INFO] 📊 유형: 13
2025-11-16 15:53:42,972 [INFO] 📦 컨텍스트 수집 시작: 유형 13
2025-11-16 15:53:42,973 [INFO] 🔍 DEBUG: get_farm_info 반환값 전체 = {'phone': '1012341234', 'name': '하영', 'crop': '감귤', 'farm_area': '1000', 'region': '', 'cultivation_type': '노지', 'planting_date': '', 'address': '음성', 'password': '12341234'}
2025-11-16 15:53:42,974 [INFO] ✅ 농가정보: 하영
2025-11-16 15:53:42,974 [INFO] 🔍 DEBUG: name 필드 = '하영'
2025-11-16 15:53:43,175 [INFO] 🔍 질문에서 추출한 작물명: 감귤
2025-11-16 15:53:43,175 [INFO] ✅ 최종 설정된 작물명 (crop_name): 감귤
2025-11-16 15:53:43,175 [INFO] 📋 방제이력: 0개 (7일)
2025-11-16 15:53:43,175 [INFO] 🔧 답변 조립 시작: 유형 13
2025-11-16 15:53:43,175 [INFO] 🔍 AI 진단에 전달할 작물명: 감귤
2025-11-16 15:53:43,175 [INFO] 🔍 call_ai_diagnosis 호출 - crop_name: 감귤
2025-11-16 15:53:43,175 [INFO] 🔍 AI 프롬프트 작물 정보: '작물: 감귤'
2025-11-16 15:53:43,175 [INFO] 🤖 AI 진단 호출
2025-11-16 15:53:50,556 [INFO] ✅ AI 진단: 562자
2025-11-16 15:53:50,559 [INFO] ✅ 답변 조립 완료
2025-11-16 16:00:27,542 [INFO] 📞 1012341234 | 15일 전에 곰팡이 농약 쳤는데 진딧물이 하나도 안 죽었어
2025-11-16 16:00:27,545 [INFO] 📊 유형: 15
2025-11-16 16:00:27,546 [INFO] 📦 컨텍스트 수집 시작: 유형 15
2025-11-16 16:00:27,546 [INFO] 🔍 DEBUG: get_farm_info 반환값 전체 = {'phone': '1012341234', 'name': '하영', 'crop': '감귤', 'farm_area': '1000', 'region': '', 'cultivation_type': '노지', 'planting_date': '', 'address': '음성', 'password': '12341234'}
2025-11-16 16:00:27,546 [INFO] ✅ 농가정보: 하영
2025-11-16 16:00:27,546 [INFO] 🔍 DEBUG: name 필드 = '하영'
2025-11-16 16:00:27,766 [INFO] 🔍 질문에서 추출한 작물명: None
2025-11-16 16:00:27,767 [INFO] 🔍 DB에서 가져온 작물명 (저장 전): 감귤
2025-11-16 16:00:27,767 [INFO] 📌 DB에서 작물명: 감귤
2025-11-16 16:00:27,767 [INFO] ✅ 최종 설정된 작물명 (crop_name): 감귤
2025-11-16 16:00:27,767 [INFO] 🐛 병해충명: 진딧물류
2025-11-16 16:00:27,767 [INFO] 📋 방제이력: 1개 (30일)
2025-11-16 16:00:28,325 [INFO] ✅ [감귤] 시트 로드: 1766개
2025-11-16 16:00:28,325 [INFO] 🔍 검색 키워드: ['목화진딧물', '진딧물', '국화꼬마수염진딧물', '조팝나무진딧물', '찔레수염진딧물', '인도블록진딧물', '우엉수염진딧물', '복숭아혹진딧물', '무테진딧물', '연테두리진딧물', '잠두진딧물', '두릅쌍꼬리진딧물', '양배추가루진딧물', '호박과실파리', '싸리수염진딧물', '알락수염노린재', '지칭개수염진딧물', '꼬부랑진딧물', '씀바귀수염진딧물']
2025-11-16 16:00:28,359 [INFO] 📊 초기 검색: 161개
2025-11-16 16:00:28,364 [INFO] ⛔ 제외 성분: {'사이프로디닐'}
2025-11-16 16:00:28,364 [INFO] ⛔ 3회 제외: 161개 → 161개
2025-11-16 16:00:28,364 [INFO] ⭐ 우선약제: 1개, 일반: 160개 (등록일순)
2025-11-16 16:00:28,364 [INFO] 🔄 성분 중복 제거: 161개 → 19개
2025-11-16 16:00:28,364 [INFO] ✅ 최종 결과: 19개
2025-11-16 16:00:28,365 [INFO] 💊 약제 검색: 19개
2025-11-16 16:00:28,365 [INFO] 🔧 답변 조립 시작: 유형 15
2025-11-16 16:00:28,365 [INFO] 📊 세분화: 유형 17 (경과 376.00771324333334시간)
2025-11-16 16:00:28,365 [INFO] 🤖 AI 호출: 진딧물류 설명
2025-11-16 16:00:32,212 [INFO] ✅ AI 응답: 147자
2025-11-16 16:00:32,214 [INFO] 🔍 판단: 376.00771324333334시간, 진딧물류, 25°C, 중등
2025-11-16 16:00:32,214 [INFO] ✅ 답변 조립 완료
2025-11-16 16:02:09,273 [INFO] 📞 1012341234 | 방금 농약이 눈에 좀 튀었는데 어떡하죠?
2025-11-16 16:02:09,277 [INFO] 📊 유형: 14
2025-11-16 16:02:09,277 [INFO] 📦 컨텍스트 수집 시작: 유형 14
2025-11-16 16:02:09,277 [INFO] 🔍 DEBUG: get_farm_info 반환값 전체 = {'phone': '1012341234', 'name': '하영', 'crop': '감귤', 'farm_area': '1000', 'region': '', 'cultivation_type': '노지', 'planting_date': '', 'address': '음성', 'password': '12341234'}
2025-11-16 16:02:09,278 [INFO] ✅ 농가정보: 하영
2025-11-16 16:02:09,278 [INFO] 🔍 DEBUG: name 필드 = '하영'
2025-11-16 16:02:09,505 [INFO] 🔍 질문에서 추출한 작물명: None
2025-11-16 16:02:09,505 [INFO] 🔍 DB에서 가져온 작물명 (저장 전): 감귤
2025-11-16 16:02:09,505 [INFO] 📌 DB에서 작물명: 감귤
2025-11-16 16:02:09,505 [INFO] ✅ 최종 설정된 작물명 (crop_name): 감귤
2025-11-16 16:02:09,505 [INFO] 📋 방제이력: 1개 (30일)
2025-11-16 16:02:09,505 [WARNING] ⚠️ 병해충명 없음
2025-11-16 16:02:09,505 [INFO] ⚠️ 경고: ['NO_PESTICIDES']
2025-11-16 16:02:09,505 [INFO] 🔧 답변 조립 시작: 유형 14
2025-11-16 16:02:09,505 [INFO] ✅ 답변 조립 완료
2025-11-16 16:02:11,323 [INFO] 📞 1012341234 | 방금 농약이 눈에 좀 튀었는데 어떡하죠?
2025-11-16 16:02:11,325 [INFO] 📊 유형: 14
2025-11-16 16:02:11,325 [INFO] 📦 컨텍스트 수집 시작: 유형 14
2025-11-16 16:02:11,326 [INFO] 🔍 DEBUG: get_farm_info 반환값 전체 = {'phone': '1012341234', 'name': '하영', 'crop': '감귤', 'farm_area': '1000', 'region': '', 'cultivation_type': '노지', 'planting_date': '', 'address': '음성', 'password': '12341234'}
2025-11-16 16:02:11,326 [INFO] ✅ 농가정보: 하영
2025-11-16 16:02:11,326 [INFO] 🔍 DEBUG: name 필드 = '하영'
2025-11-16 16:02:11,526 [INFO] 🔍 질문에서 추출한 작물명: None
2025-11-16 16:02:11,526 [INFO] 🔍 DB에서 가져온 작물명 (저장 전): 감귤
2025-11-16 16:02:11,526 [INFO] 📌 DB에서 작물명: 감귤
2025-11-16 16:02:11,526 [INFO] ✅ 최종 설정된 작물명 (crop_name): 감귤
2025-11-16 16:02:11,526 [INFO] 📋 방제이력: 1개 (30일)
2025-11-16 16:02:11,526 [WARNING] ⚠️ 병해충명 없음
2025-11-16 16:02:11,526 [INFO] ⚠️ 경고: ['NO_PESTICIDES']
2025-11-16 16:02:11,527 [INFO] 🔧 답변 조립 시작: 유형 14
2025-11-16 16:02:11,527 [INFO] ✅ 답변 조립 완료
2025-11-16 16:02:51,779 [INFO] 📞 1012341234 | 잎에 반점이 생겼는데 무슨 약을 써야 해요?
2025-11-16 16:02:51,780 [INFO] 📊 유형: 10
2025-11-16 16:02:51,781 [INFO] 📦 컨텍스트 수집 시작: 유형 10
2025-11-16 16:02:51,782 [INFO] 🔍 DEBUG: get_farm_info 반환값 전체 = {'phone': '1012341234', 'name': '하영', 'crop': '감귤', 'farm_area': '1000', 'region': '', 'cultivation_type': '노지', 'planting_date': '', 'address': '음성', 'password': '12341234'}
2025-11-16 16:02:51,782 [INFO] ✅ 농가정보: 하영
2025-11-16 16:02:51,782 [INFO] 🔍 DEBUG: name 필드 = '하영'
2025-11-16 16:02:52,004 [INFO] 🔍 질문에서 추출한 작물명: None
2025-11-16 16:02:52,004 [INFO] 🔍 DB에서 가져온 작물명 (저장 전): 감귤
2025-11-16 16:02:52,004 [INFO] 📌 DB에서 작물명: 감귤
2025-11-16 16:02:52,004 [INFO] ✅ 최종 설정된 작물명 (crop_name): 감귤
2025-11-16 16:02:52,004 [INFO] 📋 방제이력: 1개 (7일)
2025-11-16 16:02:52,005 [INFO] 🔧 답변 조립 시작: 유형 10
2025-11-16 16:02:52,005 [INFO] 🔍 AI 진단에 전달할 작물명: 감귤
2025-11-16 16:02:52,005 [INFO] 🔍 call_ai_diagnosis 호출 - crop_name: 감귤
2025-11-16 16:02:52,005 [INFO] 🔍 AI 프롬프트 작물 정보: '작물: 감귤'
2025-11-16 16:02:52,005 [INFO] 🤖 AI 진단 호출
2025-11-16 16:02:58,560 [INFO] ✅ AI 진단: 471자
2025-11-16 16:02:58,563 [INFO] ✅ 답변 조립 완료
2025-11-16 16:03:11,805 [INFO] 📞 1012341234 | 아... 올해 농사 진짜 힘드네.
2025-11-16 16:03:12,039 [INFO] 📊 유형: 31
2025-11-16 16:03:12,039 [INFO] 📦 컨텍스트 수집 시작: 유형 31
2025-11-16 16:03:12,040 [INFO] 🔍 DEBUG: get_farm_info 반환값 전체 = {'phone': '1012341234', 'name': '하영', 'crop': '감귤', 'farm_area': '1000', 'region': '', 'cultivation_type': '노지', 'planting_date': '', 'address': '음성', 'password': '12341234'}
2025-11-16 16:03:12,040 [INFO] ✅ 농가정보: 하영
2025-11-16 16:03:12,040 [INFO] 🔍 DEBUG: name 필드 = '하영'
2025-11-16 16:03:12,236 [INFO] 🔍 질문에서 추출한 작물명: None
2025-11-16 16:03:12,236 [INFO] 🔍 DB에서 가져온 작물명 (저장 전): 감귤
2025-11-16 16:03:12,236 [INFO] 📌 DB에서 작물명: 감귤
2025-11-16 16:03:12,236 [INFO] ✅ 최종 설정된 작물명 (crop_name): 감귤
2025-11-16 16:03:12,236 [INFO] 📋 방제이력: 1개 (7일)
2025-11-16 16:03:12,236 [INFO] 🔧 답변 조립 시작: 유형 31
2025-11-16 16:03:12,236 [INFO] ✅ 답변 조립 완료
2025-11-16 16:05:43,219 [INFO] 📞 1012341234 | 감귤 시들병'에 등록된 농약 리스트 5개만 뽑아줘
2025-11-16 16:05:43,220 [INFO] 📊 유형: 1
2025-11-16 16:05:43,220 [INFO] 📦 컨텍스트 수집 시작: 유형 1
2025-11-16 16:05:43,222 [INFO] 🔍 DEBUG: get_farm_info 반환값 전체 = {'phone': '1012341234', 'name': '하영', 'crop': '감귤', 'farm_area': '1000', 'region': '', 'cultivation_type': '노지', 'planting_date': '', 'address': '음성', 'password': '12341234'}
2025-11-16 16:05:43,223 [INFO] ✅ 농가정보: 하영
2025-11-16 16:05:43,223 [INFO] 🔍 DEBUG: name 필드 = '하영'
2025-11-16 16:05:43,431 [INFO] 🔍 질문에서 추출한 작물명: 감귤
2025-11-16 16:05:43,431 [INFO] ✅ 최종 설정된 작물명 (crop_name): 감귤
2025-11-16 16:05:43,431 [INFO] 🐛 병해충명: 시들병
2025-11-16 16:05:43,431 [INFO] 📋 방제이력: 1개 (3일)
2025-11-16 16:05:43,431 [INFO] 🔧 답변 조립 시작: 유형 1
2025-11-16 16:05:43,431 [INFO] ✅ 답변 조립 완료
2025-11-16 16:05:50,070 [INFO] 📞 1012341234 | 감귤 시들병'에 등록된 농약 리스트 5개만 뽑아줘
2025-11-16 16:05:50,071 [INFO] 📊 유형: 1
2025-11-16 16:05:50,071 [INFO] 📦 컨텍스트 수집 시작: 유형 1
2025-11-16 16:05:50,073 [INFO] 🔍 DEBUG: get_farm_info 반환값 전체 = {'phone': '1012341234', 'name': '하영', 'crop': '감귤', 'farm_area': '1000', 'region': '', 'cultivation_type': '노지', 'planting_date': '', 'address': '음성', 'password': '12341234'}
2025-11-16 16:05:50,073 [INFO] ✅ 농가정보: 하영
2025-11-16 16:05:50,073 [INFO] 🔍 DEBUG: name 필드 = '하영'
2025-11-16 16:05:50,296 [INFO] 🔍 질문에서 추출한 작물명: 감귤
2025-11-16 16:05:50,296 [INFO] ✅ 최종 설정된 작물명 (crop_name): 감귤
2025-11-16 16:05:50,297 [INFO] 🐛 병해충명: 시들병
2025-11-16 16:05:50,297 [INFO] 📋 방제이력: 1개 (3일)
2025-11-16 16:05:50,297 [INFO] 🔧 답변 조립 시작: 유형 1
2025-11-16 16:05:50,297 [INFO] ✅ 답변 조립 완료
2025-11-16 16:14:09,147 [INFO] ✅ DB 초기화 완료
2025-11-16 16:14:12,035 [INFO] ✅ AI 연결 성공
2025-11-16 16:14:21,241 [INFO] 🔍 save_farm_info 호출: phone=1012341234, name=''
2025-11-16 16:14:21,243 [INFO] 📝 기존 계정 업데이트
2025-11-16 16:14:21,243 [INFO] ✅ 업데이트 필드: crop, farm_area, cultivation_type, updated_at
2025-11-16 16:14:21,244 [INFO] ✅ 최종 DB 상태: phone=1012341234, name='하영', crop=감귤
2025-11-16 16:16:33,412 [INFO] 🔍 save_farm_info 호출: phone=1012341234, name=''
2025-11-16 16:16:33,413 [INFO] 📝 기존 계정 업데이트
2025-11-16 16:16:33,414 [INFO] ✅ 업데이트 필드: crop, farm_area, cultivation_type, updated_at
2025-11-16 16:16:33,415 [INFO] ✅ 최종 DB 상태: phone=1012341234, name='하영', crop=감귤
2025-11-16 16:16:49,446 [INFO] 🔍 save_farm_info 호출: phone=1012341234, name=''
2025-11-16 16:16:49,447 [INFO] 📝 기존 계정 업데이트
2025-11-16 16:16:49,449 [INFO] ✅ 업데이트 필드: crop, farm_area, cultivation_type, updated_at
2025-11-16 16:16:49,450 [INFO] ✅ 최종 DB 상태: phone=1012341234, name='하영', crop=감귤
2025-11-16 16:18:26,115 [INFO] 🔍 save_farm_info 호출: phone=1012341234, name=''
2025-11-16 16:18:26,116 [INFO] 📝 기존 계정 업데이트
2025-11-16 16:18:26,117 [INFO] ✅ 업데이트 필드: crop, farm_area, cultivation_type, updated_at
2025-11-16 16:18:26,118 [INFO] ✅ 최종 DB 상태: phone=1012341234, name='하영', crop=감귤
2025-11-16 16:18:26,961 [INFO] 📞 1012341234 | 감귤 살균제와 곰팡이농약 추천해줘
2025-11-16 16:18:26,998 [INFO] 📊 유형: 14
2025-11-16 16:18:26,998 [INFO] 📦 컨텍스트 수집 시작: 유형 14
2025-11-16 16:18:26,999 [INFO] 🔍 DEBUG: get_farm_info 반환값 전체 = {'phone': '1012341234', 'name': '하영', 'crop': '감귤', 'farm_area': '1000', 'region': '', 'cultivation_type': '노지', 'planting_date': '', 'address': '음성', 'password': '12341234'}
2025-11-16 16:18:26,999 [INFO] ✅ 농가정보: 하영
2025-11-16 16:18:26,999 [INFO] 🔍 DEBUG: name 필드 = '하영'
2025-11-16 16:18:27,322 [INFO] 🔍 질문에서 추출한 작물명: 감귤
2025-11-16 16:18:27,322 [INFO] ✅ 최종 설정된 작물명 (crop_name): 감귤
2025-11-16 16:18:27,322 [INFO] 🔥 범위 넓은 질문: 살균제 → 잿빛곰팡이병 기반 검색
2025-11-16 16:18:27,323 [INFO] 📋 방제이력: 2개 (30일)
2025-11-16 16:18:27,887 [INFO] ✅ [감귤] 시트 로드: 1766개
2025-11-16 16:18:27,887 [INFO] 🔍 검색 키워드: ['잿빛곰팡이병', '잿빛곰팡이']
2025-11-16 16:18:27,918 [INFO] 📊 초기 검색: 121개
2025-11-16 16:18:27,920 [INFO] ⛔ 제외 성분: {'아사이노나피르', '사이프로디닐'}
2025-11-16 16:18:27,921 [INFO] ⛔ 3회 제외: 121개 → 120개
2025-11-16 16:18:27,921 [INFO] 🔄 성분 중복 제거: 120개 → 30개
2025-11-16 16:18:27,921 [INFO] ✅ 최종 결과: 30개
2025-11-16 16:18:27,921 [INFO] 💊 약제 검색: 30개
2025-11-16 16:18:27,921 [INFO] 🔧 답변 조립 시작: 유형 14
2025-11-16 16:18:27,921 [INFO] ✅ 답변 조립 완료
2025-11-16 16:25:05,286 [INFO] ✅ DB 초기화 완료
2025-11-16 16:25:09,329 [INFO] ✅ AI 연결 성공
2025-11-16 16:25:13,793 [INFO] 🔍 방제이력 조회 시도
2025-11-16 16:25:13,795 [INFO]    전화번호: 1012341234
2025-11-16 16:25:13,796 [INFO]    조회기간: 30일 (cutoff: 2025-10-17T16:25:13.793162)
2025-11-16 16:25:13,796 [INFO]    조회 결과: 2개 (전체: 2개)
2025-11-16 16:25:13,796 [INFO] ✅ 최근 이력: 2025-11-16 07:16:50 - 다이마이트
2025-11-16 16:25:25,890 [INFO] 🔍 방제이력 저장 시도
2025-11-16 16:25:25,890 [INFO]    전화번호: 1012341234
2025-11-16 16:25:25,890 [INFO]    원본 데이터: {'phone': '1012341234', 'spray_date': '2025-11-10', 'temperature': None, 'pesticide_name': '유닉스', 'pesticide_amount': None, 'target_pest': '살균제', 'dilution_ratio': '', 'area_sprayed': None, 'notes': ''}
2025-11-16 16:25:25,890 [INFO]    병해충명: 살균제
2025-11-16 16:25:25,890 [INFO]    약제명: 유닉스
2025-11-16 16:25:25,893 [INFO] ✅ 저장 성공: ID=7, created_at=2025-11-16 07:25:25
2025-11-16 16:25:29,707 [INFO] 🔍 방제이력 조회 시도
2025-11-16 16:25:29,708 [INFO]    전화번호: 1012341234
2025-11-16 16:25:29,708 [INFO]    조회기간: 30일 (cutoff: 2025-10-17T16:25:29.707244)
2025-11-16 16:25:29,709 [INFO]    조회 결과: 3개 (전체: 3개)
2025-11-16 16:25:29,709 [INFO] ✅ 최근 이력: 2025-11-16 07:25:25 - 유닉스
2025-11-16 16:27:26,426 [INFO] 🔍 방제이력 조회 시도
2025-11-16 16:27:26,427 [INFO]    전화번호: 1012341234
2025-11-16 16:27:26,427 [INFO]    조회기간: 30일 (cutoff: 2025-10-17T16:27:26.426233)
2025-11-16 16:27:26,428 [INFO]    조회 결과: 3개 (전체: 3개)
2025-11-16 16:27:26,428 [INFO] ✅ 최근 이력: 2025-11-16 07:25:25 - 유닉스
2025-11-17 10:53:40,172 [INFO] ✅ DB 초기화 완료
2025-11-17 10:53:43,093 [INFO] ✅ AI 연결 성공
2025-11-17 10:55:29,879 [INFO] 🔐 로그인 시도 | 원본: 01012341234 | 정규화: 1012341234 | 비번길이: 8
2025-11-17 10:55:29,883 [INFO] ✅ DB 조회 성공 | 이름: 하영 | DB비번: 12341234
2025-11-17 10:55:29,883 [INFO] ✅ 로그인 성공: 하영
2025-11-17 10:55:29,977 [INFO] 🔍 방제이력 조회 시도
2025-11-17 10:55:29,977 [INFO]    전화번호: 1012341234
2025-11-17 10:55:29,978 [INFO]    조회기간: 30일 (cutoff: 2025-10-18T10:55:29.977219)
2025-11-17 10:55:29,978 [INFO]    조회 결과: 3개 (전체: 3개)
2025-11-17 10:55:29,978 [INFO] ✅ 최근 이력: 2025-11-16 07:25:25 - 유닉스
2025-11-17 10:55:44,508 [INFO] 🔍 방제이력 저장 시도
2025-11-17 10:55:44,508 [INFO]    전화번호: 1012341234
2025-11-17 10:55:44,508 [INFO]    원본 데이터: {'phone': '1012341234', 'spray_date': '2025-11-17', 'temperature': None, 'pesticide_name': '다이마이트', 'pesticide_amount': 200, 'target_pest': '응애', 'dilution_ratio': '', 'area_sprayed': None, 'notes': ''}
2025-11-17 10:55:44,509 [INFO]    병해충명: 응애
2025-11-17 10:55:44,509 [INFO]    약제명: 다이마이트
2025-11-17 10:55:44,513 [INFO] ✅ 저장 성공: ID=8, created_at=2025-11-17 01:55:44
2025-11-17 10:55:48,901 [INFO] 🔍 방제이력 조회 시도
2025-11-17 10:55:48,902 [INFO]    전화번호: 1012341234
2025-11-17 10:55:48,902 [INFO]    조회기간: 30일 (cutoff: 2025-10-18T10:55:48.901415)
2025-11-17 10:55:48,903 [INFO]    조회 결과: 4개 (전체: 4개)
2025-11-17 10:55:48,903 [INFO] ✅ 최근 이력: 2025-11-17 01:55:44 - 다이마이트
2025-11-17 12:26:41,287 [INFO] 🔍 방제이력 조회 시도
2025-11-17 12:26:41,294 [INFO]    전화번호: 1012341234
2025-11-17 12:26:41,296 [INFO]    조회기간: 30일 (cutoff: 2025-10-18T12:26:41.285958)
2025-11-17 12:26:41,296 [INFO]    조회 결과: 4개 (전체: 4개)
2025-11-17 12:26:41,297 [INFO] ✅ 최근 이력: 2025-11-17 01:55:44 - 다이마이트
2025-11-17 12:35:45,892 [INFO] 🔍 방제이력 조회 시도
2025-11-17 12:35:45,893 [INFO]    전화번호: 1012341234
2025-11-17 12:35:45,893 [INFO]    조회기간: 30일 (cutoff: 2025-10-18T12:35:45.892246)
2025-11-17 12:35:45,893 [INFO]    조회 결과: 4개 (전체: 4개)
2025-11-17 12:35:45,893 [INFO] ✅ 최근 이력: 2025-11-17 01:55:44 - 다이마이트
2025-11-17 12:41:33,949 [INFO] 🔍 방제이력 조회 시도
2025-11-17 12:41:33,949 [INFO]    전화번호: 1012341234
2025-11-17 12:41:33,949 [INFO]    조회기간: 30일 (cutoff: 2025-10-18T12:41:33.949193)
2025-11-17 12:41:33,949 [INFO]    조회 결과: 4개 (전체: 4개)
2025-11-17 12:41:33,950 [INFO] ✅ 최근 이력: 2025-11-17 01:55:44 - 다이마이트
2025-11-17 13:11:04,541 [INFO] 🔍 방제이력 조회 시도
2025-11-17 13:11:04,543 [INFO]    전화번호: 1012341234
2025-11-17 13:11:04,543 [INFO]    조회기간: 30일 (cutoff: 2025-10-18T13:11:04.541570)
2025-11-17 13:11:04,544 [INFO]    조회 결과: 4개 (전체: 4개)
2025-11-17 13:11:04,544 [INFO] ✅ 최근 이력: 2025-11-17 01:55:44 - 다이마이트
2025-11-17 13:11:22,792 [INFO] 🔍 방제이력 조회 시도
2025-11-17 13:11:22,793 [INFO]    전화번호: 1012341234
2025-11-17 13:11:22,793 [INFO]    조회기간: 30일 (cutoff: 2025-10-18T13:11:22.792285)
2025-11-17 13:11:22,795 [INFO]    조회 결과: 4개 (전체: 4개)
2025-11-17 13:11:22,795 [INFO] ✅ 최근 이력: 2025-11-17 01:55:44 - 다이마이트
2025-11-17 13:20:01,264 [INFO] ✅ DB 초기화 완료
2025-11-17 13:20:04,184 [INFO] ✅ AI 연결 성공
2025-11-17 13:20:30,942 [INFO] 🔍 방제이력 조회 시도
2025-11-17 13:20:30,943 [INFO]    전화번호: 1012341234
2025-11-17 13:20:30,944 [INFO]    조회기간: 30일 (cutoff: 2025-10-18T13:20:30.942671)
2025-11-17 13:20:30,945 [INFO]    조회 결과: 4개 (전체: 4개)
2025-11-17 13:20:30,945 [INFO] ✅ 최근 이력: 2025-11-17 01:55:44 - 다이마이트
2025-11-17 13:23:32,268 [INFO] ✅ DB 초기화 완료
2025-11-17 13:23:35,191 [INFO] ✅ AI 연결 성공
2025-11-17 13:32:06,480 [INFO] ✅ DB 초기화 완료
2025-11-17 13:32:09,402 [INFO] ✅ AI 연결 성공
2025-11-17 13:33:42,656 [INFO] ✅ DB 초기화 완료
2025-11-17 13:33:45,596 [INFO] ✅ AI 연결 성공
2025-11-17 13:34:38,056 [INFO] 🔐 로그인 시도 | 원본: 01012341234 | 정규화: 1012341234 | 비번길이: 8
2025-11-17 13:34:38,057 [INFO] ✅ DB 조회 성공 | 이름: 하영 | DB비번: 12341234
2025-11-17 13:34:38,057 [INFO] ✅ 로그인 성공: 하영
2025-11-17 13:34:38,391 [INFO] 🔍 방제이력 조회 시도
2025-11-17 13:34:38,391 [INFO]    전화번호: 1012341234
2025-11-17 13:34:38,392 [INFO]    조회기간: 30일 (cutoff: 2025-10-18T13:34:38.391271)
2025-11-17 13:34:38,393 [INFO]    조회 결과: 4개 (전체: 4개)
2025-11-17 13:34:38,393 [INFO] ✅ 최근 이력: 2025-11-17 01:55:44 - 다이마이트
2025-11-17 13:35:03,780 [INFO] 🔍 save_farm_info 호출: phone=1012341234, name=''
2025-11-17 13:35:03,781 [INFO] 📝 기존 계정 업데이트
2025-11-17 13:35:03,782 [INFO] ✅ 업데이트 필드: crop, farm_area, cultivation_type, updated_at
2025-11-17 13:35:03,783 [INFO] ✅ 최종 DB 상태: phone=1012341234, name='하영', crop=딸기
2025-11-17 13:35:15,191 [INFO] 🔍 방제이력 저장 시도
2025-11-17 13:35:15,191 [INFO]    전화번호: 1012341234
2025-11-17 13:35:15,191 [INFO]    원본 데이터: {'phone': '1012341234', 'spray_date': '2025-11-17', 'temperature': None, 'pesticide_name': '다이마이트', 'pesticide_amount': None, 'target_pest': '응애', 'dilution_ratio': '', 'area_sprayed': None, 'notes': ''}
2025-11-17 13:35:15,191 [INFO]    병해충명: 응애
2025-11-17 13:35:15,191 [INFO]    약제명: 다이마이트
2025-11-17 13:35:15,193 [INFO] ✅ 저장 성공: ID=9, created_at=2025-11-17 04:35:15
2025-11-17 13:35:24,706 [INFO] 📞 1012341234 | 응애 약 언제쳤더라
2025-11-17 13:35:24,740 [INFO] 🔍 방제이력 조회 시도
2025-11-17 13:35:24,740 [INFO]    전화번호: 1012341234
2025-11-17 13:35:24,740 [INFO]    조회기간: 3일 (cutoff: 2025-11-14T13:35:24.740753)
2025-11-17 13:35:24,741 [INFO]    조회 결과: 5개 (전체: 5개)
2025-11-17 13:35:24,741 [INFO] ✅ 최근 이력: 2025-11-17 04:35:15 - 다이마이트
2025-11-17 13:35:24,741 [INFO] 📊 유형: 14
2025-11-17 13:35:24,741 [INFO] 📦 컨텍스트 수집 시작: 유형 14
2025-11-17 13:35:24,741 [INFO] 🔍 DEBUG: get_farm_info 반환값 전체 = {'phone': '1012341234', 'name': '하영', 'crop': '딸기', 'farm_area': '1000', 'region': '', 'cultivation_type': '온실수경', 'planting_date': '', 'address': '음성', 'password': '12341234'}
2025-11-17 13:35:24,741 [INFO] ✅ 농가정보: 하영
2025-11-17 13:35:24,741 [INFO] 🔍 DEBUG: name 필드 = '하영'
2025-11-17 13:35:25,533 [INFO] 🔍 질문에서 추출한 작물명: None
2025-11-17 13:35:25,533 [INFO] 🔍 DB에서 가져온 작물명 (저장 전): 딸기
2025-11-17 13:35:25,533 [INFO] 📌 DB에서 작물명: 딸기
2025-11-17 13:35:25,533 [INFO] ✅ 최종 설정된 작물명 (crop_name): 딸기
2025-11-17 13:35:25,533 [INFO] 🐛 병해충명: 응애류
2025-11-17 13:35:25,534 [INFO] 🔍 방제이력 조회 시도
2025-11-17 13:35:25,534 [INFO]    전화번호: 1012341234
2025-11-17 13:35:25,534 [INFO]    조회기간: 30일 (cutoff: 2025-10-18T13:35:25.534196)
2025-11-17 13:35:25,534 [INFO]    조회 결과: 5개 (전체: 5개)
2025-11-17 13:35:25,534 [INFO] ✅ 최근 이력: 2025-11-17 04:35:15 - 다이마이트
2025-11-17 13:35:25,534 [INFO] 📋 방제이력: 5개 (30일)
2025-11-17 13:35:26,358 [INFO] ✅ [딸기] 시트 로드: 890개
2025-11-17 13:35:26,358 [INFO] 🔍 검색 키워드: ['점박이응애', '응애', '차응애', '뿌리응애', '겨울배추검정응애', '차먼지응애', '사과응애', '응애류', '마늘혹응애', '흑응애', '오이긴털가루응애', '버섯응애류', '간자와응애', '전나무잎응애', '귤응애', '토마토녹응애', '녹응애']
2025-11-17 13:35:26,391 [INFO] 📊 초기 검색: 89개
2025-11-17 13:35:26,396 [INFO] ⛔ 제외 성분: {'아사이노나피르'}
2025-11-17 13:35:26,396 [INFO] ⛔ 3회 제외: 89개 → 84개
2025-11-17 13:35:26,396 [INFO] ⭐ 우선약제: 1개, 일반: 83개 (등록일순)
2025-11-17 13:35:26,397 [INFO] 🔄 성분 중복 제거: 84개 → 18개
2025-11-17 13:35:26,397 [INFO] ✅ 최종 결과: 18개
2025-11-17 13:35:26,397 [INFO] 💊 약제 검색: 18개
2025-11-17 13:35:26,397 [INFO] ⚠️ 경고: ['WARNING_24H', 'INGREDIENT_DUP']
2025-11-17 13:35:26,397 [INFO] 🔧 답변 조립 시작: 유형 14
2025-11-17 13:35:26,397 [INFO] 🤖 AI 호출: 응애류 설명
2025-11-17 13:35:30,453 [INFO] ✅ AI 응답: 153자
2025-11-17 13:35:30,455 [INFO] ✅ 답변 조립 완료
2025-11-17 13:37:46,830 [INFO] 📞 1012341234 | 잎에 반점이 생겼는데 무슨 약을 써야 해요?
2025-11-17 13:37:46,841 [INFO] 🔍 방제이력 조회 시도
2025-11-17 13:37:46,841 [INFO]    전화번호: 1012341234
2025-11-17 13:37:46,841 [INFO]    조회기간: 3일 (cutoff: 2025-11-14T13:37:46.841091)
2025-11-17 13:37:46,841 [INFO]    조회 결과: 5개 (전체: 5개)
2025-11-17 13:37:46,842 [INFO] ✅ 최근 이력: 2025-11-17 04:35:15 - 다이마이트
2025-11-17 13:37:46,842 [INFO] 📊 유형: 14
2025-11-17 13:37:46,842 [INFO] 📦 컨텍스트 수집 시작: 유형 14
2025-11-17 13:37:46,842 [INFO] 🔍 DEBUG: get_farm_info 반환값 전체 = {'phone': '1012341234', 'name': '하영', 'crop': '딸기', 'farm_area': '1000', 'region': '', 'cultivation_type': '온실수경', 'planting_date': '', 'address': '음성', 'password': '12341234'}
2025-11-17 13:37:46,842 [INFO] ✅ 농가정보: 하영
2025-11-17 13:37:46,842 [INFO] 🔍 DEBUG: name 필드 = '하영'
2025-11-17 13:37:47,161 [INFO] 🔍 질문에서 추출한 작물명: None
2025-11-17 13:37:47,161 [INFO] 🔍 DB에서 가져온 작물명 (저장 전): 딸기
2025-11-17 13:37:47,161 [INFO] 📌 DB에서 작물명: 딸기
2025-11-17 13:37:47,161 [INFO] ✅ 최종 설정된 작물명 (crop_name): 딸기
2025-11-17 13:37:47,161 [INFO] 🔍 방제이력 조회 시도
2025-11-17 13:37:47,161 [INFO]    전화번호: 1012341234
2025-11-17 13:37:47,161 [INFO]    조회기간: 30일 (cutoff: 2025-10-18T13:37:47.161879)
2025-11-17 13:37:47,162 [INFO]    조회 결과: 5개 (전체: 5개)
2025-11-17 13:37:47,162 [INFO] ✅ 최근 이력: 2025-11-17 04:35:15 - 다이마이트
2025-11-17 13:37:47,162 [INFO] 📋 방제이력: 5개 (30일)
2025-11-17 13:37:47,162 [WARNING] ⚠️ 병해충명 없음
2025-11-17 13:37:47,162 [INFO] ⚠️ 경고: ['WARNING_24H', 'NO_PESTICIDES']
2025-11-17 13:37:47,162 [INFO] 🔧 답변 조립 시작: 유형 14
2025-11-17 13:37:47,162 [INFO] ✅ 답변 조립 완료
2025-11-17 13:37:50,597 [INFO] 📞 1012341234 | 잎에 반점이 생겼는데 무슨 약을 써야 해요?
2025-11-17 13:37:50,598 [INFO] 🔍 방제이력 조회 시도
2025-11-17 13:37:50,598 [INFO]    전화번호: 1012341234
2025-11-17 13:37:50,598 [INFO]    조회기간: 3일 (cutoff: 2025-11-14T13:37:50.598679)
2025-11-17 13:37:50,599 [INFO]    조회 결과: 5개 (전체: 5개)
2025-11-17 13:37:50,599 [INFO] ✅ 최근 이력: 2025-11-17 04:35:15 - 다이마이트
2025-11-17 13:37:50,599 [INFO] 📊 유형: 14
2025-11-17 13:37:50,599 [INFO] 📦 컨텍스트 수집 시작: 유형 14
2025-11-17 13:37:50,600 [INFO] 🔍 DEBUG: get_farm_info 반환값 전체 = {'phone': '1012341234', 'name': '하영', 'crop': '딸기', 'farm_area': '1000', 'region': '', 'cultivation_type': '온실수경', 'planting_date': '', 'address': '음성', 'password': '12341234'}
2025-11-17 13:37:50,600 [INFO] ✅ 농가정보: 하영
2025-11-17 13:37:50,600 [INFO] 🔍 DEBUG: name 필드 = '하영'
2025-11-17 13:37:50,930 [INFO] 🔍 질문에서 추출한 작물명: None
2025-11-17 13:37:50,930 [INFO] 🔍 DB에서 가져온 작물명 (저장 전): 딸기
2025-11-17 13:37:50,930 [INFO] 📌 DB에서 작물명: 딸기
2025-11-17 13:37:50,930 [INFO] ✅ 최종 설정된 작물명 (crop_name): 딸기
2025-11-17 13:37:50,931 [INFO] 🔍 방제이력 조회 시도
2025-11-17 13:37:50,931 [INFO]    전화번호: 1012341234
2025-11-17 13:37:50,931 [INFO]    조회기간: 30일 (cutoff: 2025-10-18T13:37:50.931326)
2025-11-17 13:37:50,931 [INFO]    조회 결과: 5개 (전체: 5개)
2025-11-17 13:37:50,931 [INFO] ✅ 최근 이력: 2025-11-17 04:35:15 - 다이마이트
2025-11-17 13:37:50,931 [INFO] 📋 방제이력: 5개 (30일)
2025-11-17 13:37:50,931 [WARNING] ⚠️ 병해충명 없음
2025-11-17 13:37:50,931 [INFO] ⚠️ 경고: ['WARNING_24H', 'NO_PESTICIDES']
2025-11-17 13:37:50,931 [INFO] 🔧 답변 조립 시작: 유형 14
2025-11-17 13:37:50,932 [INFO] ✅ 답변 조립 완료
2025-11-17 13:40:01,346 [INFO] 📞 1012341234 | 잎에 검은 반점이 생겼어 어떤약을쳐야할까
2025-11-17 13:40:01,349 [INFO] 🔍 방제이력 조회 시도
2025-11-17 13:40:01,349 [INFO]    전화번호: 1012341234
2025-11-17 13:40:01,349 [INFO]    조회기간: 3일 (cutoff: 2025-11-14T13:40:01.349083)
2025-11-17 13:40:01,349 [INFO]    조회 결과: 5개 (전체: 5개)
2025-11-17 13:40:01,349 [INFO] ✅ 최근 이력: 2025-11-17 04:35:15 - 다이마이트
2025-11-17 13:40:01,349 [INFO] 📊 유형: 14
2025-11-17 13:40:01,349 [INFO] 📦 컨텍스트 수집 시작: 유형 14
2025-11-17 13:40:01,350 [INFO] 🔍 DEBUG: get_farm_info 반환값 전체 = {'phone': '1012341234', 'name': '하영', 'crop': '딸기', 'farm_area': '1000', 'region': '', 'cultivation_type': '온실수경', 'planting_date': '', 'address': '음성', 'password': '12341234'}
2025-11-17 13:40:01,350 [INFO] ✅ 농가정보: 하영
2025-11-17 13:40:01,350 [INFO] 🔍 DEBUG: name 필드 = '하영'
2025-11-17 13:40:01,666 [INFO] 🔍 질문에서 추출한 작물명: None
2025-11-17 13:40:01,666 [INFO] 🔍 DB에서 가져온 작물명 (저장 전): 딸기
2025-11-17 13:40:01,666 [INFO] 📌 DB에서 작물명: 딸기
2025-11-17 13:40:01,666 [INFO] ✅ 최종 설정된 작물명 (crop_name): 딸기
2025-11-17 13:40:01,667 [INFO] 🔍 방제이력 조회 시도
2025-11-17 13:40:01,667 [INFO]    전화번호: 1012341234
2025-11-17 13:40:01,667 [INFO]    조회기간: 30일 (cutoff: 2025-10-18T13:40:01.667237)
2025-11-17 13:40:01,667 [INFO]    조회 결과: 5개 (전체: 5개)
2025-11-17 13:40:01,667 [INFO] ✅ 최근 이력: 2025-11-17 04:35:15 - 다이마이트
2025-11-17 13:40:01,667 [INFO] 📋 방제이력: 5개 (30일)
2025-11-17 13:40:01,667 [WARNING] ⚠️ 병해충명 없음
2025-11-17 13:40:01,667 [INFO] ⚠️ 경고: ['WARNING_24H', 'NO_PESTICIDES']
2025-11-17 13:40:01,667 [INFO] 🔧 답변 조립 시작: 유형 14
2025-11-17 13:40:01,667 [INFO] ✅ 답변 조립 완료
2025-11-17 13:40:04,189 [INFO] 📞 1012341234 | 잎에 검은 반점이 생겼어 어떤약을쳐야할까
2025-11-17 13:40:04,190 [INFO] 🔍 방제이력 조회 시도
2025-11-17 13:40:04,190 [INFO]    전화번호: 1012341234
2025-11-17 13:40:04,190 [INFO]    조회기간: 3일 (cutoff: 2025-11-14T13:40:04.190627)
2025-11-17 13:40:04,191 [INFO]    조회 결과: 5개 (전체: 5개)
2025-11-17 13:40:04,191 [INFO] ✅ 최근 이력: 2025-11-17 04:35:15 - 다이마이트
2025-11-17 13:40:04,191 [INFO] 📊 유형: 14
2025-11-17 13:40:04,191 [INFO] 📦 컨텍스트 수집 시작: 유형 14
2025-11-17 13:40:04,192 [INFO] 🔍 DEBUG: get_farm_info 반환값 전체 = {'phone': '1012341234', 'name': '하영', 'crop': '딸기', 'farm_area': '1000', 'region': '', 'cultivation_type': '온실수경', 'planting_date': '', 'address': '음성', 'password': '12341234'}
2025-11-17 13:40:04,192 [INFO] ✅ 농가정보: 하영
2025-11-17 13:40:04,192 [INFO] 🔍 DEBUG: name 필드 = '하영'
2025-11-17 13:40:04,531 [INFO] 🔍 질문에서 추출한 작물명: None
2025-11-17 13:40:04,532 [INFO] 🔍 DB에서 가져온 작물명 (저장 전): 딸기
2025-11-17 13:40:04,532 [INFO] 📌 DB에서 작물명: 딸기
2025-11-17 13:40:04,532 [INFO] ✅ 최종 설정된 작물명 (crop_name): 딸기
2025-11-17 13:40:04,532 [INFO] 🔍 방제이력 조회 시도
2025-11-17 13:40:04,532 [INFO]    전화번호: 1012341234
2025-11-17 13:40:04,532 [INFO]    조회기간: 30일 (cutoff: 2025-10-18T13:40:04.532640)
2025-11-17 13:40:04,532 [INFO]    조회 결과: 5개 (전체: 5개)
2025-11-17 13:40:04,533 [INFO] ✅ 최근 이력: 2025-11-17 04:35:15 - 다이마이트
2025-11-17 13:40:04,533 [INFO] 📋 방제이력: 5개 (30일)
2025-11-17 13:40:04,533 [WARNING] ⚠️ 병해충명 없음
2025-11-17 13:40:04,533 [INFO] ⚠️ 경고: ['WARNING_24H', 'NO_PESTICIDES']
2025-11-17 13:40:04,533 [INFO] 🔧 답변 조립 시작: 유형 14
2025-11-17 13:40:04,533 [INFO] ✅ 답변 조립 완료
2025-11-17 13:40:28,478 [INFO] 🔍 save_farm_info 호출: phone=1012341234, name=''
2025-11-17 13:40:28,479 [INFO] 📝 기존 계정 업데이트
2025-11-17 13:40:28,480 [INFO] ✅ 업데이트 필드: crop, farm_area, cultivation_type, updated_at
2025-11-17 13:40:28,481 [INFO] ✅ 최종 DB 상태: phone=1012341234, name='하영', crop=감귤
2025-11-17 13:40:34,306 [INFO] 📞 1012341234 | 잎에 검은 반점이 생겼어
2025-11-17 13:40:34,308 [INFO] 📊 유형: 10
2025-11-17 13:40:34,308 [INFO] 📦 컨텍스트 수집 시작: 유형 10
2025-11-17 13:40:34,309 [INFO] 🔍 DEBUG: get_farm_info 반환값 전체 = {'phone': '1012341234', 'name': '하영', 'crop': '감귤', 'farm_area': '1000', 'region': '', 'cultivation_type': '온실수경', 'planting_date': '', 'address': '음성', 'password': '12341234'}
2025-11-17 13:40:34,309 [INFO] ✅ 농가정보: 하영
2025-11-17 13:40:34,309 [INFO] 🔍 DEBUG: name 필드 = '하영'
2025-11-17 13:40:34,614 [INFO] 🔍 질문에서 추출한 작물명: None
2025-11-17 13:40:34,614 [INFO] 🔍 DB에서 가져온 작물명 (저장 전): 감귤
2025-11-17 13:40:34,614 [INFO] 📌 DB에서 작물명: 감귤
2025-11-17 13:40:34,614 [INFO] ✅ 최종 설정된 작물명 (crop_name): 감귤
2025-11-17 13:40:34,615 [INFO] 🔍 방제이력 조회 시도
2025-11-17 13:40:34,615 [INFO]    전화번호: 1012341234
2025-11-17 13:40:34,615 [INFO]    조회기간: 7일 (cutoff: 2025-11-10T13:40:34.615413)
2025-11-17 13:40:34,615 [INFO]    조회 결과: 5개 (전체: 5개)
2025-11-17 13:40:34,615 [INFO] ✅ 최근 이력: 2025-11-17 04:35:15 - 다이마이트
2025-11-17 13:40:34,615 [INFO] 📋 방제이력: 5개 (7일)
2025-11-17 13:40:34,615 [INFO] ⚠️ 경고: ['WARNING_24H']
2025-11-17 13:40:34,616 [INFO] 🔧 답변 조립 시작: 유형 10
2025-11-17 13:40:34,616 [INFO] 🔍 AI 진단에 전달할 작물명: 감귤
2025-11-17 13:40:34,616 [INFO] 🔍 call_ai_diagnosis 호출 - crop_name: 감귤
2025-11-17 13:40:34,616 [INFO] 🔍 AI 프롬프트 작물 정보: '작물: 감귤'
2025-11-17 13:40:34,616 [INFO] 🤖 AI 진단 호출
2025-11-17 13:40:41,599 [INFO] ✅ AI 진단: 558자
2025-11-17 13:40:41,605 [INFO] ✅ 답변 조립 완료
2025-11-17 13:52:06,740 [INFO] ✅ DB 초기화 완료
2025-11-17 13:52:09,690 [INFO] ✅ AI 연결 성공
2025-11-17 13:52:16,207 [INFO] 🔍 방제이력 조회 시도
2025-11-17 13:52:16,207 [INFO]    전화번호: 1012341234
2025-11-17 13:52:16,207 [INFO]    조회기간: 30일 (cutoff: 2025-10-18T13:52:16.206966)
2025-11-17 13:52:16,210 [INFO]    조회 결과: 5개 (전체: 5개)
2025-11-17 13:52:16,210 [INFO] ✅ 최근 이력: 2025-11-17 04:35:15 - 다이마이트
2025-11-17 13:52:21,976 [INFO] 🔍 save_farm_info 호출: phone=1012341234, name=''
2025-11-17 13:52:21,977 [INFO] 📝 기존 계정 업데이트
2025-11-17 13:52:21,978 [INFO] ✅ 업데이트 필드: crop, farm_area, cultivation_type, updated_at
2025-11-17 13:52:21,979 [INFO] ✅ 최종 DB 상태: phone=1012341234, name='하영', crop=딸기
2025-11-17 13:52:26,939 [INFO] 📞 1012341234 | 잎에 반점이 생겼어
2025-11-17 13:52:26,976 [INFO] 📊 유형: 10
2025-11-17 13:52:26,976 [INFO] 📦 컨텍스트 수집 시작: 유형 10
2025-11-17 13:52:26,977 [INFO] 🔍 DEBUG: get_farm_info 반환값 전체 = {'phone': '1012341234', 'name': '하영', 'crop': '딸기', 'farm_area': '1000', 'region': '', 'cultivation_type': '온실수경', 'planting_date': '', 'address': '음성', 'password': '12341234'}
2025-11-17 13:52:26,977 [INFO] ✅ 농가정보: 하영
2025-11-17 13:52:26,977 [INFO] 🔍 DEBUG: name 필드 = '하영'
2025-11-17 13:52:27,485 [INFO] 🔍 질문에서 추출한 작물명: None
2025-11-17 13:52:27,485 [INFO] 🔍 DB에서 가져온 작물명 (저장 전): 딸기
2025-11-17 13:52:27,486 [INFO] 📌 DB에서 작물명: 딸기
2025-11-17 13:52:27,486 [INFO] ✅ 최종 설정된 작물명 (crop_name): 딸기
2025-11-17 13:52:27,486 [INFO] 🔍 방제이력 조회 시도
2025-11-17 13:52:27,486 [INFO]    전화번호: 1012341234
2025-11-17 13:52:27,486 [INFO]    조회기간: 7일 (cutoff: 2025-11-10T13:52:27.486487)
2025-11-17 13:52:27,486 [INFO]    조회 결과: 5개 (전체: 5개)
2025-11-17 13:52:27,486 [INFO] ✅ 최근 이력: 2025-11-17 04:35:15 - 다이마이트
2025-11-17 13:52:27,486 [INFO] 📋 방제이력: 5개 (7일)
2025-11-17 13:52:27,487 [INFO] ⚠️ 경고: ['WARNING_24H']
2025-11-17 13:52:27,487 [INFO] 🔧 답변 조립 시작: 유형 10
2025-11-17 13:52:27,487 [INFO] 🔍 AI 진단에 전달할 작물명: 딸기
2025-11-17 13:52:27,487 [INFO] 🔍 call_ai_diagnosis 호출 - crop_name: 딸기
2025-11-17 13:52:27,487 [INFO] 🔍 AI 프롬프트 작물 정보: '작물: 딸기'
2025-11-17 13:52:27,487 [INFO] 🤖 AI 진단 호출
2025-11-17 13:52:34,063 [INFO] ✅ AI 진단: 488자
2025-11-17 13:52:34,066 [INFO] ✅ 답변 조립 완료
2025-11-17 13:52:45,249 [INFO] 🔍 방제이력 조회 시도
2025-11-17 13:52:45,249 [INFO]    전화번호: 1012341234
2025-11-17 13:52:45,249 [INFO]    조회기간: 30일 (cutoff: 2025-10-18T13:52:45.249229)
2025-11-17 13:52:45,250 [INFO]    조회 결과: 5개 (전체: 5개)
2025-11-17 13:52:45,250 [INFO] ✅ 최근 이력: 2025-11-17 04:35:15 - 다이마이트
2025-11-17 13:53:13,294 [INFO] 🔍 방제이력 조회 시도
2025-11-17 13:53:13,295 [INFO]    전화번호: 1012341234
2025-11-17 13:53:13,295 [INFO]    조회기간: 30일 (cutoff: 2025-10-18T13:53:13.294628)
2025-11-17 13:53:13,296 [INFO]    조회 결과: 5개 (전체: 5개)
2025-11-17 13:53:13,296 [INFO] ✅ 최근 이력: 2025-11-17 04:35:15 - 다이마이트
2025-11-17 13:53:20,318 [INFO] 🔍 save_farm_info 호출: phone=1012341234, name=''
2025-11-17 13:53:20,319 [INFO] 📝 기존 계정 업데이트
2025-11-17 13:53:20,320 [INFO] ✅ 업데이트 필드: crop, farm_area, cultivation_type, updated_at
2025-11-17 13:53:20,322 [INFO] ✅ 최종 DB 상태: phone=1012341234, name='하영', crop=딸기
2025-11-17 13:53:28,148 [INFO] 📞 1012341234 | 잎에 반점이 생겼어. 약을 추천해줘
2025-11-17 13:53:28,150 [INFO] 🔍 방제이력 조회 시도
2025-11-17 13:53:28,150 [INFO]    전화번호: 1012341234
2025-11-17 13:53:28,150 [INFO]    조회기간: 3일 (cutoff: 2025-11-14T13:53:28.150449)
2025-11-17 13:53:28,151 [INFO]    조회 결과: 5개 (전체: 5개)
2025-11-17 13:53:28,151 [INFO] ✅ 최근 이력: 2025-11-17 04:35:15 - 다이마이트
2025-11-17 13:53:28,151 [INFO] 📊 유형: 14
2025-11-17 13:53:28,151 [INFO] 📦 컨텍스트 수집 시작: 유형 14
2025-11-17 13:53:28,152 [INFO] 🔍 DEBUG: get_farm_info 반환값 전체 = {'phone': '1012341234', 'name': '하영', 'crop': '딸기', 'farm_area': '1000', 'region': '', 'cultivation_type': '온실토경', 'planting_date': '', 'address': '음성', 'password': '12341234'}
2025-11-17 13:53:28,152 [INFO] ✅ 농가정보: 하영
2025-11-17 13:53:28,152 [INFO] 🔍 DEBUG: name 필드 = '하영'
2025-11-17 13:53:28,465 [INFO] 🔍 질문에서 추출한 작물명: None
2025-11-17 13:53:28,465 [INFO] 🔍 DB에서 가져온 작물명 (저장 전): 딸기
2025-11-17 13:53:28,465 [INFO] 📌 DB에서 작물명: 딸기
2025-11-17 13:53:28,465 [INFO] ✅ 최종 설정된 작물명 (crop_name): 딸기
2025-11-17 13:53:28,465 [INFO] 🔍 방제이력 조회 시도
2025-11-17 13:53:28,466 [INFO]    전화번호: 1012341234
2025-11-17 13:53:28,466 [INFO]    조회기간: 30일 (cutoff: 2025-10-18T13:53:28.465976)
2025-11-17 13:53:28,466 [INFO]    조회 결과: 5개 (전체: 5개)
2025-11-17 13:53:28,466 [INFO] ✅ 최근 이력: 2025-11-17 04:35:15 - 다이마이트
2025-11-17 13:53:28,466 [INFO] 📋 방제이력: 5개 (30일)
2025-11-17 13:53:28,466 [WARNING] ⚠️ 병해충명 없음
2025-11-17 13:53:28,466 [INFO] ⚠️ 경고: ['WARNING_24H', 'NO_PESTICIDES']
2025-11-17 13:53:28,466 [INFO] 🔧 답변 조립 시작: 유형 14
2025-11-17 13:53:28,466 [INFO] ✅ 답변 조립 완료
2025-11-17 13:53:35,064 [INFO] 📞 1012341234 | 잎에 반점이 생겼어
2025-11-17 13:53:35,065 [INFO] 📊 유형: 10
2025-11-17 13:53:35,065 [INFO] 📦 컨텍스트 수집 시작: 유형 10
2025-11-17 13:53:35,066 [INFO] 🔍 DEBUG: get_farm_info 반환값 전체 = {'phone': '1012341234', 'name': '하영', 'crop': '딸기', 'farm_area': '1000', 'region': '', 'cultivation_type': '온실토경', 'planting_date': '', 'address': '음성', 'password': '12341234'}
2025-11-17 13:53:35,066 [INFO] ✅ 농가정보: 하영
2025-11-17 13:53:35,066 [INFO] 🔍 DEBUG: name 필드 = '하영'
2025-11-17 13:53:35,394 [INFO] 🔍 질문에서 추출한 작물명: None
2025-11-17 13:53:35,394 [INFO] 🔍 DB에서 가져온 작물명 (저장 전): 딸기
2025-11-17 13:53:35,395 [INFO] 📌 DB에서 작물명: 딸기
2025-11-17 13:53:35,395 [INFO] ✅ 최종 설정된 작물명 (crop_name): 딸기
2025-11-17 13:53:35,395 [INFO] 🔍 방제이력 조회 시도
2025-11-17 13:53:35,395 [INFO]    전화번호: 1012341234
2025-11-17 13:53:35,395 [INFO]    조회기간: 7일 (cutoff: 2025-11-10T13:53:35.395713)
2025-11-17 13:53:35,396 [INFO]    조회 결과: 5개 (전체: 5개)
2025-11-17 13:53:35,396 [INFO] ✅ 최근 이력: 2025-11-17 04:35:15 - 다이마이트
2025-11-17 13:53:35,396 [INFO] 📋 방제이력: 5개 (7일)
2025-11-17 13:53:35,396 [INFO] ⚠️ 경고: ['WARNING_24H']
2025-11-17 13:53:35,396 [INFO] 🔧 답변 조립 시작: 유형 10
2025-11-17 13:53:35,396 [INFO] 🔍 AI 진단에 전달할 작물명: 딸기
2025-11-17 13:53:35,396 [INFO] 🔍 call_ai_diagnosis 호출 - crop_name: 딸기
2025-11-17 13:53:35,396 [INFO] 🔍 AI 프롬프트 작물 정보: '작물: 딸기'
2025-11-17 13:53:35,396 [INFO] 🤖 AI 진단 호출
2025-11-17 13:53:41,485 [INFO] ✅ AI 진단: 437자
2025-11-17 13:53:41,489 [INFO] ✅ 답변 조립 완료
2025-11-17 13:56:57,995 [INFO] 🔍 save_farm_info 호출: phone=1012341234, name=''
2025-11-17 13:56:57,995 [INFO] 📝 기존 계정 업데이트
2025-11-17 13:56:57,996 [INFO] ✅ 업데이트 필드: crop, farm_area, cultivation_type, updated_at
2025-11-17 13:56:57,997 [INFO] ✅ 최종 DB 상태: phone=1012341234, name='하영', crop=감귤
2025-11-17 13:57:05,101 [INFO] 📞 1012341234 | 잎에 반점이 생겼어. 약을 추천해줘
2025-11-17 13:57:05,103 [INFO] 🔍 방제이력 조회 시도
2025-11-17 13:57:05,103 [INFO]    전화번호: 1012341234
2025-11-17 13:57:05,103 [INFO]    조회기간: 3일 (cutoff: 2025-11-14T13:57:05.103383)
2025-11-17 13:57:05,104 [INFO]    조회 결과: 5개 (전체: 5개)
2025-11-17 13:57:05,104 [INFO] ✅ 최근 이력: 2025-11-17 04:35:15 - 다이마이트
2025-11-17 13:57:05,104 [INFO] 📊 유형: 14
2025-11-17 13:57:05,104 [INFO] 📦 컨텍스트 수집 시작: 유형 14
2025-11-17 13:57:05,105 [INFO] 🔍 DEBUG: get_farm_info 반환값 전체 = {'phone': '1012341234', 'name': '하영', 'crop': '감귤', 'farm_area': '1000', 'region': '', 'cultivation_type': '온실토경', 'planting_date': '', 'address': '음성', 'password': '12341234'}
2025-11-17 13:57:05,105 [INFO] ✅ 농가정보: 하영
2025-11-17 13:57:05,105 [INFO] 🔍 DEBUG: name 필드 = '하영'
2025-11-17 13:57:05,426 [INFO] 🔍 질문에서 추출한 작물명: None
2025-11-17 13:57:05,426 [INFO] 🔍 DB에서 가져온 작물명 (저장 전): 감귤
2025-11-17 13:57:05,426 [INFO] 📌 DB에서 작물명: 감귤
2025-11-17 13:57:05,426 [INFO] ✅ 최종 설정된 작물명 (crop_name): 감귤
2025-11-17 13:57:05,426 [INFO] 🔍 방제이력 조회 시도
2025-11-17 13:57:05,427 [INFO]    전화번호: 1012341234
2025-11-17 13:57:05,427 [INFO]    조회기간: 30일 (cutoff: 2025-10-18T13:57:05.426935)
2025-11-17 13:57:05,427 [INFO]    조회 결과: 5개 (전체: 5개)
2025-11-17 13:57:05,427 [INFO] ✅ 최근 이력: 2025-11-17 04:35:15 - 다이마이트
2025-11-17 13:57:05,427 [INFO] 📋 방제이력: 5개 (30일)
2025-11-17 13:57:05,427 [WARNING] ⚠️ 병해충명 없음
2025-11-17 13:57:05,427 [INFO] ⚠️ 경고: ['WARNING_24H', 'NO_PESTICIDES']
2025-11-17 13:57:05,427 [INFO] 🔧 답변 조립 시작: 유형 14
2025-11-17 13:57:05,427 [INFO] ✅ 답변 조립 완료
2025-11-17 14:11:23,829 [INFO] 📞 1012341234 | 잎에 반점이 생겼어
2025-11-17 14:11:23,831 [INFO] 📊 유형: 10
2025-11-17 14:11:23,832 [INFO] 📦 컨텍스트 수집 시작: 유형 10
2025-11-17 14:11:23,833 [INFO] 🔍 DEBUG: get_farm_info 반환값 전체 = {'phone': '1012341234', 'name': '하영', 'crop': '감귤', 'farm_area': '1000', 'region': '', 'cultivation_type': '온실토경', 'planting_date': '', 'address': '음성', 'password': '12341234'}
2025-11-17 14:11:23,834 [INFO] ✅ 농가정보: 하영
2025-11-17 14:11:23,834 [INFO] 🔍 DEBUG: name 필드 = '하영'
2025-11-17 14:11:24,208 [INFO] 🔍 질문에서 추출한 작물명: None
2025-11-17 14:11:24,208 [INFO] 🔍 DB에서 가져온 작물명 (저장 전): 감귤
2025-11-17 14:11:24,208 [INFO] 📌 DB에서 작물명: 감귤
2025-11-17 14:11:24,208 [INFO] ✅ 최종 설정된 작물명 (crop_name): 감귤
2025-11-17 14:11:24,209 [INFO] 🔍 방제이력 조회 시도
2025-11-17 14:11:24,209 [INFO]    전화번호: 1012341234
2025-11-17 14:11:24,209 [INFO]    조회기간: 7일 (cutoff: 2025-11-10T14:11:24.209346)
2025-11-17 14:11:24,209 [INFO]    조회 결과: 5개 (전체: 5개)
2025-11-17 14:11:24,209 [INFO] ✅ 최근 이력: 2025-11-17 04:35:15 - 다이마이트
2025-11-17 14:11:24,209 [INFO] 📋 방제이력: 5개 (7일)
2025-11-17 14:11:24,209 [INFO] ⚠️ 경고: ['WARNING_24H']
2025-11-17 14:11:24,209 [INFO] 🔧 답변 조립 시작: 유형 10
2025-11-17 14:11:24,210 [INFO] 🔍 AI 진단에 전달할 작물명: 감귤
2025-11-17 14:11:24,210 [INFO] 🔍 call_ai_diagnosis 호출 - crop_name: 감귤
2025-11-17 14:11:24,210 [INFO] 🔍 AI 프롬프트 작물 정보: '작물: 감귤'
2025-11-17 14:11:24,210 [INFO] 🤖 AI 진단 호출
2025-11-17 14:11:31,252 [INFO] ✅ AI 진단: 554자
2025-11-17 14:11:31,254 [INFO] ✅ 답변 조립 완료
2025-11-17 14:59:27,935 [INFO] 🔍 방제이력 조회 시도
2025-11-17 14:59:27,938 [INFO]    전화번호: 1012341234
2025-11-17 14:59:27,938 [INFO]    조회기간: 30일 (cutoff: 2025-10-18T14:59:27.935574)
2025-11-17 14:59:27,939 [INFO]    조회 결과: 5개 (전체: 5개)
2025-11-17 14:59:27,939 [INFO] ✅ 최근 이력: 2025-11-17 04:35:15 - 다이마이트
2025-11-18 15:44:45,276 [INFO] ✅ DB 초기화 완료
2025-11-18 15:44:48,281 [INFO] ✅ AI 연결 성공
2025-11-18 15:56:23,280 [INFO] 🔍 방제이력 조회 시도
2025-11-18 15:56:23,284 [INFO]    전화번호: 1012341234
2025-11-18 15:56:23,284 [INFO]    조회기간: 30일 (cutoff: 2025-10-19T15:56:23.279951)
2025-11-18 15:56:23,284 [INFO]    조회 결과: 5개 (전체: 5개)
2025-11-18 15:56:23,285 [INFO] ✅ 최근 이력: 2025-11-17 04:35:15 - 다이마이트
2025-11-21 09:18:40,575 [INFO] 🔍 방제이력 조회 시도
2025-11-21 09:18:40,577 [INFO]    전화번호: 1012341234
2025-11-21 09:18:40,577 [INFO]    조회기간: 30일 (cutoff: 2025-10-22T09:18:40.575289)
2025-11-21 09:18:40,577 [INFO]    조회 결과: 5개 (전체: 5개)
2025-11-21 09:18:40,577 [INFO] ✅ 최근 이력: 2025-11-17 04:35:15 - 다이마이트
2025-11-21 10:32:40,946 [INFO] 🔍 방제이력 조회 시도
2025-11-21 10:32:40,949 [INFO]    전화번호: 1012341234
2025-11-21 10:32:40,949 [INFO]    조회기간: 30일 (cutoff: 2025-10-22T10:32:40.945831)
2025-11-21 10:32:40,950 [INFO]    조회 결과: 5개 (전체: 5개)
2025-11-21 10:32:40,950 [INFO] ✅ 최근 이력: 2025-11-17 04:35:15 - 다이마이트
2025-11-21 12:07:56,042 [INFO] ✅ DB 초기화 완료
2025-11-21 12:07:59,031 [INFO] ✅ AI 연결 성공
2025-11-21 12:09:02,184 [INFO] 🔐 로그인 시도 | 원본: 01012341234 | 정규화: 1012341234 | 비번길이: 8
2025-11-21 12:09:02,186 [INFO] ✅ DB 조회 성공 | 이름: 하영 | DB비번: 12341234
2025-11-21 12:09:02,186 [INFO] ✅ 로그인 성공: 하영
2025-11-21 12:09:02,530 [INFO] 🔍 방제이력 조회 시도
2025-11-21 12:09:02,530 [INFO]    전화번호: 1012341234
2025-11-21 12:09:02,531 [INFO]    조회기간: 90일 (cutoff: 2025-08-23T12:09:02.530300)
2025-11-21 12:09:02,531 [INFO]    조회 결과: 5개 (전체: 5개)
2025-11-21 12:09:02,531 [INFO] ✅ 최근 이력: 2025-11-17 04:35:15 - 다이마이트
2025-11-21 13:40:51,965 [INFO] 🔐 로그인 시도 | 원본: 01012341234 | 정규화: 1012341234 | 비번길이: 8
2025-11-21 13:40:51,968 [INFO] ✅ DB 조회 성공 | 이름: 하영 | DB비번: 12341234
2025-11-21 13:40:51,968 [INFO] ✅ 로그인 성공: 하영
2025-11-21 13:40:52,609 [INFO] 🔍 방제이력 조회 시도
2025-11-21 13:40:52,610 [INFO]    전화번호: 1012341234
2025-11-21 13:40:52,611 [INFO]    조회기간: 90일 (cutoff: 2025-08-23T13:40:52.609836)
2025-11-21 13:40:52,611 [INFO]    조회 결과: 5개 (전체: 5개)
2025-11-21 13:40:52,611 [INFO] ✅ 최근 이력: 2025-11-17 04:35:15 - 다이마이트
2025-11-21 13:42:08,541 [INFO] 📞 1012341234 | 아니왜보내기버튼 활성화가안대니
2025-11-21 13:42:08,587 [INFO] 📊 유형: 7
2025-11-21 13:42:08,587 [INFO] 📦 컨텍스트 수집 시작: 유형 7
2025-11-21 13:42:08,588 [INFO] 🔍 DEBUG: get_farm_info 반환값 전체 = {'phone': '1012341234', 'name': '하영', 'crop': '감귤', 'farm_area': '1000', 'region': '', 'cultivation_type': '온실토경', 'planting_date': '', 'address': '음성', 'password': '12341234'}
2025-11-21 13:42:08,588 [INFO] ✅ 농가정보: 하영
2025-11-21 13:42:08,588 [INFO] 🔍 DEBUG: name 필드 = '하영'
2025-11-21 13:42:09,246 [INFO] 🔍 질문에서 추출한 작물명: None
2025-11-21 13:42:09,246 [INFO] 🔍 DB에서 가져온 작물명 (저장 전): 감귤
2025-11-21 13:42:09,246 [INFO] 📌 DB에서 작물명: 감귤
2025-11-21 13:42:09,246 [INFO] ✅ 최종 설정된 작물명 (crop_name): 감귤
2025-11-21 13:42:09,247 [INFO] 🔍 방제이력 조회 시도
2025-11-21 13:42:09,247 [INFO]    전화번호: 1012341234
2025-11-21 13:42:09,247 [INFO]    조회기간: 7일 (cutoff: 2025-11-14T13:42:09.247018)
2025-11-21 13:42:09,247 [INFO]    조회 결과: 5개 (전체: 5개)
2025-11-21 13:42:09,247 [INFO] ✅ 최근 이력: 2025-11-17 04:35:15 - 다이마이트
2025-11-21 13:42:09,247 [INFO] 📋 방제이력: 5개 (7일)
2025-11-21 13:42:09,247 [INFO] 🔧 답변 조립 시작: 유형 7
2025-11-21 13:42:09,248 [INFO] 🔍 AI 진단에 전달할 작물명: 감귤
2025-11-21 13:42:09,248 [INFO] 🔍 call_ai_diagnosis 호출 - crop_name: 감귤
2025-11-21 13:42:09,249 [INFO] 🔍 AI 프롬프트 작물 정보: '작물: 감귤'
2025-11-21 13:42:09,249 [INFO] 🤖 AI 진단 호출
2025-11-21 13:42:16,712 [INFO] ✅ AI 진단: 581자
2025-11-21 13:42:16,716 [INFO] ✅ 답변 조립 완료
2025-11-21 13:43:34,563 [INFO] 🔐 로그인 시도 | 원본: 01012341234 | 정규화: 1012341234 | 비번길이: 8
2025-11-21 13:43:34,566 [INFO] ✅ DB 조회 성공 | 이름: 하영 | DB비번: 12341234
2025-11-21 13:43:34,566 [INFO] ✅ 로그인 성공: 하영
2025-11-21 13:43:35,166 [INFO] 🔍 방제이력 조회 시도
2025-11-21 13:43:35,166 [INFO]    전화번호: 1012341234
2025-11-21 13:43:35,167 [INFO]    조회기간: 90일 (cutoff: 2025-08-23T13:43:35.166024)
2025-11-21 13:43:35,167 [INFO]    조회 결과: 5개 (전체: 5개)
2025-11-21 13:43:35,167 [INFO] ✅ 최근 이력: 2025-11-17 04:35:15 - 다이마이트
2025-11-21 13:44:03,203 [INFO] 📞 1012341234 | 감귤 총채벌레 약제 추천
2025-11-21 13:44:03,205 [INFO] 🔍 방제이력 조회 시도
2025-11-21 13:44:03,205 [INFO]    전화번호: 1012341234
2025-11-21 13:44:03,205 [INFO]    조회기간: 3일 (cutoff: 2025-11-18T13:44:03.205120)
2025-11-21 13:44:03,205 [INFO]    조회 결과: 0개 (전체: 5개)
2025-11-21 13:44:03,206 [INFO] 📊 유형: 14
2025-11-21 13:44:03,206 [INFO] 📦 컨텍스트 수집 시작: 유형 14
2025-11-21 13:44:03,207 [INFO] 🔍 DEBUG: get_farm_info 반환값 전체 = {'phone': '1012341234', 'name': '하영', 'crop': '감귤', 'farm_area': '1000', 'region': '', 'cultivation_type': '온실토경', 'planting_date': '', 'address': '음성', 'password': '12341234'}
2025-11-21 13:44:03,207 [INFO] ✅ 농가정보: 하영
2025-11-21 13:44:03,207 [INFO] 🔍 DEBUG: name 필드 = '하영'
2025-11-21 13:44:03,528 [INFO] 🔍 질문에서 추출한 작물명: 감귤
2025-11-21 13:44:03,528 [INFO] ✅ 최종 설정된 작물명 (crop_name): 감귤
2025-11-21 13:44:03,528 [INFO] 🐛 병해충명: 총채벌레류
2025-11-21 13:44:03,528 [INFO] 🔍 방제이력 조회 시도
2025-11-21 13:44:03,528 [INFO]    전화번호: 1012341234
2025-11-21 13:44:03,528 [INFO]    조회기간: 30일 (cutoff: 2025-10-22T13:44:03.528772)
2025-11-21 13:44:03,529 [INFO]    조회 결과: 5개 (전체: 5개)
2025-11-21 13:44:03,529 [INFO] ✅ 최근 이력: 2025-11-17 04:35:15 - 다이마이트
2025-11-21 13:44:03,529 [INFO] 📋 방제이력: 5개 (30일)
2025-11-21 13:44:04,558 [INFO] ✅ [감귤] 시트 로드: 1766개
2025-11-21 13:44:04,558 [INFO] 🔍 검색 키워드: ['꽃노랑총채벌레', '총채벌레', '대만총채벌레', '블록총채벌래', '총체벌레류', '오이총채벌레', '난총채벌레', '파총채벌레', '좀머리총채벌레', '미나리총채벌레', '무궁화어리총채벌레', '뽕나무총채벌레', '감관총채벌레', '총채']
2025-11-21 13:44:04,623 [INFO] 📊 초기 검색: 145개
2025-11-21 13:44:04,629 [INFO] ⛔ 제외 성분: {'아사이노나피르', '사이프로디닐'}
2025-11-21 13:44:04,630 [INFO] ⛔ 3회 제외: 145개 → 144개
2025-11-21 13:44:04,630 [INFO] ⭐ 우선약제: 0개, 일반: 144개 (등록일순)
2025-11-21 13:44:04,630 [INFO] 🔄 성분 중복 제거: 144개 → 21개
2025-11-21 13:44:04,631 [INFO] ✅ 최종 결과: 21개
2025-11-21 13:44:04,631 [INFO] 💊 약제 검색: 21개
2025-11-21 13:44:04,631 [INFO] ⚠️ 경고: ['INGREDIENT_DUP']
2025-11-21 13:44:04,631 [INFO] 🔧 답변 조립 시작: 유형 14
2025-11-21 13:44:04,631 [INFO] 🤖 AI 호출: 총채벌레류 설명
2025-11-21 13:44:08,564 [INFO] ✅ AI 응답: 162자
2025-11-21 13:44:08,567 [INFO] ✅ 답변 조립 완료
2025-11-21 13:46:50,133 [INFO] 🔍 방제이력 조회 시도
2025-11-21 13:46:50,134 [INFO]    전화번호: 1012341234
2025-11-21 13:46:50,134 [INFO]    조회기간: 30일 (cutoff: 2025-10-22T13:46:50.132995)
2025-11-21 13:46:50,134 [INFO]    조회 결과: 5개 (전체: 5개)
2025-11-21 13:46:50,135 [INFO] ✅ 최근 이력: 2025-11-17 04:35:15 - 다이마이트
2025-11-21 14:01:53,081 [INFO] 🔐 로그인 시도 | 원본: 01012341234 | 정규화: 1012341234 | 비번길이: 8
2025-11-21 14:01:53,083 [INFO] ✅ DB 조회 성공 | 이름: 하영 | DB비번: 12341234
2025-11-21 14:01:53,083 [INFO] ✅ 로그인 성공: 하영
2025-11-21 14:01:53,767 [INFO] 🔍 방제이력 조회 시도
2025-11-21 14:01:53,767 [INFO]    전화번호: 1012341234
2025-11-21 14:01:53,767 [INFO]    조회기간: 90일 (cutoff: 2025-08-23T14:01:53.767345)
2025-11-21 14:01:53,769 [INFO]    조회 결과: 5개 (전체: 5개)
2025-11-21 14:01:53,770 [INFO] ✅ 최근 이력: 2025-11-17 04:35:15 - 다이마이트
2025-11-21 14:02:41,003 [INFO] 📞 1012341234 | 딸기 총채벌레가 생겼어
2025-11-21 14:02:41,006 [INFO] 🔍 방제이력 조회 시도
2025-11-21 14:02:41,006 [INFO]    전화번호: 1012341234
2025-11-21 14:02:41,006 [INFO]    조회기간: 3일 (cutoff: 2025-11-18T14:02:41.006684)
2025-11-21 14:02:41,007 [INFO]    조회 결과: 0개 (전체: 5개)
2025-11-21 14:02:41,007 [INFO] 📊 유형: 14
2025-11-21 14:02:41,007 [INFO] 📦 컨텍스트 수집 시작: 유형 14
2025-11-21 14:02:41,008 [INFO] 🔍 DEBUG: get_farm_info 반환값 전체 = {'phone': '1012341234', 'name': '하영', 'crop': '감귤', 'farm_area': '1000', 'region': '', 'cultivation_type': '온실토경', 'planting_date': '', 'address': '음성', 'password': '12341234'}
2025-11-21 14:02:41,008 [INFO] ✅ 농가정보: 하영
2025-11-21 14:02:41,008 [INFO] 🔍 DEBUG: name 필드 = '하영'
2025-11-21 14:02:41,392 [INFO] 🔍 질문에서 추출한 작물명: 딸기
2025-11-21 14:02:41,392 [INFO] ✅ 최종 설정된 작물명 (crop_name): 딸기
2025-11-21 14:02:41,392 [INFO] 🐛 병해충명: 총채벌레류
2025-11-21 14:02:41,393 [INFO] 🔍 방제이력 조회 시도
2025-11-21 14:02:41,393 [INFO]    전화번호: 1012341234
2025-11-21 14:02:41,393 [INFO]    조회기간: 30일 (cutoff: 2025-10-22T14:02:41.393386)
2025-11-21 14:02:41,393 [INFO]    조회 결과: 5개 (전체: 5개)
2025-11-21 14:02:41,393 [INFO] ✅ 최근 이력: 2025-11-17 04:35:15 - 다이마이트
2025-11-21 14:02:41,394 [INFO] 📋 방제이력: 5개 (30일)
2025-11-21 14:02:42,241 [INFO] ✅ [딸기] 시트 로드: 890개
2025-11-21 14:02:42,241 [INFO] 🔍 검색 키워드: ['꽃노랑총채벌레', '총채벌레', '대만총채벌레', '블록총채벌래', '총체벌레류', '오이총채벌레', '난총채벌레', '파총채벌레', '좀머리총채벌레', '미나리총채벌레', '무궁화어리총채벌레', '뽕나무총채벌레', '감관총채벌레', '총채']
2025-11-21 14:02:42,270 [INFO] 📊 초기 검색: 41개
2025-11-21 14:02:42,271 [INFO] ⛔ 제외 성분: {'아사이노나피르'}
2025-11-21 14:02:42,272 [INFO] ⛔ 3회 제외: 41개 → 41개
2025-11-21 14:02:42,272 [INFO] ⭐ 우선약제: 0개, 일반: 41개 (등록일순)
2025-11-21 14:02:42,272 [INFO] 🔄 성분 중복 제거: 41개 → 10개
2025-11-21 14:02:42,272 [INFO] ✅ 최종 결과: 10개
2025-11-21 14:02:42,272 [INFO] 💊 약제 검색: 10개
2025-11-21 14:02:42,272 [INFO] ⚠️ 경고: ['INGREDIENT_DUP']
2025-11-21 14:02:42,272 [INFO] 🔧 답변 조립 시작: 유형 14
2025-11-21 14:02:42,272 [INFO] 🤖 AI 호출: 총채벌레류 설명
2025-11-21 14:02:46,247 [INFO] ✅ AI 응답: 156자
2025-11-21 14:02:46,250 [INFO] ✅ 답변 조립 완료
2025-11-21 14:07:17,135 [INFO] 🔐 로그인 시도 | 원본: 01012341234 | 정규화: 1012341234 | 비번길이: 8
2025-11-21 14:07:17,138 [INFO] ✅ DB 조회 성공 | 이름: 하영 | DB비번: 12341234
2025-11-21 14:07:17,138 [INFO] ✅ 로그인 성공: 하영
2025-11-21 14:07:17,754 [INFO] 🔍 방제이력 조회 시도
2025-11-21 14:07:17,754 [INFO]    전화번호: 1012341234
2025-11-21 14:07:17,754 [INFO]    조회기간: 90일 (cutoff: 2025-08-23T14:07:17.754471)
2025-11-21 14:07:17,756 [INFO]    조회 결과: 5개 (전체: 5개)
2025-11-21 14:07:17,756 [INFO] ✅ 최근 이력: 2025-11-17 04:35:15 - 다이마이트
2025-11-21 14:13:46,805 [INFO] 🔐 로그인 시도 | 원본: 01012341234 | 정규화: 1012341234 | 비번길이: 8
2025-11-21 14:13:46,807 [INFO] ✅ DB 조회 성공 | 이름: 하영 | DB비번: 12341234
2025-11-21 14:13:46,807 [WARNING] ❌ 비밀번호 불일치 | 입력: 12341111 | DB: 12341234
2025-11-21 14:13:51,316 [INFO] 🔐 로그인 시도 | 원본: 01012341234 | 정규화: 1012341234 | 비번길이: 8
2025-11-21 14:13:51,317 [INFO] ✅ DB 조회 성공 | 이름: 하영 | DB비번: 12341234
2025-11-21 14:13:51,318 [INFO] ✅ 로그인 성공: 하영
2025-11-21 14:13:51,923 [INFO] 🔍 방제이력 조회 시도
2025-11-21 14:13:51,924 [INFO]    전화번호: 1012341234
2025-11-21 14:13:51,924 [INFO]    조회기간: 90일 (cutoff: 2025-08-23T14:13:51.923643)
2025-11-21 14:13:51,924 [INFO]    조회 결과: 5개 (전체: 5개)
2025-11-21 14:13:51,924 [INFO] ✅ 최근 이력: 2025-11-17 04:35:15 - 다이마이트
2025-11-21 14:19:39,776 [INFO] 🔐 로그인 시도 | 원본: 01012341234 | 정규화: 1012341234 | 비번길이: 8
2025-11-21 14:19:39,779 [INFO] ✅ DB 조회 성공 | 이름: 하영 | DB비번: 12341234
2025-11-21 14:19:39,779 [INFO] ✅ 로그인 성공: 하영
2025-11-21 14:19:40,470 [INFO] 🔍 방제이력 조회 시도
2025-11-21 14:19:40,471 [INFO]    전화번호: 1012341234
2025-11-21 14:19:40,471 [INFO]    조회기간: 90일 (cutoff: 2025-08-23T14:19:40.470622)
2025-11-21 14:19:40,472 [INFO]    조회 결과: 5개 (전체: 5개)
2025-11-21 14:19:40,472 [INFO] ✅ 최근 이력: 2025-11-17 04:35:15 - 다이마이트
2025-11-21 14:19:57,168 [INFO] 🔍 save_farm_info 호출: phone=1012341234, name=''
2025-11-21 14:19:57,169 [INFO] 📝 기존 계정 업데이트
2025-11-21 14:19:57,170 [INFO] ✅ 업데이트 필드: crop, farm_area, region, cultivation_type, updated_at
2025-11-21 14:19:57,171 [INFO] ✅ 최종 DB 상태: phone=1012341234, name='하영', crop=딸기
2025-11-21 14:20:13,967 [INFO] 🔍 방제이력 저장 시도
2025-11-21 14:20:13,967 [INFO]    전화번호: 1012341234
2025-11-21 14:20:13,967 [INFO]    원본 데이터: {'phone': '1012341234', 'spray_date': '2025-11-21', 'pest_name': '응애', 'pesticide_name': '인시피오', 'amount': '', 'temperature': ''}
2025-11-21 14:20:13,967 [INFO]    병해충명: 응애
2025-11-21 14:20:13,967 [INFO]    약제명: 인시피오
2025-11-21 14:20:13,970 [INFO] ✅ 저장 성공: ID=10, created_at=2025-11-21 05:20:13
2025-11-21 14:20:50,262 [INFO] 📞 1012341234 | 딸기 총채벌레 약제추천
2025-11-21 14:20:50,264 [INFO] 🔍 방제이력 조회 시도
2025-11-21 14:20:50,264 [INFO]    전화번호: 1012341234
2025-11-21 14:20:50,264 [INFO]    조회기간: 3일 (cutoff: 2025-11-18T14:20:50.264572)
2025-11-21 14:20:50,265 [INFO]    조회 결과: 1개 (전체: 6개)
2025-11-21 14:20:50,265 [INFO] ✅ 최근 이력: 2025-11-21 05:20:13 - 인시피오
2025-11-21 14:20:50,265 [INFO] 📊 유형: 14
2025-11-21 14:20:50,265 [INFO] 📦 컨텍스트 수집 시작: 유형 14
2025-11-21 14:20:50,266 [INFO] 🔍 DEBUG: get_farm_info 반환값 전체 = {'phone': '1012341234', 'name': '하영', 'crop': '딸기', 'farm_area': '200', 'region': '논산', 'cultivation_type': '온실수경', 'planting_date': '', 'address': '음성', 'password': '12341234'}
2025-11-21 14:20:50,266 [INFO] ✅ 농가정보: 하영
2025-11-21 14:20:50,266 [INFO] 🔍 DEBUG: name 필드 = '하영'
2025-11-21 14:20:50,614 [INFO] 🔍 질문에서 추출한 작물명: 딸기
2025-11-21 14:20:50,614 [INFO] ✅ 최종 설정된 작물명 (crop_name): 딸기
2025-11-21 14:20:50,615 [INFO] 🐛 병해충명: 총채벌레류
2025-11-21 14:20:50,615 [INFO] 🔍 방제이력 조회 시도
2025-11-21 14:20:50,615 [INFO]    전화번호: 1012341234
2025-11-21 14:20:50,615 [INFO]    조회기간: 30일 (cutoff: 2025-10-22T14:20:50.615425)
2025-11-21 14:20:50,615 [INFO]    조회 결과: 6개 (전체: 6개)
2025-11-21 14:20:50,615 [INFO] ✅ 최근 이력: 2025-11-21 05:20:13 - 인시피오
2025-11-21 14:20:50,615 [INFO] 📋 방제이력: 6개 (30일)
2025-11-21 14:20:51,441 [INFO] ✅ [딸기] 시트 로드: 890개
2025-11-21 14:20:51,441 [INFO] 🔍 검색 키워드: ['꽃노랑총채벌레', '총채벌레', '대만총채벌레', '블록총채벌래', '총체벌레류', '오이총채벌레', '난총채벌레', '파총채벌레', '좀머리총채벌레', '미나리총채벌레', '무궁화어리총채벌레', '뽕나무총채벌레', '감관총채벌레', '총채']
2025-11-21 14:20:51,469 [INFO] 📊 초기 검색: 41개
2025-11-21 14:20:51,471 [INFO] ⛔ 제외 성분: {'아사이노나피르', '아이소사이클로세람'}
2025-11-21 14:20:51,472 [INFO] ⛔ 3회 제외: 41개 → 41개
2025-11-21 14:20:51,472 [INFO] ⭐ 우선약제: 0개, 일반: 41개 (등록일순)
2025-11-21 14:20:51,472 [INFO] 🔄 성분 중복 제거: 41개 → 10개
2025-11-21 14:20:51,472 [INFO] ✅ 최종 결과: 10개
2025-11-21 14:20:51,472 [INFO] 💊 약제 검색: 10개
2025-11-21 14:20:51,472 [INFO] ⚠️ 경고: ['WARNING_24H', 'INGREDIENT_DUP']
2025-11-21 14:20:51,472 [INFO] 🔧 답변 조립 시작: 유형 14
2025-11-21 14:20:51,472 [INFO] 🤖 AI 호출: 총채벌레류 설명
2025-11-21 14:20:55,540 [INFO] ✅ AI 응답: 158자
2025-11-21 14:20:55,542 [INFO] ✅ 답변 조립 완료
2025-11-21 15:05:10,713 [INFO] 🔍 save_farm_info 호출: phone=1011111111, name='테스트'
2025-11-21 15:05:10,715 [INFO] ✨ 신규 회원 가입
2025-11-21 15:05:10,717 [INFO] ✅ 최종 DB 상태: phone=1011111111, name='테스트', crop=
2025-11-21 15:05:27,156 [INFO] 🔐 로그인 시도 | 원본: 01011111111 | 정규화: 1011111111 | 비번길이: 8
2025-11-21 15:05:27,158 [INFO] ✅ DB 조회 성공 | 이름: 테스트 | DB비번: 11111111
2025-11-21 15:05:27,159 [INFO] ✅ 로그인 성공: 테스트
2025-11-21 15:05:27,855 [INFO] 🔍 방제이력 조회 시도
2025-11-21 15:05:27,856 [INFO]    전화번호: 1011111111
2025-11-21 15:05:27,856 [INFO]    조회기간: 90일 (cutoff: 2025-08-23T15:05:27.855630)
2025-11-21 15:05:27,862 [INFO]    조회 결과: 0개 (전체: 0개)
2025-11-21 15:14:56,215 [INFO] 🔍 save_farm_info 호출: phone=1088888888, name='조하용가리'
2025-11-21 15:14:56,217 [INFO] ✨ 신규 회원 가입
2025-11-21 15:14:56,218 [INFO] ✅ 최종 DB 상태: phone=1088888888, name='조하용가리', crop=딸기
2025-11-21 15:15:03,760 [INFO] 🔐 로그인 시도 | 원본: 01088888888 | 정규화: 1088888888 | 비번길이: 8
2025-11-21 15:15:03,761 [INFO] ✅ DB 조회 성공 | 이름: 조하용가리 | DB비번: 88888888
2025-11-21 15:15:03,762 [INFO] ✅ 로그인 성공: 조하용가리
2025-11-21 15:15:04,397 [INFO] 🔍 방제이력 조회 시도
2025-11-21 15:15:04,398 [INFO]    전화번호: 1088888888
2025-11-21 15:15:04,398 [INFO]    조회기간: 90일 (cutoff: 2025-08-23T15:15:04.397889)
2025-11-21 15:15:04,399 [INFO]    조회 결과: 0개 (전체: 0개)
2025-11-21 15:16:31,634 [INFO] 📞 1088888888 | 딸기 응애에 효과적인 약제 추천
2025-11-21 15:16:31,636 [INFO] 🔍 방제이력 조회 시도
2025-11-21 15:16:31,636 [INFO]    전화번호: 1088888888
2025-11-21 15:16:31,636 [INFO]    조회기간: 3일 (cutoff: 2025-11-18T15:16:31.636701)
2025-11-21 15:16:31,637 [INFO]    조회 결과: 0개 (전체: 0개)
2025-11-21 15:16:31,637 [INFO] 📊 유형: 14
2025-11-21 15:16:31,637 [INFO] 📦 컨텍스트 수집 시작: 유형 14
2025-11-21 15:16:31,638 [INFO] 🔍 DEBUG: get_farm_info 반환값 전체 = {'phone': '1088888888', 'name': '조하용가리', 'crop': '딸기', 'farm_area': '1000', 'region': '제주특별자치도 서귀포시 남원읍 (현위치)', 'cultivation_type': '시설원예', 'planting_date': '', 'address': '', 'password': '88888888'}
2025-11-21 15:16:31,638 [INFO] ✅ 농가정보: 조하용가리
2025-11-21 15:16:31,638 [INFO] 🔍 DEBUG: name 필드 = '조하용가리'
2025-11-21 15:16:31,960 [INFO] 🔍 질문에서 추출한 작물명: 딸기
2025-11-21 15:16:31,960 [INFO] ✅ 최종 설정된 작물명 (crop_name): 딸기
2025-11-21 15:16:31,960 [INFO] 🐛 병해충명: 응애류
2025-11-21 15:16:31,961 [INFO] 🔍 방제이력 조회 시도
2025-11-21 15:16:31,963 [INFO]    전화번호: 1088888888
2025-11-21 15:16:31,963 [INFO]    조회기간: 30일 (cutoff: 2025-10-22T15:16:31.961455)
2025-11-21 15:16:31,964 [INFO]    조회 결과: 0개 (전체: 0개)
2025-11-21 15:16:31,964 [INFO] 📋 방제이력: 0개 (30일)
2025-11-21 15:16:32,787 [INFO] ✅ [딸기] 시트 로드: 890개
2025-11-21 15:16:32,787 [INFO] 🔍 검색 키워드: ['점박이응애', '응애', '차응애', '뿌리응애', '겨울배추검정응애', '차먼지응애', '사과응애', '응애류', '마늘혹응애', '흑응애', '오이긴털가루응애', '버섯응애류', '간자와응애', '전나무잎응애', '귤응애', '토마토녹응애', '녹응애']
2025-11-21 15:16:32,817 [INFO] 📊 초기 검색: 89개
2025-11-21 15:16:32,818 [INFO] ⭐ 우선약제: 2개, 일반: 87개 (등록일순)
2025-11-21 15:16:32,818 [INFO] 🔄 성분 중복 제거: 89개 → 19개
2025-11-21 15:16:32,818 [INFO] ✅ 최종 결과: 19개
2025-11-21 15:16:32,819 [INFO] 💊 약제 검색: 19개
2025-11-21 15:16:32,819 [INFO] 🔧 답변 조립 시작: 유형 14
2025-11-21 15:16:32,820 [INFO] 🤖 AI 호출: 응애류 설명
2025-11-21 15:16:36,702 [INFO] ✅ AI 응답: 155자
2025-11-21 15:16:36,703 [INFO] ✅ 답변 조립 완료
2025-11-21 15:30:36,956 [INFO] 🔍 save_farm_info 호출: phone=1099999999, name='메롱'
2025-11-21 15:30:36,958 [INFO] ✨ 신규 회원 가입
2025-11-21 15:30:36,960 [INFO] ✅ 최종 DB 상태: phone=1099999999, name='메롱', crop=샤인머스켓
2025-11-21 15:41:53,046 [INFO] 🔍 save_farm_info 호출: phone=1077777777, name='조고동이'
2025-11-21 15:41:53,048 [INFO] ✨ 신규 회원 가입
2025-11-21 15:41:53,050 [INFO] ✅ 최종 DB 상태: phone=1077777777, name='조고동이', crop=블루베리
2025-11-21 15:46:30,270 [INFO] ✅ DB 초기화 완료
2025-11-21 15:46:33,227 [INFO] ✅ AI 연결 성공
2025-11-21 15:47:42,942 [INFO] 🔍 save_farm_info 호출: phone=1033333333, name='조우렁'
2025-11-21 15:47:42,943 [INFO] ✨ 신규 회원 가입
2025-11-21 15:47:42,946 [INFO] ✅ 최종 DB 상태: phone=1033333333, name='조우렁', crop=상추
2025-11-21 16:07:03,914 [INFO] 🔐 로그인 시도 | 원본: 01012341234 | 정규화: 1012341234 | 비번길이: 8
2025-11-21 16:07:03,917 [INFO] ✅ DB 조회 성공 | 이름: 하영 | DB비번: 12341234
2025-11-21 16:07:03,917 [INFO] ✅ 로그인 성공: 하영
2025-11-21 16:07:04,570 [INFO] 🔍 방제이력 조회 시도
2025-11-21 16:07:04,571 [INFO]    전화번호: 1012341234
2025-11-21 16:07:04,571 [INFO]    조회기간: 90일 (cutoff: 2025-08-23T16:07:04.570904)
2025-11-21 16:07:04,574 [INFO]    조회 결과: 6개 (전체: 6개)
2025-11-21 16:07:04,574 [INFO] ✅ 최근 이력: 2025-11-21 05:20:13 - 인시피오
2025-11-21 16:09:58,504 [INFO] 🔐 로그인 시도 | 원본: 01012341234 | 정규화: 1012341234 | 비번길이: 8
2025-11-21 16:09:58,506 [INFO] ✅ DB 조회 성공 | 이름: 하영 | DB비번: 12341234
2025-11-21 16:09:58,507 [INFO] ✅ 로그인 성공: 하영
2025-11-21 16:09:59,196 [INFO] 🔍 방제이력 조회 시도
2025-11-21 16:09:59,196 [INFO]    전화번호: 1012341234
2025-11-21 16:09:59,197 [INFO]    조회기간: 90일 (cutoff: 2025-08-23T16:09:59.196278)
2025-11-21 16:09:59,200 [INFO]    조회 결과: 6개 (전체: 6개)
2025-11-21 16:09:59,200 [INFO] ✅ 최근 이력: 2025-11-21 05:20:13 - 인시피오
2025-11-21 16:10:38,631 [INFO] 🔐 로그인 시도 | 원본: 01012341234 | 정규화: 1012341234 | 비번길이: 8
2025-11-21 16:10:38,634 [INFO] ✅ DB 조회 성공 | 이름: 하영 | DB비번: 12341234
2025-11-21 16:10:38,634 [INFO] ✅ 로그인 성공: 하영
2025-11-21 16:10:39,159 [INFO] 🔍 방제이력 조회 시도
2025-11-21 16:10:39,159 [INFO]    전화번호: 1012341234
2025-11-21 16:10:39,159 [INFO]    조회기간: 90일 (cutoff: 2025-08-23T16:10:39.159013)
2025-11-21 16:10:39,160 [INFO]    조회 결과: 6개 (전체: 6개)
2025-11-21 16:10:39,160 [INFO] ✅ 최근 이력: 2025-11-21 05:20:13 - 인시피오
2025-11-21 16:10:39,162 [INFO] 🔍 방제이력 조회 시도
2025-11-21 16:10:39,164 [INFO]    전화번호: 1012341234
2025-11-21 16:10:39,164 [INFO]    조회기간: 90일 (cutoff: 2025-08-23T16:10:39.162758)
2025-11-21 16:10:39,165 [INFO]    조회 결과: 6개 (전체: 6개)
2025-11-21 16:10:39,165 [INFO] ✅ 최근 이력: 2025-11-21 05:20:13 - 인시피오
2025-11-21 16:10:53,385 [INFO] 📞 1012341234 | 딸기 응애 종류 알려줘
2025-11-21 16:10:53,418 [INFO] 🔍 방제이력 조회 시도
2025-11-21 16:10:53,418 [INFO]    전화번호: 1012341234
2025-11-21 16:10:53,418 [INFO]    조회기간: 3일 (cutoff: 2025-11-18T16:10:53.418069)
2025-11-21 16:10:53,418 [INFO]    조회 결과: 1개 (전체: 6개)
2025-11-21 16:10:53,418 [INFO] ✅ 최근 이력: 2025-11-21 05:20:13 - 인시피오
2025-11-21 16:10:53,418 [INFO] 📊 유형: 14
2025-11-21 16:10:53,418 [INFO] 📦 컨텍스트 수집 시작: 유형 14
2025-11-21 16:10:53,419 [INFO] 🔍 DEBUG: get_farm_info 반환값 전체 = {'phone': '1012341234', 'name': '하영', 'crop': '딸기', 'farm_area': '200', 'region': '논산', 'cultivation_type': '온실수경', 'planting_date': '', 'address': '음성', 'password': '12341234', 'facility_structure': None, 'dong_count': None}
2025-11-21 16:10:53,419 [INFO] ✅ 농가정보: 하영
2025-11-21 16:10:53,419 [INFO] 🔍 DEBUG: name 필드 = '하영'
2025-11-21 16:10:53,972 [INFO] 🔍 질문에서 추출한 작물명: 딸기
2025-11-21 16:10:53,972 [INFO] ✅ 최종 설정된 작물명 (crop_name): 딸기
2025-11-21 16:10:53,972 [INFO] 🐛 병해충명: 응애류
2025-11-21 16:10:53,973 [INFO] 🔍 방제이력 조회 시도
2025-11-21 16:10:53,973 [INFO]    전화번호: 1012341234
2025-11-21 16:10:53,973 [INFO]    조회기간: 30일 (cutoff: 2025-10-22T16:10:53.973239)
2025-11-21 16:10:53,973 [INFO]    조회 결과: 6개 (전체: 6개)
2025-11-21 16:10:53,973 [INFO] ✅ 최근 이력: 2025-11-21 05:20:13 - 인시피오
2025-11-21 16:10:53,973 [INFO] 📋 방제이력: 6개 (30일)
2025-11-21 16:10:54,805 [INFO] ✅ [딸기] 시트 로드: 890개
2025-11-21 16:10:54,805 [INFO] 🔍 검색 키워드: ['점박이응애', '응애', '차응애', '뿌리응애', '겨울배추검정응애', '차먼지응애', '사과응애', '응애류', '마늘혹응애', '흑응애', '오이긴털가루응애', '버섯응애류', '간자와응애', '전나무잎응애', '귤응애', '토마토녹응애', '녹응애']
2025-11-21 16:10:54,838 [INFO] 📊 초기 검색: 89개
2025-11-21 16:10:54,843 [INFO] ⛔ 제외 성분: {'아사이노나피르', '아이소사이클로세람'}
2025-11-21 16:10:54,843 [INFO] ⛔ 3회 제외: 89개 → 83개
2025-11-21 16:10:54,843 [INFO] ⭐ 우선약제: 0개, 일반: 83개 (등록일순)
2025-11-21 16:10:54,843 [INFO] 🔄 성분 중복 제거: 83개 → 17개
2025-11-21 16:10:54,843 [INFO] ✅ 최종 결과: 17개
2025-11-21 16:10:54,843 [INFO] 💊 약제 검색: 17개
2025-11-21 16:10:54,843 [INFO] ⚠️ 경고: ['WARNING_24H', 'INGREDIENT_DUP']
2025-11-21 16:10:54,844 [INFO] 🔧 답변 조립 시작: 유형 14
2025-11-21 16:10:54,844 [INFO] 🤖 AI 호출: 응애류 설명
2025-11-21 16:10:58,940 [INFO] ✅ AI 응답: 159자
2025-11-21 16:10:58,942 [INFO] ✅ 답변 조립 완료
2025-11-21 16:26:02,869 [INFO] 🔐 로그인 시도 | 원본: 01012341234 | 정규화: 1012341234 | 비번길이: 8
2025-11-21 16:26:02,872 [INFO] ✅ DB 조회 성공 | 이름: 하영 | DB비번: 12341234
2025-11-21 16:26:02,872 [INFO] ✅ 로그인 성공: 하영
2025-11-21 16:26:03,406 [INFO] 🔍 방제이력 조회 시도
2025-11-21 16:26:03,407 [INFO]    전화번호: 1012341234
2025-11-21 16:26:03,407 [INFO]    조회기간: 90일 (cutoff: 2025-08-23T16:26:03.406957)
2025-11-21 16:26:03,408 [INFO]    조회 결과: 6개 (전체: 6개)
2025-11-21 16:26:03,409 [INFO] ✅ 최근 이력: 2025-11-21 05:20:13 - 인시피오
2025-11-21 16:26:03,411 [INFO] 🔍 방제이력 조회 시도
2025-11-21 16:26:03,411 [INFO]    전화번호: 1012341234
2025-11-21 16:26:03,411 [INFO]    조회기간: 90일 (cutoff: 2025-08-23T16:26:03.410989)
2025-11-21 16:26:03,411 [INFO]    조회 결과: 6개 (전체: 6개)
2025-11-21 16:26:03,411 [INFO] ✅ 최근 이력: 2025-11-21 05:20:13 - 인시피오
2025-11-21 16:26:15,205 [INFO] 📞 1012341234 | 딸기 총채벌레 농약 추천
2025-11-21 16:26:15,210 [INFO] 🔍 방제이력 조회 시도
2025-11-21 16:26:15,210 [INFO]    전화번호: 1012341234
2025-11-21 16:26:15,210 [INFO]    조회기간: 3일 (cutoff: 2025-11-18T16:26:15.210434)
2025-11-21 16:26:15,211 [INFO]    조회 결과: 1개 (전체: 6개)
2025-11-21 16:26:15,211 [INFO] ✅ 최근 이력: 2025-11-21 05:20:13 - 인시피오
2025-11-21 16:26:15,211 [INFO] 📊 유형: 14
2025-11-21 16:26:15,211 [INFO] 📦 컨텍스트 수집 시작: 유형 14
2025-11-21 16:26:15,212 [INFO] 🔍 DEBUG: get_farm_info 반환값 전체 = {'phone': '1012341234', 'name': '하영', 'crop': '딸기', 'farm_area': '200', 'region': '논산', 'cultivation_type': '온실수경', 'planting_date': '', 'address': '음성', 'password': '12341234', 'facility_structure': None, 'dong_count': None}
2025-11-21 16:26:15,213 [INFO] ✅ 농가정보: 하영
2025-11-21 16:26:15,213 [INFO] 🔍 DEBUG: name 필드 = '하영'
2025-11-21 16:26:15,549 [INFO] 🔍 질문에서 추출한 작물명: 딸기
2025-11-21 16:26:15,550 [INFO] ✅ 최종 설정된 작물명 (crop_name): 딸기
2025-11-21 16:26:15,550 [INFO] 🐛 병해충명: 총채벌레류
2025-11-21 16:26:15,550 [INFO] 🔍 방제이력 조회 시도
2025-11-21 16:26:15,550 [INFO]    전화번호: 1012341234
2025-11-21 16:26:15,550 [INFO]    조회기간: 30일 (cutoff: 2025-10-22T16:26:15.550575)
2025-11-21 16:26:15,550 [INFO]    조회 결과: 6개 (전체: 6개)
2025-11-21 16:26:15,551 [INFO] ✅ 최근 이력: 2025-11-21 05:20:13 - 인시피오
2025-11-21 16:26:15,551 [INFO] 📋 방제이력: 6개 (30일)
2025-11-21 16:26:16,384 [INFO] ✅ [딸기] 시트 로드: 890개
2025-11-21 16:26:16,385 [INFO] 🔍 검색 키워드: ['꽃노랑총채벌레', '총채벌레', '대만총채벌레', '블록총채벌래', '총체벌레류', '오이총채벌레', '난총채벌레', '파총채벌레', '좀머리총채벌레', '미나리총채벌레', '무궁화어리총채벌레', '뽕나무총채벌레', '감관총채벌레', '총채']
2025-11-21 16:26:16,414 [INFO] 📊 초기 검색: 41개
2025-11-21 16:26:16,416 [INFO] ⛔ 제외 성분: {'아사이노나피르', '아이소사이클로세람'}
2025-11-21 16:26:16,417 [INFO] ⛔ 3회 제외: 41개 → 41개
2025-11-21 16:26:16,417 [INFO] ⭐ 우선약제: 0개, 일반: 41개 (등록일순)
2025-11-21 16:26:16,417 [INFO] 🔄 성분 중복 제거: 41개 → 10개
2025-11-21 16:26:16,417 [INFO] ✅ 최종 결과: 10개
2025-11-21 16:26:16,417 [INFO] 💊 약제 검색: 10개
2025-11-21 16:26:16,417 [INFO] ⚠️ 경고: ['WARNING_24H', 'INGREDIENT_DUP']
2025-11-21 16:26:16,417 [INFO] 🔧 답변 조립 시작: 유형 14
2025-11-21 16:26:16,417 [INFO] 🤖 AI 호출: 총채벌레류 설명
2025-11-21 16:26:20,317 [INFO] ✅ AI 응답: 158자
2025-11-21 16:26:20,322 [INFO] ✅ 답변 조립 완료
2025-11-22 09:30:28,178 [INFO] 🔐 로그인 시도 | 원본: 01012341234 | 정규화: 1012341234 | 비번길이: 8
2025-11-22 09:30:28,183 [INFO] ✅ DB 조회 성공 | 이름: 하영 | DB비번: 12341234
2025-11-22 09:30:28,184 [INFO] ✅ 로그인 성공: 하영
2025-11-22 09:30:28,687 [INFO] 🔍 방제이력 조회 시도
2025-11-22 09:30:28,688 [INFO]    전화번호: 1012341234
2025-11-22 09:30:28,688 [INFO]    조회기간: 90일 (cutoff: 2025-08-24T09:30:28.687650)
2025-11-22 09:30:28,692 [INFO]    조회 결과: 6개 (전체: 6개)
2025-11-22 09:30:28,692 [INFO] ✅ 최근 이력: 2025-11-21 05:20:13 - 인시피오
2025-11-22 09:30:28,701 [INFO] 🔍 방제이력 조회 시도
2025-11-22 09:30:28,701 [INFO]    전화번호: 1012341234
2025-11-22 09:30:28,701 [INFO]    조회기간: 90일 (cutoff: 2025-08-24T09:30:28.701065)
2025-11-22 09:30:28,701 [INFO]    조회 결과: 6개 (전체: 6개)
2025-11-22 09:30:28,702 [INFO] ✅ 최근 이력: 2025-11-21 05:20:13 - 인시피오
2025-11-22 10:05:50,990 [INFO] 🔐 로그인 시도 | 원본: 01012341234 | 정규화: 1012341234 | 비번길이: 8
2025-11-22 10:05:50,993 [INFO] ✅ DB 조회 성공 | 이름: 하영 | DB비번: 12341234
2025-11-22 10:05:50,993 [INFO] ✅ 로그인 성공: 하영
2025-11-22 10:05:51,520 [INFO] 🔍 방제이력 조회 시도
2025-11-22 10:05:51,537 [INFO]    전화번호: 1012341234
2025-11-22 10:05:51,537 [INFO]    조회기간: 90일 (cutoff: 2025-08-24T10:05:51.520506)
2025-11-22 10:05:51,539 [INFO]    조회 결과: 6개 (전체: 6개)
2025-11-22 10:05:51,539 [INFO] ✅ 최근 이력: 2025-11-21 05:20:13 - 인시피오
2025-11-22 10:05:51,541 [INFO] 🔍 방제이력 조회 시도
2025-11-22 10:05:51,541 [INFO]    전화번호: 1012341234
2025-11-22 10:05:51,541 [INFO]    조회기간: 90일 (cutoff: 2025-08-24T10:05:51.541552)
2025-11-22 10:05:51,541 [INFO]    조회 결과: 6개 (전체: 6개)
2025-11-22 10:05:51,542 [INFO] ✅ 최근 이력: 2025-11-21 05:20:13 - 인시피오
2025-11-22 10:15:35,959 [INFO] 🔐 로그인 시도 | 원본: 01012341234 | 정규화: 1012341234 | 비번길이: 8
2025-11-22 10:15:35,961 [INFO] ✅ DB 조회 성공 | 이름: 하영 | DB비번: 12341234
2025-11-22 10:15:35,961 [INFO] ✅ 로그인 성공: 하영
2025-11-22 10:15:36,431 [INFO] 🔍 방제이력 조회 시도
2025-11-22 10:15:36,431 [INFO]    전화번호: 1012341234
2025-11-22 10:15:36,432 [INFO]    조회기간: 90일 (cutoff: 2025-08-24T10:15:36.431340)
2025-11-22 10:15:36,432 [INFO]    조회 결과: 6개 (전체: 6개)
2025-11-22 10:15:36,432 [INFO] ✅ 최근 이력: 2025-11-21 05:20:13 - 인시피오
2025-11-22 10:15:36,434 [INFO] 🔍 방제이력 조회 시도
2025-11-22 10:15:36,435 [INFO]    전화번호: 1012341234
2025-11-22 10:15:36,435 [INFO]    조회기간: 90일 (cutoff: 2025-08-24T10:15:36.434804)
2025-11-22 10:15:36,436 [INFO]    조회 결과: 6개 (전체: 6개)
2025-11-22 10:15:36,436 [INFO] ✅ 최근 이력: 2025-11-21 05:20:13 - 인시피오
2025-11-22 10:21:52,600 [INFO] 🔐 로그인 시도 | 원본: 01012341234 | 정규화: 1012341234 | 비번길이: 8
2025-11-22 10:21:52,603 [INFO] ✅ DB 조회 성공 | 이름: 하영 | DB비번: 12341234
2025-11-22 10:21:52,603 [INFO] ✅ 로그인 성공: 하영
2025-11-22 10:21:53,122 [INFO] 🔍 방제이력 조회 시도
2025-11-22 10:21:53,123 [INFO]    전화번호: 1012341234
2025-11-22 10:21:53,123 [INFO]    조회기간: 90일 (cutoff: 2025-08-24T10:21:53.122574)
2025-11-22 10:21:53,124 [INFO]    조회 결과: 6개 (전체: 6개)
2025-11-22 10:21:53,125 [INFO] ✅ 최근 이력: 2025-11-21 05:20:13 - 인시피오
2025-11-22 10:21:53,127 [INFO] 🔍 방제이력 조회 시도
2025-11-22 10:21:53,127 [INFO]    전화번호: 1012341234
2025-11-22 10:21:53,127 [INFO]    조회기간: 90일 (cutoff: 2025-08-24T10:21:53.126973)
2025-11-22 10:21:53,128 [INFO]    조회 결과: 6개 (전체: 6개)
2025-11-22 10:21:53,129 [INFO] ✅ 최근 이력: 2025-11-21 05:20:13 - 인시피오
2025-11-22 10:25:17,547 [INFO] 🔐 로그인 시도 | 원본: 01012341234 | 정규화: 1012341234 | 비번길이: 8
2025-11-22 10:25:17,550 [INFO] ✅ DB 조회 성공 | 이름: 하영 | DB비번: 12341234
2025-11-22 10:25:17,550 [INFO] ✅ 로그인 성공: 하영
2025-11-22 10:25:18,082 [INFO] 🔍 방제이력 조회 시도
2025-11-22 10:25:18,082 [INFO]    전화번호: 1012341234
2025-11-22 10:25:18,082 [INFO]    조회기간: 90일 (cutoff: 2025-08-24T10:25:18.082466)
2025-11-22 10:25:18,083 [INFO]    조회 결과: 6개 (전체: 6개)
2025-11-22 10:25:18,083 [INFO] ✅ 최근 이력: 2025-11-21 05:20:13 - 인시피오
2025-11-22 10:25:18,085 [INFO] 🔍 방제이력 조회 시도
2025-11-22 10:25:18,085 [INFO]    전화번호: 1012341234
2025-11-22 10:25:18,086 [INFO]    조회기간: 90일 (cutoff: 2025-08-24T10:25:18.085834)
2025-11-22 10:25:18,087 [INFO]    조회 결과: 6개 (전체: 6개)
2025-11-22 10:25:18,087 [INFO] ✅ 최근 이력: 2025-11-21 05:20:13 - 인시피오
2025-11-22 10:29:05,219 [INFO] 🔐 로그인 시도 | 원본: 01012341234 | 정규화: 1012341234 | 비번길이: 8
2025-11-22 10:29:05,223 [INFO] ✅ DB 조회 성공 | 이름: 하영 | DB비번: 12341234
2025-11-22 10:29:05,223 [INFO] ✅ 로그인 성공: 하영
2025-11-22 10:29:05,754 [INFO] 🔍 방제이력 조회 시도
2025-11-22 10:29:05,754 [INFO]    전화번호: 1012341234
2025-11-22 10:29:05,756 [INFO]    조회기간: 90일 (cutoff: 2025-08-24T10:29:05.754657)
2025-11-22 10:29:05,757 [INFO]    조회 결과: 6개 (전체: 6개)
2025-11-22 10:29:05,757 [INFO] ✅ 최근 이력: 2025-11-21 05:20:13 - 인시피오
2025-11-22 10:29:05,759 [INFO] 🔍 방제이력 조회 시도
2025-11-22 10:29:05,759 [INFO]    전화번호: 1012341234
2025-11-22 10:29:05,759 [INFO]    조회기간: 90일 (cutoff: 2025-08-24T10:29:05.759729)
2025-11-22 10:29:05,760 [INFO]    조회 결과: 6개 (전체: 6개)
2025-11-22 10:29:05,761 [INFO] ✅ 최근 이력: 2025-11-21 05:20:13 - 인시피오
2025-11-22 10:32:00,620 [INFO] 🔐 로그인 시도 | 원본: 01012341234 | 정규화: 1012341234 | 비번길이: 8
2025-11-22 10:32:00,624 [INFO] ✅ DB 조회 성공 | 이름: 하영 | DB비번: 12341234
2025-11-22 10:32:00,624 [INFO] ✅ 로그인 성공: 하영
2025-11-22 10:32:01,135 [INFO] 🔍 방제이력 조회 시도
2025-11-22 10:32:01,135 [INFO]    전화번호: 1012341234
2025-11-22 10:32:01,137 [INFO]    조회기간: 90일 (cutoff: 2025-08-24T10:32:01.135638)
2025-11-22 10:32:01,141 [INFO]    조회 결과: 6개 (전체: 6개)
2025-11-22 10:32:01,141 [INFO] ✅ 최근 이력: 2025-11-21 05:20:13 - 인시피오
2025-11-22 10:32:01,143 [INFO] 🔍 방제이력 조회 시도
2025-11-22 10:32:01,143 [INFO]    전화번호: 1012341234
2025-11-22 10:32:01,143 [INFO]    조회기간: 90일 (cutoff: 2025-08-24T10:32:01.143570)
2025-11-22 10:32:01,144 [INFO]    조회 결과: 6개 (전체: 6개)
2025-11-22 10:32:01,144 [INFO] ✅ 최근 이력: 2025-11-21 05:20:13 - 인시피오
2025-11-22 10:36:44,368 [INFO] 🔐 로그인 시도 | 원본: 01012341234 | 정규화: 1012341234 | 비번길이: 8
2025-11-22 10:36:44,371 [INFO] ✅ DB 조회 성공 | 이름: 하영 | DB비번: 12341234
2025-11-22 10:36:44,371 [INFO] ✅ 로그인 성공: 하영
2025-11-22 10:36:44,925 [INFO] 🔍 방제이력 조회 시도
2025-11-22 10:36:44,926 [INFO]    전화번호: 1012341234
2025-11-22 10:36:44,926 [INFO]    조회기간: 90일 (cutoff: 2025-08-24T10:36:44.925674)
2025-11-22 10:36:44,927 [INFO]    조회 결과: 6개 (전체: 6개)
2025-11-22 10:36:44,927 [INFO] ✅ 최근 이력: 2025-11-21 05:20:13 - 인시피오
2025-11-22 10:36:44,929 [INFO] 🔍 방제이력 조회 시도
2025-11-22 10:36:44,930 [INFO]    전화번호: 1012341234
2025-11-22 10:36:44,930 [INFO]    조회기간: 90일 (cutoff: 2025-08-24T10:36:44.929493)
2025-11-22 10:36:44,931 [INFO]    조회 결과: 6개 (전체: 6개)
2025-11-22 10:36:44,931 [INFO] ✅ 최근 이력: 2025-11-21 05:20:13 - 인시피오
2025-11-22 10:38:01,711 [INFO] 🔐 로그인 시도 | 원본: 01012341234 | 정규화: 1012341234 | 비번길이: 8
2025-11-22 10:38:01,714 [INFO] ✅ DB 조회 성공 | 이름: 하영 | DB비번: 12341234
2025-11-22 10:38:01,714 [INFO] ✅ 로그인 성공: 하영
2025-11-22 10:38:02,227 [INFO] 🔍 방제이력 조회 시도
2025-11-22 10:38:02,228 [INFO]    전화번호: 1012341234
2025-11-22 10:38:02,228 [INFO]    조회기간: 90일 (cutoff: 2025-08-24T10:38:02.227878)
2025-11-22 10:38:02,228 [INFO]    조회 결과: 6개 (전체: 6개)
2025-11-22 10:38:02,228 [INFO] ✅ 최근 이력: 2025-11-21 05:20:13 - 인시피오
2025-11-22 10:38:02,231 [INFO] 🔍 방제이력 조회 시도
2025-11-22 10:38:02,231 [INFO]    전화번호: 1012341234
2025-11-22 10:38:02,231 [INFO]    조회기간: 90일 (cutoff: 2025-08-24T10:38:02.231460)
2025-11-22 10:38:02,232 [INFO]    조회 결과: 6개 (전체: 6개)
2025-11-22 10:38:02,232 [INFO] ✅ 최근 이력: 2025-11-21 05:20:13 - 인시피오
2025-11-22 10:41:54,949 [INFO] 🔐 로그인 시도 | 원본: 01012341234 | 정규화: 1012341234 | 비번길이: 8
2025-11-22 10:41:54,952 [INFO] ✅ DB 조회 성공 | 이름: 하영 | DB비번: 12341234
2025-11-22 10:41:54,952 [INFO] ✅ 로그인 성공: 하영
2025-11-22 10:41:55,478 [INFO] 🔍 방제이력 조회 시도
2025-11-22 10:41:55,478 [INFO]    전화번호: 1012341234
2025-11-22 10:41:55,479 [INFO]    조회기간: 90일 (cutoff: 2025-08-24T10:41:55.478065)
2025-11-22 10:41:55,479 [INFO]    조회 결과: 6개 (전체: 6개)
2025-11-22 10:41:55,479 [INFO] ✅ 최근 이력: 2025-11-21 05:20:13 - 인시피오
2025-11-22 10:41:55,481 [INFO] 🔍 방제이력 조회 시도
2025-11-22 10:41:55,483 [INFO]    전화번호: 1012341234
2025-11-22 10:41:55,483 [INFO]    조회기간: 90일 (cutoff: 2025-08-24T10:41:55.481908)
2025-11-22 10:41:55,484 [INFO]    조회 결과: 6개 (전체: 6개)
2025-11-22 10:41:55,484 [INFO] ✅ 최근 이력: 2025-11-21 05:20:13 - 인시피오
2025-11-22 10:44:38,627 [INFO] 🔐 로그인 시도 | 원본: 01012341234 | 정규화: 1012341234 | 비번길이: 8
2025-11-22 10:44:38,630 [INFO] ✅ DB 조회 성공 | 이름: 하영 | DB비번: 12341234
2025-11-22 10:44:38,630 [INFO] ✅ 로그인 성공: 하영
2025-11-22 10:44:39,141 [INFO] 🔍 방제이력 조회 시도
2025-11-22 10:44:39,141 [INFO]    전화번호: 1012341234
2025-11-22 10:44:39,141 [INFO]    조회기간: 90일 (cutoff: 2025-08-24T10:44:39.141430)
2025-11-22 10:44:39,143 [INFO]    조회 결과: 6개 (전체: 6개)
2025-11-22 10:44:39,143 [INFO] ✅ 최근 이력: 2025-11-21 05:20:13 - 인시피오
2025-11-22 10:44:39,146 [INFO] 🔍 방제이력 조회 시도
2025-11-22 10:44:39,147 [INFO]    전화번호: 1012341234
2025-11-22 10:44:39,147 [INFO]    조회기간: 90일 (cutoff: 2025-08-24T10:44:39.146580)
2025-11-22 10:44:39,148 [INFO]    조회 결과: 6개 (전체: 6개)
2025-11-22 10:44:39,148 [INFO] ✅ 최근 이력: 2025-11-21 05:20:13 - 인시피오
2025-11-22 10:49:05,233 [INFO] 🔐 로그인 시도 | 원본: 01012341234 | 정규화: 1012341234 | 비번길이: 8
2025-11-22 10:49:05,235 [INFO] ✅ DB 조회 성공 | 이름: 하영 | DB비번: 12341234
2025-11-22 10:49:05,235 [INFO] ✅ 로그인 성공: 하영
2025-11-22 10:49:05,758 [INFO] 🔍 방제이력 조회 시도
2025-11-22 10:49:05,760 [INFO]    전화번호: 1012341234
2025-11-22 10:49:05,760 [INFO]    조회기간: 90일 (cutoff: 2025-08-24T10:49:05.758899)
2025-11-22 10:49:05,761 [INFO]    조회 결과: 6개 (전체: 6개)
2025-11-22 10:49:05,761 [INFO] ✅ 최근 이력: 2025-11-21 05:20:13 - 인시피오
2025-11-22 10:49:05,763 [INFO] 🔍 방제이력 조회 시도
2025-11-22 10:49:05,764 [INFO]    전화번호: 1012341234
2025-11-22 10:49:05,764 [INFO]    조회기간: 90일 (cutoff: 2025-08-24T10:49:05.763885)
2025-11-22 10:49:05,764 [INFO]    조회 결과: 6개 (전체: 6개)
2025-11-22 10:49:05,765 [INFO] ✅ 최근 이력: 2025-11-21 05:20:13 - 인시피오
2025-11-22 10:49:05,767 [INFO] 🔍 방제이력 조회 시도
2025-11-22 10:49:05,767 [INFO]    전화번호: 1012341234
2025-11-22 10:49:05,767 [INFO]    조회기간: 90일 (cutoff: 2025-08-24T10:49:05.767567)
2025-11-22 10:49:05,768 [INFO]    조회 결과: 6개 (전체: 6개)
2025-11-22 10:49:05,768 [INFO] ✅ 최근 이력: 2025-11-21 05:20:13 - 인시피오
2025-11-22 10:51:26,235 [INFO] 🔐 로그인 시도 | 원본: 01012341234 | 정규화: 1012341234 | 비번길이: 8
2025-11-22 10:51:26,238 [INFO] ✅ DB 조회 성공 | 이름: 하영 | DB비번: 12341234
2025-11-22 10:51:26,238 [INFO] ✅ 로그인 성공: 하영
2025-11-22 10:51:26,742 [INFO] 🔍 방제이력 조회 시도
2025-11-22 10:51:26,742 [INFO]    전화번호: 1012341234
2025-11-22 10:51:26,744 [INFO]    조회기간: 90일 (cutoff: 2025-08-24T10:51:26.742454)
2025-11-22 10:51:26,744 [INFO]    조회 결과: 6개 (전체: 6개)
2025-11-22 10:51:26,745 [INFO] ✅ 최근 이력: 2025-11-21 05:20:13 - 인시피오
2025-11-22 10:51:26,748 [INFO] 🔍 방제이력 조회 시도
2025-11-22 10:51:26,748 [INFO]    전화번호: 1012341234
2025-11-22 10:51:26,748 [INFO]    조회기간: 90일 (cutoff: 2025-08-24T10:51:26.748259)
2025-11-22 10:51:26,748 [INFO]    조회 결과: 6개 (전체: 6개)
2025-11-22 10:51:26,749 [INFO] ✅ 최근 이력: 2025-11-21 05:20:13 - 인시피오
2025-11-22 10:51:26,751 [INFO] 🔍 방제이력 조회 시도
2025-11-22 10:51:26,751 [INFO]    전화번호: 1012341234
2025-11-22 10:51:26,751 [INFO]    조회기간: 90일 (cutoff: 2025-08-24T10:51:26.751661)
2025-11-22 10:51:26,752 [INFO]    조회 결과: 6개 (전체: 6개)
2025-11-22 10:51:26,752 [INFO] ✅ 최근 이력: 2025-11-21 05:20:13 - 인시피오
2025-11-22 10:56:12,007 [INFO] 🔐 로그인 시도 | 원본: 01012341234 | 정규화: 1012341234 | 비번길이: 8
2025-11-22 10:56:12,011 [INFO] ✅ DB 조회 성공 | 이름: 하영 | DB비번: 12341234
2025-11-22 10:56:12,011 [INFO] ✅ 로그인 성공: 하영
2025-11-22 10:56:12,515 [INFO] 🔍 방제이력 조회 시도
2025-11-22 10:56:12,515 [INFO]    전화번호: 1012341234
2025-11-22 10:56:12,516 [INFO]    조회기간: 90일 (cutoff: 2025-08-24T10:56:12.515566)
2025-11-22 10:56:12,517 [INFO]    조회 결과: 6개 (전체: 6개)
2025-11-22 10:56:12,518 [INFO] ✅ 최근 이력: 2025-11-21 05:20:13 - 인시피오
2025-11-22 10:56:12,520 [INFO] 🔍 방제이력 조회 시도
2025-11-22 10:56:12,520 [INFO]    전화번호: 1012341234
2025-11-22 10:56:12,520 [INFO]    조회기간: 90일 (cutoff: 2025-08-24T10:56:12.520572)
2025-11-22 10:56:12,521 [INFO]    조회 결과: 6개 (전체: 6개)
2025-11-22 10:56:12,521 [INFO] ✅ 최근 이력: 2025-11-21 05:20:13 - 인시피오
2025-11-22 10:56:12,524 [INFO] 🔍 방제이력 조회 시도
2025-11-22 10:56:12,524 [INFO]    전화번호: 1012341234
2025-11-22 10:56:12,525 [INFO]    조회기간: 90일 (cutoff: 2025-08-24T10:56:12.524478)
2025-11-22 10:56:12,525 [INFO]    조회 결과: 6개 (전체: 6개)
2025-11-22 10:56:12,525 [INFO] ✅ 최근 이력: 2025-11-21 05:20:13 - 인시피오
2025-11-22 10:56:51,038 [INFO] 📞 1012341234 | 응애에 효과적인 약제는?
2025-11-22 10:56:51,044 [INFO] 🔍 방제이력 조회 시도
2025-11-22 10:56:51,044 [INFO]    전화번호: 1012341234
2025-11-22 10:56:51,044 [INFO]    조회기간: 3일 (cutoff: 2025-11-19T10:56:51.044526)
2025-11-22 10:56:51,045 [INFO]    조회 결과: 1개 (전체: 6개)
2025-11-22 10:56:51,045 [INFO] ✅ 최근 이력: 2025-11-21 05:20:13 - 인시피오
2025-11-22 10:56:51,045 [INFO] 📊 유형: 14
2025-11-22 10:56:51,045 [INFO] 📦 컨텍스트 수집 시작: 유형 14
2025-11-22 10:56:51,046 [INFO] 🔍 DEBUG: get_farm_info 반환값 전체 = {'phone': '1012341234', 'name': '하영', 'crop': '딸기', 'farm_area': '200', 'region': '논산', 'cultivation_type': '온실수경', 'planting_date': '', 'address': '음성', 'password': '12341234', 'facility_structure': None, 'dong_count': None}
2025-11-22 10:56:51,046 [INFO] ✅ 농가정보: 하영
2025-11-22 10:56:51,046 [INFO] 🔍 DEBUG: name 필드 = '하영'
2025-11-22 10:56:51,493 [INFO] 🔍 질문에서 추출한 작물명: None
2025-11-22 10:56:51,493 [INFO] 🔍 DB에서 가져온 작물명 (저장 전): 딸기
2025-11-22 10:56:51,493 [INFO] 📌 DB에서 작물명: 딸기
2025-11-22 10:56:51,493 [INFO] ✅ 최종 설정된 작물명 (crop_name): 딸기
2025-11-22 10:56:51,494 [INFO] 🐛 병해충명: 응애류
2025-11-22 10:56:51,494 [INFO] 🔍 방제이력 조회 시도
2025-11-22 10:56:51,494 [INFO]    전화번호: 1012341234
2025-11-22 10:56:51,494 [INFO]    조회기간: 30일 (cutoff: 2025-10-23T10:56:51.494370)
2025-11-22 10:56:51,494 [INFO]    조회 결과: 6개 (전체: 6개)
2025-11-22 10:56:51,494 [INFO] ✅ 최근 이력: 2025-11-21 05:20:13 - 인시피오
2025-11-22 10:56:51,494 [INFO] 📋 방제이력: 6개 (30일)
2025-11-22 10:56:52,311 [INFO] ✅ [딸기] 시트 로드: 890개
2025-11-22 10:56:52,311 [INFO] 🔍 검색 키워드: ['점박이응애', '응애', '차응애', '뿌리응애', '겨울배추검정응애', '차먼지응애', '사과응애', '응애류', '마늘혹응애', '흑응애', '오이긴털가루응애', '버섯응애류', '간자와응애', '전나무잎응애', '귤응애', '토마토녹응애', '녹응애']
2025-11-22 10:56:52,344 [INFO] 📊 초기 검색: 89개
2025-11-22 10:56:52,348 [INFO] ⛔ 제외 성분: {'아사이노나피르', '아이소사이클로세람'}
2025-11-22 10:56:52,348 [INFO] ⛔ 3회 제외: 89개 → 83개
2025-11-22 10:56:52,348 [INFO] ⭐ 우선약제: 0개, 일반: 83개 (등록일순)
2025-11-22 10:56:52,348 [INFO] 🔄 성분 중복 제거: 83개 → 17개
2025-11-22 10:56:52,349 [INFO] ✅ 최종 결과: 17개
2025-11-22 10:56:52,349 [INFO] 💊 약제 검색: 17개
2025-11-22 10:56:52,349 [INFO] ⚠️ 경고: ['INFO_72H', 'INGREDIENT_DUP']
2025-11-22 10:56:52,349 [INFO] 🔧 답변 조립 시작: 유형 14
2025-11-22 10:56:52,349 [INFO] 🤖 AI 호출: 응애류 설명
2025-11-22 10:56:56,176 [INFO] ✅ AI 응답: 141자
2025-11-22 10:56:56,179 [INFO] ✅ 답변 조립 완료
2025-11-22 11:02:15,485 [INFO] 🔐 로그인 시도 | 원본: 01012341234 | 정규화: 1012341234 | 비번길이: 8
2025-11-22 11:02:15,487 [INFO] ✅ DB 조회 성공 | 이름: 하영 | DB비번: 12341234
2025-11-22 11:02:15,487 [INFO] ✅ 로그인 성공: 하영
2025-11-22 11:02:15,977 [INFO] 🔍 방제이력 조회 시도
2025-11-22 11:02:15,977 [INFO]    전화번호: 1012341234
2025-11-22 11:02:15,978 [INFO]    조회기간: 90일 (cutoff: 2025-08-24T11:02:15.977298)
2025-11-22 11:02:15,978 [INFO]    조회 결과: 6개 (전체: 6개)
2025-11-22 11:02:15,978 [INFO] ✅ 최근 이력: 2025-11-21 05:20:13 - 인시피오
2025-11-22 11:02:15,982 [INFO] 🔍 방제이력 조회 시도
2025-11-22 11:02:15,982 [INFO]    전화번호: 1012341234
2025-11-22 11:02:15,982 [INFO]    조회기간: 90일 (cutoff: 2025-08-24T11:02:15.982012)
2025-11-22 11:02:15,982 [INFO]    조회 결과: 6개 (전체: 6개)
2025-11-22 11:02:15,982 [INFO] ✅ 최근 이력: 2025-11-21 05:20:13 - 인시피오
2025-11-22 11:02:15,986 [INFO] 🔍 방제이력 조회 시도
2025-11-22 11:02:15,986 [INFO]    전화번호: 1012341234
2025-11-22 11:02:15,986 [INFO]    조회기간: 90일 (cutoff: 2025-08-24T11:02:15.986100)
2025-11-22 11:02:15,986 [INFO]    조회 결과: 6개 (전체: 6개)
2025-11-22 11:02:15,987 [INFO] ✅ 최근 이력: 2025-11-21 05:20:13 - 인시피오
2025-11-22 11:07:49,277 [INFO] 🔐 로그인 시도 | 원본: 01012341234 | 정규화: 1012341234 | 비번길이: 8
2025-11-22 11:07:49,280 [INFO] ✅ DB 조회 성공 | 이름: 하영 | DB비번: 12341234
2025-11-22 11:07:49,280 [INFO] ✅ 로그인 성공: 하영
2025-11-22 11:07:49,776 [INFO] 🔍 방제이력 조회 시도
2025-11-22 11:07:49,777 [INFO]    전화번호: 1012341234
2025-11-22 11:07:49,777 [INFO]    조회기간: 90일 (cutoff: 2025-08-24T11:07:49.776522)
2025-11-22 11:07:49,778 [INFO]    조회 결과: 6개 (전체: 6개)
2025-11-22 11:07:49,778 [INFO] ✅ 최근 이력: 2025-11-21 05:20:13 - 인시피오
2025-11-22 11:07:49,781 [INFO] 🔍 방제이력 조회 시도
2025-11-22 11:07:49,781 [INFO]    전화번호: 1012341234
2025-11-22 11:07:49,781 [INFO]    조회기간: 90일 (cutoff: 2025-08-24T11:07:49.781441)
2025-11-22 11:07:49,782 [INFO]    조회 결과: 6개 (전체: 6개)
2025-11-22 11:07:49,782 [INFO] ✅ 최근 이력: 2025-11-21 05:20:13 - 인시피오
2025-11-22 11:07:49,784 [INFO] 🔍 방제이력 조회 시도
2025-11-22 11:07:49,784 [INFO]    전화번호: 1012341234
2025-11-22 11:07:49,784 [INFO]    조회기간: 90일 (cutoff: 2025-08-24T11:07:49.784135)
2025-11-22 11:07:49,784 [INFO]    조회 결과: 6개 (전체: 6개)
2025-11-22 11:07:49,784 [INFO] ✅ 최근 이력: 2025-11-21 05:20:13 - 인시피오
2025-11-22 11:13:32,712 [INFO] 🔐 로그인 시도 | 원본: 01012341234 | 정규화: 1012341234 | 비번길이: 8
2025-11-22 11:13:32,716 [INFO] ✅ DB 조회 성공 | 이름: 하영 | DB비번: 12341234
2025-11-22 11:13:32,716 [INFO] ✅ 로그인 성공: 하영
2025-11-22 11:13:33,203 [INFO] 🔍 방제이력 조회 시도
2025-11-22 11:13:33,204 [INFO]    전화번호: 1012341234
2025-11-22 11:13:33,204 [INFO]    조회기간: 90일 (cutoff: 2025-08-24T11:13:33.203424)
2025-11-22 11:13:33,205 [INFO]    조회 결과: 6개 (전체: 6개)
2025-11-22 11:13:33,205 [INFO] ✅ 최근 이력: 2025-11-21 05:20:13 - 인시피오
2025-11-22 11:13:33,207 [INFO] 🔍 방제이력 조회 시도
2025-11-22 11:13:33,208 [INFO]    전화번호: 1012341234
2025-11-22 11:13:33,208 [INFO]    조회기간: 90일 (cutoff: 2025-08-24T11:13:33.207608)
2025-11-22 11:13:33,209 [INFO]    조회 결과: 6개 (전체: 6개)
2025-11-22 11:13:33,209 [INFO] ✅ 최근 이력: 2025-11-21 05:20:13 - 인시피오
2025-11-22 11:13:33,211 [INFO] 🔍 방제이력 조회 시도
2025-11-22 11:13:33,211 [INFO]    전화번호: 1012341234
2025-11-22 11:13:33,212 [INFO]    조회기간: 90일 (cutoff: 2025-08-24T11:13:33.211840)
2025-11-22 11:13:33,212 [INFO]    조회 결과: 6개 (전체: 6개)
2025-11-22 11:13:33,212 [INFO] ✅ 최근 이력: 2025-11-21 05:20:13 - 인시피오
2025-11-22 11:17:21,335 [INFO] 🔐 로그인 시도 | 원본: 01012341234 | 정규화: 1012341234 | 비번길이: 8
2025-11-22 11:17:21,339 [INFO] ✅ DB 조회 성공 | 이름: 하영 | DB비번: 12341234
2025-11-22 11:17:21,339 [INFO] ✅ 로그인 성공: 하영
2025-11-22 11:17:21,790 [INFO] 🔍 방제이력 조회 시도
2025-11-22 11:17:21,790 [INFO]    전화번호: 1012341234
2025-11-22 11:17:21,792 [INFO]    조회기간: 90일 (cutoff: 2025-08-24T11:17:21.790596)
2025-11-22 11:17:21,793 [INFO]    조회 결과: 6개 (전체: 6개)
2025-11-22 11:17:21,793 [INFO] ✅ 최근 이력: 2025-11-21 05:20:13 - 인시피오
2025-11-22 11:17:21,796 [INFO] 🔍 방제이력 조회 시도
2025-11-22 11:17:21,796 [INFO]    전화번호: 1012341234
2025-11-22 11:17:21,796 [INFO]    조회기간: 90일 (cutoff: 2025-08-24T11:17:21.796332)
2025-11-22 11:17:21,797 [INFO]    조회 결과: 6개 (전체: 6개)
2025-11-22 11:17:21,797 [INFO] ✅ 최근 이력: 2025-11-21 05:20:13 - 인시피오
2025-11-22 11:17:21,799 [INFO] 🔍 방제이력 조회 시도
2025-11-22 11:17:21,799 [INFO]    전화번호: 1012341234
2025-11-22 11:17:21,799 [INFO]    조회기간: 90일 (cutoff: 2025-08-24T11:17:21.799328)
2025-11-22 11:17:21,800 [INFO]    조회 결과: 6개 (전체: 6개)
2025-11-22 11:17:21,800 [INFO] ✅ 최근 이력: 2025-11-21 05:20:13 - 인시피오
2025-11-22 11:22:47,388 [INFO] ✅ DB 초기화 완료
2025-11-22 11:22:50,281 [INFO] ✅ AI 연결 성공
2025-11-22 11:23:21,276 [INFO] 🔐 로그인 시도 | 원본: 01012341234 | 정규화: 1012341234 | 비번길이: 8
2025-11-22 11:23:21,279 [INFO] ✅ DB 조회 성공 | 이름: 하영 | DB비번: 12341234
2025-11-22 11:23:21,279 [INFO] ✅ 로그인 성공: 하영
2025-11-22 11:23:21,781 [INFO] 🔍 방제이력 조회 시도
2025-11-22 11:23:21,781 [INFO]    전화번호: 1012341234
2025-11-22 11:23:21,782 [INFO]    조회기간: 90일 (cutoff: 2025-08-24T11:23:21.781017)
2025-11-22 11:23:21,783 [INFO]    조회 결과: 6개 (전체: 6개)
2025-11-22 11:23:21,783 [INFO] ✅ 최근 이력: 2025-11-21 05:20:13 - 인시피오
2025-11-22 11:23:21,785 [INFO] 🔍 방제이력 조회 시도
2025-11-22 11:23:21,785 [INFO]    전화번호: 1012341234
2025-11-22 11:23:21,785 [INFO]    조회기간: 90일 (cutoff: 2025-08-24T11:23:21.785567)
2025-11-22 11:23:21,785 [INFO]    조회 결과: 6개 (전체: 6개)
2025-11-22 11:23:21,786 [INFO] ✅ 최근 이력: 2025-11-21 05:20:13 - 인시피오
2025-11-22 11:23:21,788 [INFO] 🔍 방제이력 조회 시도
2025-11-22 11:23:21,788 [INFO]    전화번호: 1012341234
2025-11-22 11:23:21,788 [INFO]    조회기간: 90일 (cutoff: 2025-08-24T11:23:21.788055)
2025-11-22 11:23:21,788 [INFO]    조회 결과: 6개 (전체: 6개)
2025-11-22 11:23:21,789 [INFO] ✅ 최근 이력: 2025-11-21 05:20:13 - 인시피오
2025-11-24 10:26:50,691 [INFO] 🔐 로그인 시도 | 원본: 01012341234 | 정규화: 1012341234 | 비번길이: 8
2025-11-24 10:26:50,695 [INFO] ✅ DB 조회 성공 | 이름: 하영 | DB비번: 12341234
2025-11-24 10:26:50,695 [INFO] ✅ 로그인 성공: 하영
2025-11-24 10:26:51,231 [INFO] 🔍 방제이력 조회 시도
2025-11-24 10:26:51,231 [INFO]    전화번호: 1012341234
2025-11-24 10:26:51,231 [INFO]    조회기간: 90일 (cutoff: 2025-08-26T10:26:51.231084)
2025-11-24 10:26:51,234 [INFO]    조회 결과: 6개 (전체: 6개)
2025-11-24 10:26:51,235 [INFO] ✅ 최근 이력: 2025-11-21 05:20:13 - 인시피오
2025-11-24 10:26:51,238 [INFO] 🔍 방제이력 조회 시도
2025-11-24 10:26:51,238 [INFO]    전화번호: 1012341234
2025-11-24 10:26:51,238 [INFO]    조회기간: 90일 (cutoff: 2025-08-26T10:26:51.238467)
2025-11-24 10:26:51,239 [INFO]    조회 결과: 6개 (전체: 6개)
2025-11-24 10:26:51,239 [INFO] ✅ 최근 이력: 2025-11-21 05:20:13 - 인시피오
2025-11-24 10:26:51,241 [INFO] 🔍 방제이력 조회 시도
2025-11-24 10:26:51,241 [INFO]    전화번호: 1012341234
2025-11-24 10:26:51,241 [INFO]    조회기간: 90일 (cutoff: 2025-08-26T10:26:51.241522)
2025-11-24 10:26:51,242 [INFO]    조회 결과: 6개 (전체: 6개)
2025-11-24 10:26:51,242 [INFO] ✅ 최근 이력: 2025-11-21 05:20:13 - 인시피오
2025-11-24 10:28:37,756 [INFO] 🔍 save_farm_info 호출: phone=1012341233, name='고동'
2025-11-24 10:28:37,757 [INFO] ✨ 신규 회원 가입
2025-11-24 10:28:37,759 [INFO] ✅ 최종 DB 상태: phone=1012341233, name='고동', crop=딸기
2025-11-24 10:28:42,946 [INFO] 🔐 로그인 시도 | 원본: 01012341234 | 정규화: 1012341234 | 비번길이: 8
2025-11-24 10:28:42,948 [INFO] ✅ DB 조회 성공 | 이름: 하영 | DB비번: 12341234
2025-11-24 10:28:42,948 [INFO] ✅ 로그인 성공: 하영
2025-11-24 10:28:43,429 [INFO] 🔍 방제이력 조회 시도
2025-11-24 10:28:43,430 [INFO]    전화번호: 1012341234
2025-11-24 10:28:43,430 [INFO]    조회기간: 90일 (cutoff: 2025-08-26T10:28:43.429586)
2025-11-24 10:28:43,432 [INFO]    조회 결과: 6개 (전체: 6개)
2025-11-24 10:28:43,432 [INFO] ✅ 최근 이력: 2025-11-21 05:20:13 - 인시피오
2025-11-24 10:28:43,435 [INFO] 🔍 방제이력 조회 시도
2025-11-24 10:28:43,435 [INFO]    전화번호: 1012341234
2025-11-24 10:28:43,435 [INFO]    조회기간: 90일 (cutoff: 2025-08-26T10:28:43.435344)
2025-11-24 10:28:43,435 [INFO]    조회 결과: 6개 (전체: 6개)
2025-11-24 10:28:43,435 [INFO] ✅ 최근 이력: 2025-11-21 05:20:13 - 인시피오
2025-11-24 10:28:43,438 [INFO] 🔍 방제이력 조회 시도
2025-11-24 10:28:43,438 [INFO]    전화번호: 1012341234
2025-11-24 10:28:43,439 [INFO]    조회기간: 90일 (cutoff: 2025-08-26T10:28:43.438719)
2025-11-24 10:28:43,439 [INFO]    조회 결과: 6개 (전체: 6개)
2025-11-24 10:28:43,439 [INFO] ✅ 최근 이력: 2025-11-21 05:20:13 - 인시피오
2025-11-26 10:43:40,097 [INFO] ✅ DB 초기화 완료
2025-11-26 10:43:42,946 [INFO] ✅ AI 연결 성공
2025-11-26 10:44:45,625 [INFO] ✅ DB 초기화 완료
2025-11-26 10:44:48,702 [INFO] ✅ AI 연결 성공
2025-11-26 10:50:36,947 [INFO] 🔐 로그인 시도 | 원본: 01012341234 | 정규화: 1012341234 | 비번길이: 8
2025-11-26 10:50:36,951 [INFO] ✅ DB 조회 성공 | 이름: 하영 | DB비번: 12341234
2025-11-26 10:50:36,951 [INFO] ✅ 로그인 성공: 하영
2025-11-26 10:50:37,462 [INFO] 🔍 방제이력 조회 시도
2025-11-26 10:50:37,462 [INFO]    전화번호: 1012341234
2025-11-26 10:50:37,462 [INFO]    조회기간: 90일 (cutoff: 2025-08-28T10:50:37.462225)
2025-11-26 10:50:37,464 [INFO]    조회 결과: 6개 (전체: 6개)
2025-11-26 10:50:37,464 [INFO] ✅ 최근 이력: 2025-11-21 05:20:13 - 인시피오
2025-11-26 10:50:37,478 [INFO] 🔍 방제이력 조회 시도
2025-11-26 10:50:37,478 [INFO]    전화번호: 1012341234
2025-11-26 10:50:37,478 [INFO]    조회기간: 90일 (cutoff: 2025-08-28T10:50:37.477963)
2025-11-26 10:50:37,478 [INFO]    조회 결과: 6개 (전체: 6개)
2025-11-26 10:50:37,478 [INFO] ✅ 최근 이력: 2025-11-21 05:20:13 - 인시피오
2025-11-26 10:50:37,481 [INFO] 🔍 방제이력 조회 시도
2025-11-26 10:50:37,481 [INFO]    전화번호: 1012341234
2025-11-26 10:50:37,481 [INFO]    조회기간: 90일 (cutoff: 2025-08-28T10:50:37.481559)
2025-11-26 10:50:37,482 [INFO]    조회 결과: 6개 (전체: 6개)
2025-11-26 10:50:37,482 [INFO] ✅ 최근 이력: 2025-11-21 05:20:13 - 인시피오
2025-11-26 11:19:11,031 [INFO] 🔐 로그인 시도 | 원본: 01012341234 | 정규화: 1012341234 | 비번길이: 8
2025-11-26 11:19:11,034 [INFO] ✅ DB 조회 성공 | 이름: 하영 | DB비번: 12341234
2025-11-26 11:19:11,034 [INFO] ✅ 로그인 성공: 하영
2025-11-26 11:19:11,502 [INFO] 🔍 방제이력 조회 시도
2025-11-26 11:19:11,502 [INFO]    전화번호: 1012341234
2025-11-26 11:19:11,502 [INFO]    조회기간: 90일 (cutoff: 2025-08-28T11:19:11.502563)
2025-11-26 11:19:11,504 [INFO]    조회 결과: 6개 (전체: 6개)
2025-11-26 11:19:11,504 [INFO] ✅ 최근 이력: 2025-11-21 05:20:13 - 인시피오
2025-11-26 11:19:11,507 [INFO] 🔍 방제이력 조회 시도
2025-11-26 11:19:11,507 [INFO]    전화번호: 1012341234
2025-11-26 11:19:11,507 [INFO]    조회기간: 90일 (cutoff: 2025-08-28T11:19:11.507012)
2025-11-26 11:19:11,507 [INFO]    조회 결과: 6개 (전체: 6개)
2025-11-26 11:19:11,508 [INFO] ✅ 최근 이력: 2025-11-21 05:20:13 - 인시피오
2025-11-26 11:19:11,510 [INFO] 🔍 방제이력 조회 시도
2025-11-26 11:19:11,510 [INFO]    전화번호: 1012341234
2025-11-26 11:19:11,510 [INFO]    조회기간: 90일 (cutoff: 2025-08-28T11:19:11.510412)
2025-11-26 11:19:11,511 [INFO]    조회 결과: 6개 (전체: 6개)
2025-11-26 11:19:11,511 [INFO] ✅ 최근 이력: 2025-11-21 05:20:13 - 인시피오
2025-11-26 13:37:38,932 [INFO] ✅ DB 초기화 완료
2025-11-26 13:37:41,862 [INFO] ✅ AI 연결 성공
2025-11-26 13:45:04,246 [INFO] ✅ DB 초기화 완료
2025-11-26 13:45:07,225 [INFO] ✅ AI 연결 성공
2025-11-26 13:46:43,065 [INFO] ✅ AI 연결 성공
2025-11-26 13:48:33,977 [INFO] ✅ DB 초기화 완료
2025-11-26 13:48:36,883 [INFO] ✅ AI 연결 성공
2025-11-26 13:52:30,548 [INFO] ✅ DB 초기화 완료
2025-11-26 13:52:33,496 [INFO] ✅ AI 연결 성공
2025-11-26 13:57:45,916 [INFO] ✅ DB 초기화 완료
2025-11-26 13:57:48,833 [INFO] ✅ AI 연결 성공
2025-11-26 13:59:24,621 [INFO] ✅ DB 초기화 완료
2025-11-26 13:59:27,796 [INFO] ✅ AI 연결 성공
2025-11-26 14:01:47,668 [INFO] ✅ DB 초기화 완료
2025-11-26 14:01:50,541 [INFO] ✅ AI 연결 성공
2025-11-26 14:09:13,084 [INFO] ✅ DB 초기화 완료
2025-11-26 14:09:16,033 [INFO] ✅ AI 연결 성공
2025-11-26 14:13:55,391 [INFO] 🔐 로그인 시도 | 원본: 01012341234 | 정규화: 1012341234 | 비번길이: 8
2025-11-26 14:13:55,392 [INFO] ✅ DB 조회 성공 | 이름: 하영 | DB비번: 12341234
2025-11-26 14:13:55,392 [INFO] ✅ 로그인 성공: 하영
2025-11-26 14:13:55,700 [INFO] 🔍 방제이력 조회 시도
2025-11-26 14:13:55,700 [INFO]    전화번호: 1012341234
2025-11-26 14:13:55,701 [INFO]    조회기간: 90일 (cutoff: 2025-08-28T14:13:55.700386)
2025-11-26 14:13:55,702 [INFO]    조회 결과: 6개 (전체: 6개)
2025-11-26 14:13:55,702 [INFO] ✅ 최근 이력: 2025-11-21 05:20:13 - 인시피오
2025-11-26 14:13:55,705 [INFO] 🔍 방제이력 조회 시도
2025-11-26 14:13:55,705 [INFO]    전화번호: 1012341234
2025-11-26 14:13:55,706 [INFO]    조회기간: 90일 (cutoff: 2025-08-28T14:13:55.705135)
2025-11-26 14:13:55,706 [INFO]    조회 결과: 6개 (전체: 6개)
2025-11-26 14:13:55,706 [INFO] ✅ 최근 이력: 2025-11-21 05:20:13 - 인시피오
2025-11-26 14:13:55,708 [INFO] 🔍 방제이력 조회 시도
2025-11-26 14:13:55,708 [INFO]    전화번호: 1012341234
2025-11-26 14:13:55,708 [INFO]    조회기간: 90일 (cutoff: 2025-08-28T14:13:55.708633)
2025-11-26 14:13:55,709 [INFO]    조회 결과: 6개 (전체: 6개)
2025-11-26 14:13:55,709 [INFO] ✅ 최근 이력: 2025-11-21 05:20:13 - 인시피오
2025-11-26 14:14:04,284 [INFO] 📞 1012341234 | 응애 약제 추천
2025-11-26 14:14:04,313 [INFO] 🔍 방제이력 조회 시도
2025-11-26 14:14:04,313 [INFO]    전화번호: 1012341234
2025-11-26 14:14:04,313 [INFO]    조회기간: 3일 (cutoff: 2025-11-23T14:14:04.313506)
2025-11-26 14:14:04,313 [INFO]    조회 결과: 0개 (전체: 6개)
2025-11-26 14:14:04,314 [INFO] 📊 유형: 14
2025-11-26 14:14:04,314 [INFO] 📦 컨텍스트 수집 시작: 유형 14
2025-11-26 14:14:04,314 [INFO] 🔍 DEBUG: get_farm_info 반환값 전체 = {'phone': '1012341234', 'name': '하영', 'crop': '딸기', 'farm_area': '200', 'region': '논산', 'cultivation_type': '온실수경', 'planting_date': '', 'address': '음성', 'password': '12341234', 'facility_structure': None, 'dong_count': None}
2025-11-26 14:14:04,314 [INFO] ✅ 농가정보: 하영
2025-11-26 14:14:04,314 [INFO] 🔍 DEBUG: name 필드 = '하영'
2025-11-26 14:14:04,677 [INFO] 🔍 질문에서 추출한 작물명: None
2025-11-26 14:14:04,677 [INFO] 🔍 DB에서 가져온 작물명 (저장 전): 딸기
2025-11-26 14:14:04,677 [INFO] 📌 DB에서 작물명: 딸기
2025-11-26 14:14:04,678 [INFO] ✅ 최종 설정된 작물명 (crop_name): 딸기
2025-11-26 14:14:04,678 [INFO] 🐛 병해충명: 응애류
2025-11-26 14:14:04,678 [INFO] 🔍 방제이력 조회 시도
2025-11-26 14:14:04,678 [INFO]    전화번호: 1012341234
2025-11-26 14:14:04,678 [INFO]    조회기간: 30일 (cutoff: 2025-10-27T14:14:04.678370)
2025-11-26 14:14:04,678 [INFO]    조회 결과: 6개 (전체: 6개)
2025-11-26 14:14:04,678 [INFO] ✅ 최근 이력: 2025-11-21 05:20:13 - 인시피오
2025-11-26 14:14:04,678 [INFO] 📋 방제이력: 6개 (30일)
2025-11-26 14:14:05,173 [INFO] ✅ [딸기] 시트 로드: 890개
2025-11-26 14:14:05,173 [INFO] 🔍 검색 키워드: ['점박이응애', '응애', '차응애', '뿌리응애', '겨울배추검정응애', '차먼지응애', '사과응애', '응애류', '마늘혹응애', '흑응애', '오이긴털가루응애', '버섯응애류', '간자와응애', '전나무잎응애', '귤응애', '토마토녹응애', '녹응애']
2025-11-26 14:14:05,194 [INFO] 📊 초기 검색: 89개
2025-11-26 14:14:05,197 [INFO] ⛔ 제외 성분: {'아이소사이클로세람', '아사이노나피르'}
2025-11-26 14:14:05,197 [INFO] ⛔ 3회 제외: 89개 → 83개
2025-11-26 14:14:05,198 [INFO] ⭐ 우선약제: 0개, 일반: 83개 (등록일순)
2025-11-26 14:14:05,198 [INFO] 🔄 성분 중복 제거: 83개 → 17개
2025-11-26 14:14:05,198 [INFO] ✅ 최종 결과: 17개
2025-11-26 14:14:05,198 [INFO] 💊 약제 검색: 17개
2025-11-26 14:14:05,198 [INFO] ⚠️ 경고: ['INGREDIENT_DUP']
2025-11-26 14:14:05,198 [INFO] 🔧 답변 조립 시작: 유형 14
2025-11-26 14:14:05,198 [INFO] 🤖 AI 호출: 응애류 설명
2025-11-26 14:14:09,069 [INFO] ✅ AI 응답: 159자
2025-11-26 14:14:09,071 [INFO] ✅ 답변 조립 완료
2025-11-26 14:22:59,356 [INFO] ✅ DB 초기화 완료
2025-11-26 14:23:02,389 [INFO] ✅ AI 연결 성공
2025-11-26 14:29:41,385 [INFO] ✅ DB 초기화 완료
2025-11-26 14:29:44,195 [INFO] ✅ AI 연결 성공
2025-11-26 14:32:52,097 [INFO] ✅ DB 초기화 완료
2025-11-26 14:32:54,971 [INFO] ✅ AI 연결 성공
2025-11-26 14:33:19,429 [INFO] ✅ DB 초기화 완료
2025-11-26 14:33:22,171 [INFO] ✅ AI 연결 성공
2025-11-26 14:41:18,345 [INFO] ✅ DB 초기화 완료
2025-11-26 14:41:21,255 [INFO] ✅ AI 연결 성공
2025-11-26 14:42:13,854 [INFO] ✅ 1단계 지역 조회 성공: 18개
2025-11-26 14:42:27,663 [INFO] ✅ 2단계 지역 조회 성공 (세종특별자치시): 1개
2025-11-26 14:42:31,009 [INFO] ✅ 2단계 지역 조회 성공 (부산광역시): 16개
2025-11-26 14:42:32,305 [INFO] ✅ 3단계 지역 조회 성공 (부산광역시 기장군): 5개
2025-11-26 14:42:40,951 [INFO] 🔍 save_farm_info 호출: phone=12312341234, name='123'
2025-11-26 14:42:40,952 [INFO] ✨ 신규 회원 가입
2025-11-26 14:42:40,954 [INFO] ✅ 최종 DB 상태: phone=12312341234, name='123', crop=가지
2025-11-26 14:59:04,900 [INFO] 🔐 로그인 시도 | 원본: 01012341234 | 정규화: 1012341234 | 비번길이: 8
2025-11-26 14:59:04,903 [INFO] ✅ DB 조회 성공 | 이름: 하영 | DB비번: 12341234
2025-11-26 14:59:04,903 [INFO] ✅ 로그인 성공: 하영
2025-11-26 14:59:05,269 [INFO] 🔍 방제이력 조회 시도
2025-11-26 14:59:05,269 [INFO]    전화번호: 1012341234
2025-11-26 14:59:05,270 [INFO]    조회기간: 90일 (cutoff: 2025-08-28T14:59:05.269182)
2025-11-26 14:59:05,276 [INFO]    조회 결과: 6개 (전체: 6개)
2025-11-26 14:59:05,276 [INFO] ✅ 최근 이력: 2025-11-21 05:20:13 - 인시피오
2025-11-26 14:59:05,279 [INFO] 🔍 방제이력 조회 시도
2025-11-26 14:59:05,279 [INFO]    전화번호: 1012341234
2025-11-26 14:59:05,279 [INFO]    조회기간: 90일 (cutoff: 2025-08-28T14:59:05.279531)
2025-11-26 14:59:05,280 [INFO]    조회 결과: 6개 (전체: 6개)
2025-11-26 14:59:05,280 [INFO] ✅ 최근 이력: 2025-11-21 05:20:13 - 인시피오
2025-11-26 14:59:05,282 [INFO] 🔍 방제이력 조회 시도
2025-11-26 14:59:05,282 [INFO]    전화번호: 1012341234
2025-11-26 14:59:05,283 [INFO]    조회기간: 90일 (cutoff: 2025-08-28T14:59:05.282676)
2025-11-26 14:59:05,283 [INFO]    조회 결과: 6개 (전체: 6개)
2025-11-26 14:59:05,283 [INFO] ✅ 최근 이력: 2025-11-21 05:20:13 - 인시피오
2025-11-26 15:05:42,588 [INFO] ✅ DB 초기화 완료
2025-11-26 15:05:45,430 [INFO] ✅ AI 연결 성공
2025-11-26 15:15:25,056 [INFO] 🔐 로그인 시도 | 원본: 01012341234 | 정규화: 1012341234 | 비번길이: 8
2025-11-26 15:15:25,058 [INFO] ✅ DB 조회 성공 | 이름: 하영 | DB비번: 12341234
2025-11-26 15:15:25,058 [INFO] ✅ 로그인 성공: 하영
2025-11-26 15:15:25,424 [INFO] 🔍 방제이력 조회 시도
2025-11-26 15:15:25,424 [INFO]    전화번호: 1012341234
2025-11-26 15:15:25,426 [INFO]    조회기간: 90일 (cutoff: 2025-08-28T15:15:25.424375)
2025-11-26 15:15:25,429 [INFO] 📍 농가 지역: 부산광역시 기장군 일광읍
2025-11-26 15:15:25,430 [INFO]    조회 결과: 6개 (전체: 6개)
2025-11-26 15:15:25,431 [INFO] ✅ 최근 이력: 2025-11-21 05:20:13 - 인시피오
2025-11-26 15:15:25,433 [INFO] 🔍 방제이력 조회 시도
2025-11-26 15:15:25,433 [INFO]    전화번호: 1012341234
2025-11-26 15:15:25,433 [INFO]    조회기간: 90일 (cutoff: 2025-08-28T15:15:25.433073)
2025-11-26 15:15:25,433 [INFO] 📍 격자 좌표: NX=101, NY=78
2025-11-26 15:15:25,434 [INFO] 🌤️ 기상청 API 호출: nx=101, ny=78, date=20251126, time=1500
2025-11-26 15:15:25,435 [INFO]    조회 결과: 6개 (전체: 6개)
2025-11-26 15:15:25,436 [INFO] ✅ 최근 이력: 2025-11-21 05:20:13 - 인시피오
2025-11-26 15:15:25,438 [INFO] 🔍 방제이력 조회 시도
2025-11-26 15:15:25,438 [INFO]    전화번호: 1012341234
2025-11-26 15:15:25,438 [INFO]    조회기간: 90일 (cutoff: 2025-08-28T15:15:25.438342)
2025-11-26 15:15:25,438 [INFO]    조회 결과: 6개 (전체: 6개)
2025-11-26 15:15:25,439 [INFO] ✅ 최근 이력: 2025-11-21 05:20:13 - 인시피오
2025-11-26 15:15:25,582 [INFO] ✅ 날씨 조회 성공: 온도=14.5°C, 습도=62%
2025-11-26 15:31:02,796 [INFO] 📞 1012341234 | 응애 약제 추천
2025-11-26 15:31:02,825 [INFO] 🔍 방제이력 조회 시도
2025-11-26 15:31:02,825 [INFO]    전화번호: 1012341234
2025-11-26 15:31:02,825 [INFO]    조회기간: 3일 (cutoff: 2025-11-23T15:31:02.825145)
2025-11-26 15:31:02,825 [INFO]    조회 결과: 0개 (전체: 6개)
2025-11-26 15:31:02,825 [INFO] 📊 유형: 14
2025-11-26 15:31:02,825 [INFO] 📦 컨텍스트 수집 시작: 유형 14
2025-11-26 15:31:02,825 [INFO] 🔍 DEBUG: get_farm_info 반환값 전체 = {'phone': '1012341234', 'name': '하영', 'crop': '딸기', 'farm_area': '200', 'region': '부산광역시 기장군 일광읍', 'cultivation_type': '온실수경', 'planting_date': '', 'address': '음성', 'password': '12341234', 'facility_structure': None, 'dong_count': None}
2025-11-26 15:31:02,825 [INFO] ✅ 농가정보: 하영
2025-11-26 15:31:02,825 [INFO] 🔍 DEBUG: name 필드 = '하영'
2025-11-26 15:31:03,216 [INFO] 🔍 질문에서 추출한 작물명: None
2025-11-26 15:31:03,216 [INFO] 🔍 DB에서 가져온 작물명 (저장 전): 딸기
2025-11-26 15:31:03,216 [INFO] 📌 DB에서 작물명: 딸기
2025-11-26 15:31:03,216 [INFO] ✅ 최종 설정된 작물명 (crop_name): 딸기
2025-11-26 15:31:03,216 [INFO] 🐛 병해충명: 응애류
2025-11-26 15:31:03,217 [INFO] 🔍 방제이력 조회 시도
2025-11-26 15:31:03,217 [INFO]    전화번호: 1012341234
2025-11-26 15:31:03,217 [INFO]    조회기간: 30일 (cutoff: 2025-10-27T15:31:03.217164)
2025-11-26 15:31:03,217 [INFO]    조회 결과: 6개 (전체: 6개)
2025-11-26 15:31:03,217 [INFO] ✅ 최근 이력: 2025-11-21 05:20:13 - 인시피오
2025-11-26 15:31:03,217 [INFO] 📋 방제이력: 6개 (30일)
2025-11-26 15:31:03,689 [INFO] ✅ [딸기] 시트 로드: 890개
2025-11-26 15:31:03,689 [INFO] 🔍 검색 키워드: ['점박이응애', '응애', '차응애', '뿌리응애', '겨울배추검정응애', '차먼지응애', '사과응애', '응애류', '마늘혹응애', '흑응애', '오이긴털가루응애', '버섯응애류', '간자와응애', '전나무잎응애', '귤응애', '토마토녹응애', '녹응애']
2025-11-26 15:31:03,710 [INFO] 📊 초기 검색: 89개
2025-11-26 15:31:03,713 [INFO] ⛔ 제외 성분: {'아이소사이클로세람', '아사이노나피르'}
2025-11-26 15:31:03,713 [INFO] ⛔ 3회 제외: 89개 → 83개
2025-11-26 15:31:03,713 [INFO] ⭐ 우선약제: 0개, 일반: 83개 (등록일순)
2025-11-26 15:31:03,713 [INFO] 🔄 성분 중복 제거: 83개 → 17개
2025-11-26 15:31:03,713 [INFO] ✅ 최종 결과: 17개
2025-11-26 15:31:03,713 [INFO] 💊 약제 검색: 17개
2025-11-26 15:31:03,713 [INFO] ⚠️ 경고: ['INGREDIENT_DUP']
2025-11-26 15:31:03,713 [INFO] 🔧 답변 조립 시작: 유형 14
2025-11-26 15:31:03,713 [INFO] 🤖 AI 호출: 응애류 설명
2025-11-26 15:31:07,703 [INFO] ✅ AI 응답: 154자
2025-11-26 15:31:07,706 [INFO] ✅ 답변 조립 완료
2025-11-26 16:35:42,713 [INFO] ✅ DB 초기화 완료
2025-11-26 16:35:45,652 [INFO] ✅ AI 연결 성공
2025-11-26 16:36:32,531 [INFO] 📍 농가 지역: 부산광역시 기장군 일광읍
2025-11-26 16:36:32,535 [INFO] 📍 격자 좌표: NX=101, NY=78
2025-11-26 16:36:32,535 [INFO] 🌤️ 기상청 API 호출: nx=101, ny=78, date=20251126, time=1600
2025-11-26 16:36:33,639 [INFO] ✅ 날씨 조회 성공: 온도=12.2°C, 습도=70%
2025-11-26 16:38:03,632 [INFO] 📍 농가 지역: 부산광역시 기장군 일광읍
2025-11-26 16:38:03,637 [INFO] 📍 격자 좌표: NX=101, NY=78
2025-11-26 16:38:03,637 [INFO] 🌤️ 기상청 API 호출: nx=101, ny=78, date=20251126, time=1600
2025-11-26 16:38:05,557 [INFO] ✅ 날씨 조회 성공: 온도=12.2°C, 습도=70%
2025-11-26 16:52:58,423 [INFO] ✅ DB 초기화 완료
2025-11-26 16:53:01,307 [INFO] ✅ AI 연결 성공
2025-11-26 16:53:34,396 [INFO] 📍 농가 지역: 부산광역시 기장군 일광읍
2025-11-26 16:53:34,403 [INFO] 📍 격자 좌표: NX=101, NY=78
2025-11-26 16:53:34,403 [INFO] 🌤️ 기상청 API 호출: nx=101, ny=78, date=20251126, time=1600
2025-11-26 16:53:34,483 [INFO] ✅ 날씨 조회 성공: 온도=12.0°C, 습도=70%
2025-11-26 16:56:49,496 [INFO] 📍 농가 지역: 부산광역시 기장군 일광읍
2025-11-26 16:56:49,500 [INFO] 📍 격자 좌표: NX=101, NY=78
2025-11-26 16:56:49,500 [INFO] 🌤️ 기상청 API 호출: nx=101, ny=78, date=20251126, time=1600
2025-11-26 16:56:49,599 [INFO] ✅ 날씨 조회 성공: 온도=11.7°C, 습도=71%
2025-11-29 21:59:42,405 [INFO] ✅ DB 초기화 완료
2025-11-29 21:59:42,649 [WARNING] ⚠️ AI 연결 실패: 404
2025-11-29 22:04:30,841 [INFO] ✅ DB 초기화 완료
2025-11-29 22:04:31,236 [WARNING] ⚠️ AI 연결 실패: 404
2025-11-29 22:06:13,557 [INFO] 🔍 save_farm_info 호출: phone=1077777778, name='뭐노'
2025-11-29 22:06:13,559 [INFO] ✨ 신규 회원 가입
2025-11-29 22:06:13,562 [INFO] ✅ 최종 DB 상태: phone=1077777778, name='뭐노', crop=가지
2025-11-29 22:06:22,119 [INFO] 📍 농가 지역: 경기도 과천시 문원동
2025-11-29 22:06:22,123 [INFO] 📍 격자 좌표: NX=60, NY=124
2025-11-29 22:06:22,124 [INFO] 🌤️ 기상청 API 호출: nx=60, ny=124, date=20251129, time=2100
2025-11-29 22:06:22,225 [INFO] ✅ 날씨 조회 성공: 온도=7.7°C, 습도=73%
2025-11-29 22:06:39,071 [INFO] 📞 1077777778 | 응애 약제 추천
2025-11-29 22:06:39,104 [INFO] 📦 컨텍스트 수집 시작: 유형 14
2025-11-29 22:06:39,105 [INFO] 🔍 DEBUG: get_farm_info 반환값 전체 = {'phone': '1077777778', 'name': '뭐노', 'crop': '가지', 'farm_area': '500', 'region': '경기도 과천시 문원동', 'cultivation_type': '노지', 'planting_date': '', 'address': '', 'password': '77777777', 'facility_structure': '', 'dong_count': None}
2025-11-29 22:06:39,105 [INFO] ✅ 농가정보: 뭐노
2025-11-29 22:06:39,105 [INFO] 🔍 DEBUG: name 필드 = '뭐노'
2025-11-29 22:06:39,652 [INFO] 🔍 질문에서 추출한 작물명: None
2025-11-29 22:06:39,653 [INFO] 🔍 DB에서 가져온 작물명 (저장 전): 가지
2025-11-29 22:06:39,653 [INFO] 📌 DB에서 작물명: 가지
2025-11-29 22:06:39,653 [INFO] ✅ 최종 설정된 작물명 (crop_name): 가지
2025-11-29 22:06:39,653 [INFO] 🐛 병해충명: 응애류
2025-11-29 22:06:39,653 [INFO] 📋 방제이력: 0개 (30일)
2025-11-29 22:06:40,767 [INFO] ✅ [가지] 시트 로드: 1782개
2025-11-29 22:06:40,767 [INFO] 🔍 검색 키워드: ['점박이응애', '응애', '차응애', '뿌리응애', '겨울배추검정응애', '차먼지응애', '사과응애', '응애류', '마늘혹응애', '흑응애', '오이긴털가루응애', '버섯응애류', '간자와응애', '전나무잎응애', '귤응애', '토마토녹응애', '녹응애']
2025-11-29 22:06:40,832 [INFO] 📊 초기 검색: 152개
2025-11-29 22:06:40,834 [INFO] ⭐ 우선약제: 1개, 일반: 151개 (등록일순)
2025-11-29 22:06:40,835 [INFO] 🔄 성분 중복 제거: 152개 → 12개
2025-11-29 22:06:40,835 [INFO] ✅ 최종 결과: 12개
2025-11-29 22:06:40,836 [INFO] 💊 약제 검색: 12개
2025-11-29 22:06:40,836 [INFO] 🔧 답변 조립 시작: 유형 14
2025-11-29 22:06:40,836 [INFO] 🤖 AI 호출: 응애류 설명
2025-11-29 22:06:41,059 [WARNING] ⚠️ AI 응답 실패: 404
2025-11-29 22:06:41,060 [INFO] ✅ 답변 조립 완료
2025-11-29 22:12:07,767 [INFO] 📍 농가 지역: 경기도 과천시 문원동
2025-11-29 22:12:07,772 [INFO] 📍 격자 좌표: NX=60, NY=124
2025-11-29 22:12:07,772 [INFO] 🌤️ 기상청 API 호출: nx=60, ny=124, date=20251129, time=2200
2025-11-29 22:12:07,870 [INFO] ✅ 날씨 조회 성공: 온도=7.9°C, 습도=72%
2025-11-29 22:14:47,356 [INFO] 📍 농가 지역: 경기도 과천시 문원동
2025-11-29 22:14:47,360 [INFO] 📍 격자 좌표: NX=60, NY=124
2025-11-29 22:14:47,361 [INFO] 🌤️ 기상청 API 호출: nx=60, ny=124, date=20251129, time=2200
2025-11-29 22:14:47,465 [INFO] ✅ 날씨 조회 성공: 온도=7.9°C, 습도=72%
2025-11-29 22:20:37,667 [INFO] 📍 농가 지역: 경기도 과천시 문원동
2025-11-29 22:20:37,671 [INFO] 📍 격자 좌표: NX=60, NY=124
2025-11-29 22:20:37,671 [INFO] 🌤️ 기상청 API 호출: nx=60, ny=124, date=20251129, time=2200
2025-11-29 22:20:37,751 [INFO] ✅ 날씨 조회 성공: 온도=7.8°C, 습도=74%
2025-11-29 22:21:17,794 [INFO] 📍 농가 지역: 경기도 과천시 문원동
2025-11-29 22:21:17,798 [INFO] 📍 격자 좌표: NX=60, NY=124
2025-11-29 22:21:17,798 [INFO] 🌤️ 기상청 API 호출: nx=60, ny=124, date=20251129, time=2200
2025-11-29 22:21:17,876 [INFO] ✅ 날씨 조회 성공: 온도=7.8°C, 습도=74%
2025-11-29 22:27:37,983 [INFO] ✅ DB 초기화 완료
2025-11-29 22:28:45,294 [INFO] 🔄 수정 요청: ID=12
2025-11-29 22:28:53,739 [INFO] 📞 1077777778 | 응애 약제 추천
2025-11-29 22:28:53,772 [INFO] 📦 컨텍스트 수집 시작: 유형 14
2025-11-29 22:28:53,772 [INFO] 🔍 DEBUG: get_farm_info 반환값 전체 = {'phone': '1077777778', 'name': '뭐노', 'crop': '가지', 'farm_area': '500', 'region': '경기도 과천시 문원동', 'cultivation_type': '노지', 'planting_date': '', 'address': '', 'password': '77777777', 'facility_structure': '', 'dong_count': None}
2025-11-29 22:28:53,772 [INFO] ✅ 농가정보: 뭐노
2025-11-29 22:28:53,772 [INFO] 🔍 DEBUG: name 필드 = '뭐노'
2025-11-29 22:28:54,305 [INFO] 🔍 질문에서 추출한 작물명: None
2025-11-29 22:28:54,306 [INFO] 🔍 DB에서 가져온 작물명 (저장 전): 가지
2025-11-29 22:28:54,306 [INFO] 📌 DB에서 작물명: 가지
2025-11-29 22:28:54,306 [INFO] ✅ 최종 설정된 작물명 (crop_name): 가지
2025-11-29 22:28:54,306 [INFO] 🐛 병해충명: 응애류
2025-11-29 22:28:54,307 [INFO] 📋 방제이력: 2개 (30일)
2025-11-29 22:28:55,317 [INFO] 🔍 검색 키워드: ['점박이응애', '응애', '차응애', '뿌리응애', '겨울배추검정응애', '차먼지응애', '사과응애', '응애류', '마늘혹응애', '흑응애', '오이긴털가루응애', '버섯응애류', '간자와응애', '전나무잎응애', '귤응애', '토마토녹응애', '녹응애']
2025-11-29 22:28:55,379 [INFO] 📊 초기 검색: 152개
2025-11-29 22:28:55,384 [INFO] ⭐ 우선약제: 1개, 일반: 151개 (등록일순)
2025-11-29 22:28:55,385 [INFO] 🔄 성분 중복 제거: 152개 → 12개
2025-11-29 22:28:55,386 [INFO] ✅ 최종 결과: 12개
2025-11-29 22:28:55,386 [INFO] 💊 약제 검색: 12개
2025-11-29 22:28:55,386 [INFO] 🔧 답변 조립 시작: 유형 14
2025-11-29 22:28:55,386 [INFO] 🤖 AI 호출: 응애류 설명
2025-11-29 22:28:55,742 [WARNING] ⚠️ AI 응답 실패: 404
2025-11-29 22:28:55,745 [INFO] ✅ 답변 조립 완료
2025-11-29 22:36:43,126 [INFO] ✅ DB 초기화 완료
2025-11-29 22:36:43,357 [WARNING] ⚠️ AI 연결 실패: 404
2025-11-30 09:58:17,866 [INFO] ✅ DB 초기화 로직 수행 완료
2025-11-30 09:58:18,096 [WARNING] ⚠️ AI 연결 실패: 404
2025-11-30 10:02:13,705 [INFO] ✨ 신규 추가
2025-11-30 10:02:19,442 [INFO] 🔄 수정 요청: ID=13
2025-11-30 10:11:01,650 [INFO] ✅ DB 초기화 로직 수행 완료
2025-11-30 10:11:01,924 [WARNING] ⚠️ AI 연결 실패: 404
2025-11-30 10:12:13,183 [INFO] ✨ 신규 추가
2025-11-30 10:13:04,526 [INFO] ✨ 신규 추가
2025-11-30 10:13:21,145 [INFO] 🔄 수정 요청: ID=15
2025-11-30 10:17:30,839 [INFO] ✅ DB 초기화 로직 수행 완료
2025-11-30 10:17:31,074 [WARNING] ⚠️ AI 연결 실패: 404
2025-11-30 10:19:54,649 [INFO] ✨ 신규 추가
2025-11-30 10:19:59,291 [INFO] 🔄 수정 요청: ID=16
2025-11-30 10:20:03,705 [INFO] 🗑️ 삭제 요청 수신: Phone=1077777778, ID=16
2025-11-30 10:20:03,706 [INFO] 🗑️ 삭제 시도: Phone=1077777778, ID=16
2025-11-30 10:20:03,709 [INFO] ✅ 삭제(숨김) 처리 완료: ID=16
2025-11-30 10:20:49,361 [INFO] ✨ 신규 추가
2025-11-30 10:21:01,727 [INFO] ✨ 신규 추가
2025-11-30 10:21:35,545 [INFO] 🗑️ 삭제 요청 수신: Phone=1077777778, ID=18
2025-11-30 10:21:35,547 [INFO] 🗑️ 삭제 시도: Phone=1077777778, ID=18
2025-11-30 10:21:35,548 [INFO] ✅ 삭제(숨김) 처리 완료: ID=18
2025-11-30 10:32:59,241 [INFO] ✅ DB 초기화 로직 수행 완료
2025-11-30 10:32:59,469 [WARNING] ⚠️ AI 연결 실패: 404
2025-11-30 10:33:46,651 [INFO] ✨ 신규 추가
2025-11-30 10:33:56,307 [INFO] 🗑️ 삭제 요청 수신: Phone=1077777778, ID=17
2025-11-30 10:33:56,307 [INFO] 🗑️ 삭제 시도: Phone=1077777778, ID=17
2025-11-30 10:33:56,310 [INFO] ✅ 삭제(숨김) 처리 완료: ID=17
2025-11-30 10:34:07,691 [INFO] 📞 1077777778 | 딸기 응애 약제 추천
2025-11-30 10:34:07,722 [INFO] 📦 컨텍스트 수집 시작: 유형 14
2025-11-30 10:34:07,722 [INFO] 🔍 DEBUG: get_farm_info 반환값 전체 = {'phone': '1077777778', 'name': '뭐노', 'crop': '가지', 'farm_area': '500', 'region': '경기도 과천시 문원동', 'cultivation_type': '노지', 'planting_date': '', 'address': '', 'password': '77777777', 'facility_structure': '', 'dong_count': None}
2025-11-30 10:34:07,722 [INFO] ✅ 농가정보: 뭐노
2025-11-30 10:34:07,722 [INFO] 🔍 DEBUG: name 필드 = '뭐노'
2025-11-30 10:34:08,082 [INFO] 🔍 질문에서 추출한 작물명: 딸기
2025-11-30 10:34:08,082 [INFO] ✅ 최종 설정된 작물명 (crop_name): 딸기
2025-11-30 10:34:08,082 [INFO] 🐛 병해충명: 응애류
2025-11-30 10:34:08,083 [INFO] 📋 방제이력: 1개 (30일)
2025-11-30 10:34:08,580 [INFO] 🔍 검색 키워드: ['점박이응애', '응애', '차응애', '뿌리응애', '겨울배추검정응애', '차먼지응애', '사과응애', '응애류', '마늘혹응애', '흑응애', '오이긴털가루응애', '버섯응애류', '간자와응애', '전나무잎응애', '귤응애', '토마토녹응애', '녹응애']
2025-11-30 10:34:08,600 [INFO] 📊 초기 검색: 89개
2025-11-30 10:34:08,602 [INFO] ⭐ 우선약제: 2개, 일반: 87개 (등록일순)
2025-11-30 10:34:08,603 [INFO] 🔄 성분 중복 제거: 89개 → 19개
2025-11-30 10:34:08,603 [INFO] ✅ 최종 결과: 19개
2025-11-30 10:34:08,603 [INFO] 💊 약제 검색: 19개
2025-11-30 10:34:08,603 [INFO] 🔧 답변 조립 시작: 유형 14
2025-11-30 10:34:08,603 [INFO] 🤖 AI 호출: 응애류 설명
2025-11-30 10:34:08,792 [WARNING] ⚠️ AI 응답 실패: 404
2025-11-30 10:34:08,794 [INFO] ✅ 답변 조립 완료
2025-12-01 08:28:12,182 [INFO] ✅ DB 초기화 로직 수행 완료
2025-12-01 08:28:15,018 [INFO] ✅ AI 연결 성공
2025-12-03 15:08:36,180 [INFO] ✅ DB 초기화 로직 수행 완료
2025-12-03 15:08:39,252 [INFO] ✅ AI 연결 성공
2025-12-03 15:17:08,457 [INFO] 📞 1077777778 | 딸기 응애 약제 추천
2025-12-03 15:17:08,491 [INFO] 📦 컨텍스트 수집 시작: 유형 14
2025-12-03 15:17:08,491 [INFO] 🔍 DEBUG: get_farm_info 반환값 전체 = {'phone': '1077777778', 'name': '뭐노', 'crop': '가지', 'farm_area': '500', 'region': '경기도 과천시 문원동', 'cultivation_type': '노지', 'planting_date': '', 'address': '', 'password': '77777777', 'facility_structure': '', 'dong_count': None}
2025-12-03 15:17:08,492 [INFO] ✅ 농가정보: 뭐노
2025-12-03 15:17:08,492 [INFO] 🔍 DEBUG: name 필드 = '뭐노'
2025-12-03 15:17:09,072 [INFO] 🔍 질문에서 추출한 작물명: 딸기
2025-12-03 15:17:09,073 [INFO] ✅ 최종 설정된 작물명 (crop_name): 딸기
2025-12-03 15:17:09,073 [INFO] 🐛 병해충명: 응애류
2025-12-03 15:17:09,073 [INFO] 📋 방제이력: 1개 (30일)
2025-12-03 15:17:09,902 [INFO] 🔍 검색 키워드: ['점박이응애', '응애', '차응애', '뿌리응애', '겨울배추검정응애', '차먼지응애', '사과응애', '응애류', '마늘혹응애', '흑응애', '오이긴털가루응애', '버섯응애류', '간자와응애', '전나무잎응애', '귤응애', '토마토녹응애', '녹응애']
2025-12-03 15:17:09,938 [INFO] 📊 초기 검색: 89개
2025-12-03 15:17:09,940 [INFO] ⭐ 우선약제: 2개, 일반: 87개 (등록일순)
2025-12-03 15:17:09,942 [INFO] 🔄 성분 중복 제거: 89개 → 19개
2025-12-03 15:17:09,942 [INFO] ✅ 최종 결과: 19개
2025-12-03 15:17:09,942 [INFO] 💊 약제 검색: 19개
2025-12-03 15:17:09,942 [INFO] 🔧 답변 조립 시작: 유형 14
2025-12-03 15:17:09,942 [INFO] 🤖 AI 호출: 응애류 설명
2025-12-03 15:17:13,877 [INFO] ✅ AI 응답: 167자
2025-12-03 15:17:13,879 [INFO] ✅ 답변 조립 완료
2025-12-04 15:00:21,777 [INFO] 📞 1077777778 | 응애 농약 추천
2025-12-04 15:00:21,782 [INFO] 📦 컨텍스트 수집 시작: 유형 14
2025-12-04 15:00:21,783 [INFO] 🔍 DEBUG: get_farm_info 반환값 전체 = {'phone': '1077777778', 'name': '뭐노', 'crop': '가지', 'farm_area': '500', 'region': '경기도 과천시 문원동', 'cultivation_type': '노지', 'planting_date': '', 'address': '', 'password': '77777777', 'facility_structure': '', 'dong_count': None}
2025-12-04 15:00:21,783 [INFO] ✅ 농가정보: 뭐노
2025-12-04 15:00:21,783 [INFO] 🔍 DEBUG: name 필드 = '뭐노'
2025-12-04 15:00:22,061 [INFO] 🔍 질문에서 추출한 작물명: None
2025-12-04 15:00:22,061 [INFO] 🔍 DB에서 가져온 작물명 (저장 전): 가지
2025-12-04 15:00:22,061 [INFO] 📌 DB에서 작물명: 가지
2025-12-04 15:00:22,061 [INFO] ✅ 최종 설정된 작물명 (crop_name): 가지
2025-12-04 15:00:22,061 [INFO] 🐛 병해충명: 응애류
2025-12-04 15:00:22,062 [INFO] 📋 방제이력: 1개 (30일)
2025-12-04 15:00:22,680 [INFO] 🔍 검색 키워드: ['점박이응애', '응애', '차응애', '뿌리응애', '겨울배추검정응애', '차먼지응애', '사과응애', '응애류', '마늘혹응애', '흑응애', '오이긴털가루응애', '버섯응애류', '간자와응애', '전나무잎응애', '귤응애', '토마토녹응애', '녹응애']
2025-12-04 15:00:22,716 [INFO] 📊 초기 검색: 152개
2025-12-04 15:00:22,719 [INFO] ⭐ 우선약제: 1개, 일반: 151개 (등록일순)
2025-12-04 15:00:22,719 [INFO] 🔄 성분 중복 제거: 152개 → 12개
2025-12-04 15:00:22,719 [INFO] ✅ 최종 결과: 12개
2025-12-04 15:00:22,720 [INFO] 💊 약제 검색: 12개
2025-12-04 15:00:22,720 [INFO] 🔧 답변 조립 시작: 유형 14
2025-12-04 15:00:22,720 [INFO] 🤖 AI 호출: 응애류 설명
2025-12-04 15:00:26,581 [INFO] ✅ AI 응답: 150자
2025-12-04 15:00:26,584 [INFO] ✅ 답변 조립 완료
2025-12-04 15:10:49,837 [INFO] 📞 1077777778 | 응애 약제 추천
2025-12-04 15:10:49,844 [INFO] 📦 컨텍스트 수집 시작: 유형 14
2025-12-04 15:10:49,844 [INFO] 🔍 DEBUG: get_farm_info 반환값 전체 = {'phone': '1077777778', 'name': '뭐노', 'crop': '가지', 'farm_area': '500', 'region': '경기도 과천시 문원동', 'cultivation_type': '노지', 'planting_date': '', 'address': '', 'password': '77777777', 'facility_structure': '', 'dong_count': None}
2025-12-04 15:10:49,844 [INFO] ✅ 농가정보: 뭐노
2025-12-04 15:10:49,844 [INFO] 🔍 DEBUG: name 필드 = '뭐노'
2025-12-04 15:10:50,072 [INFO] 🔍 질문에서 추출한 작물명: None
2025-12-04 15:10:50,073 [INFO] 🔍 DB에서 가져온 작물명 (저장 전): 가지
2025-12-04 15:10:50,073 [INFO] 📌 DB에서 작물명: 가지
2025-12-04 15:10:50,073 [INFO] ✅ 최종 설정된 작물명 (crop_name): 가지
2025-12-04 15:10:50,073 [INFO] 🐛 병해충명: 응애류
2025-12-04 15:10:50,073 [INFO] 📋 방제이력: 1개 (30일)
2025-12-04 15:10:50,632 [INFO] 🔍 검색 키워드: ['점박이응애', '응애', '차응애', '뿌리응애', '겨울배추검정응애', '차먼지응애', '사과응애', '응애류', '마늘혹응애', '흑응애', '오이긴털가루응애', '버섯응애류', '간자와응애', '전나무잎응애', '귤응애', '토마토녹응애', '녹응애']
2025-12-04 15:10:50,667 [INFO] 📊 초기 검색: 152개
2025-12-04 15:10:50,670 [INFO] ⭐ 우선약제: 1개, 일반: 151개 (등록일순)
2025-12-04 15:10:50,670 [INFO] 🔄 성분 중복 제거: 152개 → 12개
2025-12-04 15:10:50,670 [INFO] ✅ 최종 결과: 12개
2025-12-04 15:10:50,670 [INFO] 💊 약제 검색: 12개
2025-12-04 15:10:50,670 [INFO] 🔧 답변 조립 시작: 유형 14
2025-12-04 15:10:50,670 [INFO] 🤖 AI 호출: 응애류 설명
2025-12-04 15:10:54,677 [INFO] ✅ AI 응답: 165자
2025-12-04 15:10:54,681 [INFO] ✅ 답변 조립 완료
2025-12-04 15:11:50,939 [INFO] 📞 1077777778 | 응애가 안죽어요
2025-12-04 15:11:50,943 [INFO] 📦 컨텍스트 수집 시작: 유형 15
2025-12-04 15:11:50,943 [INFO] 🔍 DEBUG: get_farm_info 반환값 전체 = {'phone': '1077777778', 'name': '뭐노', 'crop': '가지', 'farm_area': '500', 'region': '경기도 과천시 문원동', 'cultivation_type': '노지', 'planting_date': '', 'address': '', 'password': '77777777', 'facility_structure': '', 'dong_count': None}
2025-12-04 15:11:50,943 [INFO] ✅ 농가정보: 뭐노
2025-12-04 15:11:50,944 [INFO] 🔍 DEBUG: name 필드 = '뭐노'
2025-12-04 15:11:51,139 [INFO] 🔍 질문에서 추출한 작물명: None
2025-12-04 15:11:51,139 [INFO] 🔍 DB에서 가져온 작물명 (저장 전): 가지
2025-12-04 15:11:51,139 [INFO] 📌 DB에서 작물명: 가지
2025-12-04 15:11:51,139 [INFO] ✅ 최종 설정된 작물명 (crop_name): 가지
2025-12-04 15:11:51,139 [INFO] 🐛 병해충명: 응애류
2025-12-04 15:11:51,139 [INFO] 📋 방제이력: 1개 (30일)
2025-12-04 15:11:51,719 [INFO] 🔍 검색 키워드: ['점박이응애', '응애', '차응애', '뿌리응애', '겨울배추검정응애', '차먼지응애', '사과응애', '응애류', '마늘혹응애', '흑응애', '오이긴털가루응애', '버섯응애류', '간자와응애', '전나무잎응애', '귤응애', '토마토녹응애', '녹응애']
2025-12-04 15:11:51,752 [INFO] 📊 초기 검색: 152개
2025-12-04 15:11:51,752 [INFO] ⭐ 우선약제: 1개, 일반: 151개 (등록일순)
2025-12-04 15:11:51,753 [INFO] 🔄 성분 중복 제거: 152개 → 12개
2025-12-04 15:11:51,753 [INFO] ✅ 최종 결과: 12개
2025-12-04 15:11:51,753 [INFO] 💊 약제 검색: 12개
2025-12-04 15:11:51,753 [INFO] 🔧 답변 조립 시작: 유형 15
2025-12-04 15:11:51,753 [INFO] 📊 세분화: 유형 15 (경과 0시간)
2025-12-04 15:11:51,753 [INFO] 🤖 AI 호출: 응애류 설명
2025-12-04 15:11:55,607 [INFO] ✅ AI 응답: 146자
2025-12-04 15:11:55,611 [INFO] 🔍 판단: 0시간, 응애류, 25°C, 중등
2025-12-04 15:11:55,611 [INFO] ✅ 답변 조립 완료
2025-12-05 09:27:49,344 [INFO] ✅ DB 초기화 로직 수행 완료
2025-12-05 09:27:52,406 [INFO] ✅ AI 연결 성공
2025-12-05 09:48:01,581 [INFO] ✅ DB 초기화 로직 수행 완료
2025-12-05 09:48:04,419 [INFO] ✅ AI 연결 성공
2025-12-05 09:49:59,272 [INFO] ✅ DB 초기화 로직 수행 완료
2025-12-05 09:50:02,231 [INFO] ✅ AI 연결 성공
2025-12-05 10:03:26,336 [INFO] 📞 1022222222 | 샤인머스켓 응애 약제 추천
2025-12-05 10:03:26,378 [INFO] 📦 컨텍스트 수집 시작: 유형 14
2025-12-05 10:03:26,378 [INFO] 🔍 DEBUG: get_farm_info 반환값 전체 = {'phone': '1022222222', 'name': '조길동', 'crop': '샤인머스켓', 'farm_area': '800', 'region': '경상북도 김천시 남면', 'cultivation_type': '온실토경', 'planting_date': '', 'address': '', 'password': '22222222', 'facility_structure': '연동', 'dong_count': None}
2025-12-05 10:03:26,378 [INFO] ✅ 농가정보: 조길동
2025-12-05 10:03:26,378 [INFO] 🔍 DEBUG: name 필드 = '조길동'
2025-12-05 10:03:26,867 [INFO] 🔍 질문에서 추출한 작물명: None
2025-12-05 10:03:26,868 [INFO] 🔍 DB에서 가져온 작물명 (저장 전): 샤인머스켓
2025-12-05 10:03:26,868 [INFO] 📌 DB에서 작물명: 샤인머스켓
2025-12-05 10:03:26,868 [INFO] ✅ 최종 설정된 작물명 (crop_name): 샤인머스켓
2025-12-05 10:03:26,868 [INFO] 🐛 병해충명: 응애류
2025-12-05 10:03:26,868 [INFO] 📋 방제이력: 0개 (30일)
2025-12-05 10:03:27,130 [WARNING] ⚠️ Excel 시트 없음: 샤인머스켓
2025-12-05 10:03:27,130 [INFO] ⚠️ 경고: ['NO_PESTICIDES']
2025-12-05 10:03:27,130 [INFO] 🔧 답변 조립 시작: 유형 14
2025-12-05 10:03:27,130 [INFO] ✅ 답변 조립 완료
2025-12-05 10:19:32,018 [INFO] ✨ 신규 추가
2025-12-05 10:20:10,797 [INFO] ✨ 신규 추가
2025-12-05 10:26:36,341 [INFO] 🗑️ 삭제 요청 수신: Phone=1022222222, ID=20
2025-12-05 10:26:36,343 [INFO] 🗑️ 삭제 시도: Phone=1022222222, ID=20
2025-12-05 10:26:36,345 [INFO] ✅ 삭제(숨김) 처리 완료: ID=20
2025-12-05 10:26:47,002 [INFO] 🔄 수정 요청: ID=21
2025-12-05 10:26:51,037 [INFO] 🔄 수정 요청: ID=21
2025-12-05 10:33:29,071 [INFO] 🔄 수정 요청: ID=21
2025-12-05 10:33:43,335 [INFO] 🔄 수정 요청: ID=21
2025-12-08 09:04:46,832 [INFO] ✨ 신규 추가
2025-12-08 09:04:56,768 [INFO] 📞 1012121212 | 응애 약제 추천
2025-12-08 09:04:56,776 [INFO] 📦 컨텍스트 수집 시작: 유형 14
2025-12-08 09:04:56,776 [INFO] 🔍 DEBUG: get_farm_info 반환값 전체 = {'phone': '1012121212', 'name': '거고동', 'crop': '만감류', 'farm_area': '1000', 'region': '경기도 고양시덕양구 대덕동', 'cultivation_type': '온실수경', 'planting_date': '', 'address': '', 'password': '12121212', 'facility_structure': '연동', 'dong_count': None}
2025-12-08 09:04:56,777 [INFO] ✅ 농가정보: 거고동
2025-12-08 09:04:56,777 [INFO] 🔍 DEBUG: name 필드 = '거고동'
2025-12-08 09:04:57,174 [INFO] 🔍 질문에서 추출한 작물명: None
2025-12-08 09:04:57,174 [INFO] 🔍 DB에서 가져온 작물명 (저장 전): 만감류
2025-12-08 09:04:57,174 [INFO] 📌 DB에서 작물명: 만감류
2025-12-08 09:04:57,174 [INFO] ✅ 최종 설정된 작물명 (crop_name): 만감류
2025-12-08 09:04:57,174 [INFO] 🐛 병해충명: 응애류
2025-12-08 09:04:57,175 [INFO] 📋 방제이력: 1개 (30일)
2025-12-08 09:04:57,437 [WARNING] ⚠️ Excel 시트 없음: 만감류
2025-12-08 09:04:57,437 [INFO] ⚠️ 경고: ['NO_PESTICIDES']
2025-12-08 09:04:57,437 [INFO] 🔧 답변 조립 시작: 유형 14
2025-12-08 09:04:57,438 [INFO] ✅ 답변 조립 완료
2025-12-08 09:21:45,646 [INFO] 📞 1055942767 | 응애가 안돼
2025-12-08 09:21:45,650 [INFO] 📦 컨텍스트 수집 시작: 유형 14
2025-12-08 09:21:45,651 [INFO] 🔍 DEBUG: get_farm_info 반환값 전체 = {'phone': '1055942767', 'name': '고오오', 'crop': '딸기', 'farm_area': '500', 'region': '광주광역시 동구 지원1동', 'cultivation_type': '온실수경', 'planting_date': '', 'address': '', 'password': '12341234', 'facility_structure': '단동', 'dong_count': 3}
2025-12-08 09:21:45,652 [INFO] ✅ 농가정보: 고오오
2025-12-08 09:21:45,652 [INFO] 🔍 DEBUG: name 필드 = '고오오'
2025-12-08 09:21:45,941 [INFO] 🔍 질문에서 추출한 작물명: None
2025-12-08 09:21:45,941 [INFO] 🔍 DB에서 가져온 작물명 (저장 전): 딸기
2025-12-08 09:21:45,941 [INFO] 📌 DB에서 작물명: 딸기
2025-12-08 09:21:45,941 [INFO] ✅ 최종 설정된 작물명 (crop_name): 딸기
2025-12-08 09:21:45,941 [INFO] 🐛 병해충명: 응애류
2025-12-08 09:21:45,942 [INFO] 📋 방제이력: 0개 (30일)
2025-12-08 09:21:46,694 [INFO] 🔍 검색 키워드: ['점박이응애', '응애', '차응애', '뿌리응애', '겨울배추검정응애', '차먼지응애', '사과응애', '응애류', '마늘혹응애', '흑응애', '오이긴털가루응애', '버섯응애류', '간자와응애', '전나무잎응애', '귤응애', '토마토녹응애', '녹응애']
2025-12-08 09:21:46,728 [INFO] 📊 초기 검색: 89개
2025-12-08 09:21:46,728 [INFO] ⭐ 우선약제: 2개, 일반: 87개 (등록일순)
2025-12-08 09:21:46,731 [INFO] 🔄 성분 중복 제거: 89개 → 19개
2025-12-08 09:21:46,731 [INFO] ✅ 최종 결과: 19개
2025-12-08 09:21:46,731 [INFO] 💊 약제 검색: 19개
2025-12-08 09:21:46,731 [INFO] 🔧 답변 조립 시작: 유형 14
2025-12-08 09:21:46,731 [INFO] 🤖 AI 호출: 응애류 설명
2025-12-08 09:21:50,770 [INFO] ✅ AI 응답: 165자
2025-12-08 09:21:50,774 [INFO] ✅ 답변 조립 완료
2025-12-08 09:24:57,061 [INFO] ✨ 신규 추가
2025-12-12 10:48:51,343 [INFO] 📞 1055942767 | 감귤 총채벌레 약 추천
2025-12-12 10:48:51,349 [INFO] 📦 컨텍스트 수집 시작: 유형 14
2025-12-12 10:48:51,350 [INFO] 🔍 DEBUG: get_farm_info 반환값 전체 = {'phone': '1055942767', 'name': '고오오', 'crop': '딸기', 'farm_area': '500', 'region': '광주광역시 동구 지원1동', 'cultivation_type': '온실수경', 'planting_date': '', 'address': '', 'password': '12341234', 'facility_structure': '단동', 'dong_count': 3}
2025-12-12 10:48:51,350 [INFO] ✅ 농가정보: 고오오
2025-12-12 10:48:51,350 [INFO] 🔍 DEBUG: name 필드 = '고오오'
2025-12-12 10:48:51,608 [INFO] 🔍 질문에서 추출한 작물명: 감귤
2025-12-12 10:48:51,608 [INFO] ✅ 최종 설정된 작물명 (crop_name): 감귤
2025-12-12 10:48:51,608 [INFO] 🐛 병해충명: 총채벌레류
2025-12-12 10:48:51,608 [INFO] 📋 방제이력: 0개 (30일)
2025-12-12 10:48:52,168 [INFO] 🔍 검색 키워드: ['꽃노랑총채벌레', '총채벌레', '대만총채벌레', '블록총채벌래', '총체벌레류', '오이총채벌레', '난총채벌레', '파총채벌레', '좀머리총채벌레', '미나리총채벌레', '무궁화어리총채벌레', '뽕나무총채벌레', '감관총채벌레', '총채']
2025-12-12 10:48:52,202 [INFO] 📊 초기 검색: 145개
2025-12-12 10:48:52,202 [INFO] ⭐ 우선약제: 0개, 일반: 145개 (등록일순)
2025-12-12 10:48:52,203 [INFO] 🔄 성분 중복 제거: 145개 → 21개
2025-12-12 10:48:52,203 [INFO] ✅ 최종 결과: 21개
2025-12-12 10:48:52,203 [INFO] 💊 약제 검색: 21개
2025-12-12 10:48:52,203 [INFO] 🔧 답변 조립 시작: 유형 14
2025-12-12 10:48:52,203 [INFO] 🤖 AI 호출: 총채벌레류 설명
2025-12-12 10:48:52,433 [WARNING] ⚠️ AI 응답 실패: 404
2025-12-12 10:48:52,436 [INFO] ✅ 답변 조립 완료
2025-12-18 15:44:53,356 [INFO] ✅ DB 초기화 로직 수행 완료
2025-12-18 15:44:53,595 [WARNING] ⚠️ AI 연결 실패: 404
2025-12-18 15:47:00,045 [INFO] ✅ DB 초기화 로직 수행 완료
2025-12-18 15:47:00,417 [WARNING] ⚠️ AI 연결 실패: 404
2025-12-18 15:55:28,005 [INFO] ✅ DB 초기화 로직 수행 완료
2025-12-18 15:55:28,228 [WARNING] ⚠️ AI 연결 실패: 404
2025-12-18 15:56:43,985 [INFO] 📞 1077777778 | 딸기 응애 약제
2025-12-18 15:56:44,016 [INFO] 📦 컨텍스트 수집 시작: 유형 14
2025-12-18 15:56:44,016 [INFO] 🔍 DEBUG: get_farm_info 반환값 전체 = {'phone': '1077777778', 'name': '뭐노', 'crop': '가지', 'farm_area': '500', 'region': '경기도 과천시 문원동', 'cultivation_type': '노지', 'planting_date': '', 'address': '', 'password': '77777777', 'facility_structure': '', 'dong_count': None}
2025-12-18 15:56:44,016 [INFO] ✅ 농가정보: 뭐노
2025-12-18 15:56:44,016 [INFO] 🔍 DEBUG: name 필드 = '뭐노'
2025-12-18 15:56:44,689 [INFO] 🔍 질문에서 추출한 작물명: 딸기
2025-12-18 15:56:44,689 [INFO] ✅ 최종 설정된 작물명 (crop_name): 딸기
2025-12-18 15:56:44,690 [INFO] 🐛 병해충명: 응애류
2025-12-18 15:56:44,690 [INFO] 📋 방제이력: 1개 (30일)
2025-12-18 15:56:45,193 [INFO] 🔍 검색 키워드: ['점박이응애', '응애', '차응애', '뿌리응애', '겨울배추검정응애', '차먼지응애', '사과응애', '응애류', '마늘혹응애', '흑응애', '오이긴털가루응애', '버섯응애류', '간자와응애', '전나무잎응애', '귤응애', '토마토녹응애', '녹응애']
2025-12-18 15:56:45,213 [INFO] 📊 초기 검색: 89개
2025-12-18 15:56:45,214 [INFO] ⭐ 우선약제: 2개, 일반: 87개 (등록일순)
2025-12-18 15:56:45,215 [INFO] 🔄 성분 중복 제거: 89개 → 19개
2025-12-18 15:56:45,215 [INFO] ✅ 최종 결과: 19개
2025-12-18 15:56:45,216 [INFO] 💊 약제 검색: 19개
2025-12-18 15:56:45,216 [INFO] 🔧 답변 조립 시작: 유형 14
2025-12-18 15:56:45,216 [INFO] 🤖 AI 호출: 응애류 설명
2025-12-18 15:56:45,442 [WARNING] ⚠️ AI 응답 실패: 404
2025-12-18 15:56:45,445 [INFO] ✅ 답변 조립 완료
2025-12-18 15:58:28,752 [INFO] 📞 1077777778 | 흰가루 약제 추천
2025-12-18 15:58:28,755 [INFO] 📦 컨텍스트 수집 시작: 유형 14
2025-12-18 15:58:28,756 [INFO] 🔍 DEBUG: get_farm_info 반환값 전체 = {'phone': '1077777778', 'name': '뭐노', 'crop': '가지', 'farm_area': '500', 'region': '경기도 과천시 문원동', 'cultivation_type': '노지', 'planting_date': '', 'address': '', 'password': '77777777', 'facility_structure': '', 'dong_count': None}
2025-12-18 15:58:28,756 [INFO] ✅ 농가정보: 뭐노
2025-12-18 15:58:28,756 [INFO] 🔍 DEBUG: name 필드 = '뭐노'
2025-12-18 15:58:28,973 [INFO] 🔍 질문에서 추출한 작물명: None
2025-12-18 15:58:28,973 [INFO] 🔍 DB에서 가져온 작물명 (저장 전): 가지
2025-12-18 15:58:28,973 [INFO] 📌 DB에서 작물명: 가지
2025-12-18 15:58:28,973 [INFO] ✅ 최종 설정된 작물명 (crop_name): 가지
2025-12-18 15:58:28,973 [INFO] 🐛 병해충명: 흰가루류
2025-12-18 15:58:28,973 [INFO] 📋 방제이력: 1개 (30일)
2025-12-18 15:58:29,666 [INFO] 🔍 검색 키워드: ['흰가루병', '흰가루']
2025-12-18 15:58:29,709 [INFO] 📊 초기 검색: 52개
2025-12-18 15:58:29,709 [INFO] 🔄 성분 중복 제거: 52개 → 11개
2025-12-18 15:58:29,710 [INFO] ✅ 최종 결과: 11개
2025-12-18 15:58:29,710 [INFO] 💊 약제 검색: 11개
2025-12-18 15:58:29,710 [INFO] 🔧 답변 조립 시작: 유형 14
2025-12-18 15:58:29,710 [INFO] 🤖 AI 호출: 흰가루류 설명
2025-12-18 15:58:29,992 [WARNING] ⚠️ AI 응답 실패: 404
2025-12-18 15:58:29,994 [INFO] ✅ 답변 조립 완료
2025-12-18 15:58:50,588 [INFO] 📞 1077777778 | 러시아 수도는?
2025-12-18 15:58:50,804 [INFO] 📦 컨텍스트 수집 시작: 유형 31
2025-12-18 15:58:50,804 [INFO] 🔍 DEBUG: get_farm_info 반환값 전체 = {'phone': '1077777778', 'name': '뭐노', 'crop': '가지', 'farm_area': '500', 'region': '경기도 과천시 문원동', 'cultivation_type': '노지', 'planting_date': '', 'address': '', 'password': '77777777', 'facility_structure': '', 'dong_count': None}
2025-12-18 15:58:50,804 [INFO] ✅ 농가정보: 뭐노
2025-12-18 15:58:50,804 [INFO] 🔍 DEBUG: name 필드 = '뭐노'
2025-12-18 15:58:51,001 [INFO] 🔍 질문에서 추출한 작물명: None
2025-12-18 15:58:51,001 [INFO] 🔍 DB에서 가져온 작물명 (저장 전): 가지
2025-12-18 15:58:51,001 [INFO] 📌 DB에서 작물명: 가지
2025-12-18 15:58:51,001 [INFO] ✅ 최종 설정된 작물명 (crop_name): 가지
2025-12-18 15:58:51,001 [INFO] 📋 방제이력: 0개 (7일)
2025-12-18 15:58:51,001 [INFO] 🔧 답변 조립 시작: 유형 31
2025-12-18 15:58:51,001 [INFO] ✅ 답변 조립 완료
2025-12-18 16:24:52,451 [INFO] ✅ DB 초기화 로직 수행 완료
2025-12-18 16:24:52,667 [WARNING] ⚠️ AI 연결 실패: 404
2025-12-18 16:26:21,423 [INFO] ✅ DB 초기화 로직 수행 완료
2025-12-18 16:26:21,848 [WARNING] ⚠️ AI 연결 실패: 404
2025-12-18 16:28:22,511 [INFO] ✨ 신규 추가
2025-12-18 16:32:24,230 [INFO] ✅ DB 초기화 로직 수행 완료
2025-12-18 16:32:24,461 [WARNING] ⚠️ AI 연결 실패: 404
2025-12-18 16:33:17,821 [INFO] 🔄 수정 요청: ID=24
2025-12-18 16:39:51,959 [INFO] ✨ 신규 추가
2025-12-18 16:43:49,286 [INFO] ✅ DB 초기화 로직 수행 완료
2025-12-18 16:43:49,521 [WARNING] ⚠️ AI 연결 실패: 404
2025-12-18 16:58:15,501 [INFO] ✅ DB 초기화 로직 수행 완료
2025-12-18 16:58:15,735 [WARNING] ⚠️ AI 연결 실패: 404
2025-12-18 17:00:29,674 [INFO] ✅ DB 초기화 로직 수행 완료
2025-12-18 17:00:29,901 [WARNING] ⚠️ AI 연결 실패: 404
2025-12-18 17:07:54,494 [INFO] ✅ DB 초기화 로직 수행 완료
2025-12-18 17:07:54,719 [WARNING] ⚠️ AI 연결 실패: 404
2025-12-19 14:41:11,638 [INFO] ✅ DB 초기화 로직 수행 완료
2025-12-19 14:41:11,643 [INFO] Adding job tentatively -- it will be properly scheduled when the scheduler starts
2025-12-19 14:41:11,646 [INFO] Adding job tentatively -- it will be properly scheduled when the scheduler starts
2025-12-19 14:41:11,648 [INFO] Added job "sync_pesticide_data" to job store "default"
2025-12-19 14:41:11,648 [INFO] Added job "sync_pesticide_data" to job store "default"
2025-12-19 14:41:11,648 [INFO] Scheduler started
2025-12-19 14:41:31,650 [INFO] Running job "sync_pesticide_data (trigger: date[2025-12-19 14:41:31 KST], next run at: 2025-12-19 14:41:31 KST)" (scheduled at 2025-12-19 14:41:31.643461+09:00)
2025-12-19 14:41:31,651 [INFO] Removed job d572640f19094f499c1de2cb99eb5227
2025-12-19 14:41:31,861 [INFO] Job "sync_pesticide_data (trigger: date[2025-12-19 14:41:31 KST], next run at: 2025-12-19 14:41:31 KST)" executed successfully
2025-12-19 14:42:42,481 [WARNING] ⚠️ AI 연결 실패: 404
2025-12-19 14:42:45,643 [INFO] ✅ DB 초기화 로직 수행 완료
2025-12-19 14:42:45,832 [WARNING] ⚠️ AI 연결 실패: 404
2025-12-19 14:48:38,586 [INFO] ✅ DB 초기화 로직 수행 완료
2025-12-19 14:48:38,904 [WARNING] ⚠️ AI 연결 실패: 404
2025-12-19 14:50:43,279 [INFO] ✅ DB 초기화 로직 수행 완료
2025-12-19 14:50:43,541 [WARNING] ⚠️ AI 연결 실패: 404
2025-12-19 14:52:20,565 [INFO] ✅ DB 초기화 로직 수행 완료
2025-12-19 14:52:20,811 [WARNING] ⚠️ AI 연결 실패: 404
2025-12-19 14:54:33,211 [INFO] ✅ DB 초기화 로직 수행 완료
2025-12-19 14:54:33,443 [WARNING] ⚠️ AI 연결 실패: 404
2025-12-19 15:04:23,486 [INFO] ✅ DB 초기화 로직 수행 완료
2025-12-19 15:04:23,786 [WARNING] ⚠️ AI 연결 실패: 404
2025-12-19 15:22:28,327 [INFO] ✅ DB 초기화 로직 수행 완료
2025-12-19 15:22:28,561 [WARNING] ⚠️ AI 연결 실패: 404
2025-12-19 15:27:13,526 [INFO] ✅ DB 초기화 로직 수행 완료
2025-12-19 15:27:13,719 [WARNING] ⚠️ AI 연결 실패: 404
2025-12-19 15:29:49,688 [INFO] ✅ DB 초기화 로직 수행 완료
2025-12-19 15:29:50,263 [WARNING] ⚠️ AI 연결 실패: 404
2025-12-19 15:32:11,822 [INFO] ✅ DB 초기화 로직 수행 완료
2025-12-19 15:32:12,046 [WARNING] ⚠️ AI 연결 실패: 404
2025-12-19 15:38:12,383 [INFO] ✅ DB 초기화 로직 수행 완료
2025-12-19 15:38:12,633 [WARNING] ⚠️ AI 연결 실패: 404
2025-12-19 15:46:01,577 [INFO] ✅ DB 초기화 로직 수행 완료
2025-12-19 15:46:02,813 [WARNING] ⚠️ AI 연결 실패: 404
2025-12-19 15:50:19,887 [INFO] ✅ DB 초기화 로직 수행 완료
2025-12-19 15:50:20,077 [WARNING] ⚠️ AI 연결 실패: 404
2025-12-19 15:51:47,131 [INFO] ✅ DB 초기화 로직 수행 완료
2025-12-19 15:51:47,368 [WARNING] ⚠️ AI 연결 실패: 404
2025-12-19 15:56:30,851 [INFO] ✅ DB 초기화 로직 수행 완료
2025-12-19 15:56:31,072 [WARNING] ⚠️ AI 연결 실패: 404
2025-12-19 16:22:09,837 [INFO] ✅ DB 초기화 로직 수행 완료
2025-12-19 16:22:10,059 [WARNING] ⚠️ AI 연결 실패: 404
2025-12-19 20:11:47,698 [INFO] ✅ DB 초기화 로직 수행 완료
2025-12-19 20:11:47,978 [WARNING] ⚠️ AI 연결 실패: 404
2025-12-19 20:46:49,559 [INFO] ✅ DB 초기화 로직 수행 완료
2025-12-19 20:46:49,846 [WARNING] ⚠️ AI 연결 실패: 404
2025-12-19 20:51:57,602 [INFO] ✨ 신규 추가
2025-12-19 20:52:15,394 [INFO] 📞 1077777778 | 딸기 응애 약제추천
2025-12-19 20:52:15,427 [INFO] 📦 컨텍스트 수집 시작: 유형 14
2025-12-19 20:52:15,428 [INFO] 🔍 DEBUG: get_farm_info 반환값 전체 = {'phone': '1077777778', 'name': '뭐노', 'crop': '가지', 'farm_area': '500', 'region': '경기도 과천시 문원동', 'cultivation_type': '노지', 'planting_date': '', 'address': '', 'password': '77777777', 'facility_structure': '', 'dong_count': None}
2025-12-19 20:52:15,428 [INFO] ✅ 농가정보: 뭐노
2025-12-19 20:52:15,428 [INFO] 🔍 DEBUG: name 필드 = '뭐노'
2025-12-19 20:52:16,000 [INFO] 🔍 질문에서 추출한 작물명: 딸기
2025-12-19 20:52:16,001 [INFO] ✅ 최종 설정된 작물명 (crop_name): 딸기
2025-12-19 20:52:16,001 [INFO] 🐛 병해충명: 응애류
2025-12-19 20:52:16,001 [INFO] 📋 방제이력: 2개 (30일)
2025-12-19 20:52:16,830 [INFO] 🔍 검색 키워드: ['점박이응애', '응애', '차응애', '뿌리응애', '겨울배추검정응애', '차먼지응애', '사과응애', '응애류', '마늘혹응애', '흑응애', '오이긴털가루응애', '버섯응애류', '간자와응애', '전나무잎응애', '귤응애', '토마토녹응애', '녹응애']
2025-12-19 20:52:16,864 [INFO] 📊 초기 검색: 89개
2025-12-19 20:52:16,868 [INFO] ⛔ 제외 성분: {'아사이노나피르'}
2025-12-19 20:52:16,868 [INFO] ⛔ 3회 제외: 89개 → 84개
2025-12-19 20:52:16,868 [INFO] ⭐ 우선약제: 1개, 일반: 83개 (등록일순)
2025-12-19 20:52:16,869 [INFO] 🔄 성분 중복 제거: 84개 → 18개
2025-12-19 20:52:16,869 [INFO] ✅ 최종 결과: 18개
2025-12-19 20:52:16,869 [INFO] 💊 약제 검색: 18개
2025-12-19 20:52:16,869 [INFO] 🔧 답변 조립 시작: 유형 14
2025-12-19 20:52:16,869 [INFO] 🤖 AI 호출: 응애류 설명
2025-12-19 20:52:17,107 [WARNING] ⚠️ AI 응답 실패: 404
2025-12-19 20:52:17,113 [INFO] ✅ 답변 조립 완료
2025-12-21 10:55:22,374 [INFO] ✅ DB 초기화 로직 수행 완료
2025-12-21 10:55:22,626 [WARNING] ⚠️ AI 연결 실패: 404
2025-12-22 08:35:12,453 [INFO] ✅ DB 초기화 로직 수행 완료
2025-12-22 08:35:21,207 [INFO] ✅ AI 연결 성공
2025-12-22 08:36:34,738 [INFO] ✅ DB 초기화 로직 수행 완료
2025-12-22 08:36:37,610 [INFO] ✅ AI 연결 성공
2025-12-22 08:39:00,728 [INFO] 📞 1077777778 | 딸기 응애 약제 추천
2025-12-22 08:39:00,766 [INFO] 📦 컨텍스트 수집 시작: 유형 14
2025-12-22 08:39:00,766 [INFO] 🔍 DEBUG: get_farm_info 반환값 전체 = {'phone': '1077777778', 'name': '뭐노', 'crop': '가지', 'farm_area': '500', 'region': '경기도 과천시 문원동', 'cultivation_type': '노지', 'planting_date': '', 'address': '', 'password': '77777777', 'facility_structure': '', 'dong_count': None}
2025-12-22 08:39:00,766 [INFO] ✅ 농가정보: 뭐노
2025-12-22 08:39:00,766 [INFO] 🔍 DEBUG: name 필드 = '뭐노'
2025-12-22 08:39:01,323 [INFO] 🔍 질문에서 추출한 작물명: 딸기
2025-12-22 08:39:01,323 [INFO] ✅ 최종 설정된 작물명 (crop_name): 딸기
2025-12-22 08:39:01,323 [INFO] 🐛 병해충명: 응애류
2025-12-22 08:39:01,324 [INFO] 📋 방제이력: 2개 (30일)
2025-12-22 08:39:02,086 [INFO] 🔍 검색 키워드: ['점박이응애', '응애', '차응애', '뿌리응애', '겨울배추검정응애', '차먼지응애', '사과응애', '응애류', '마늘혹응애', '흑응애', '오이긴털가루응애', '버섯응애류', '간자와응애', '전나무잎응애', '귤응애', '토마토녹응애', '녹응애']
2025-12-22 08:39:02,119 [INFO] 📊 초기 검색: 89개
2025-12-22 08:39:02,123 [INFO] ⛔ 제외 성분: {'아사이노나피르'}
2025-12-22 08:39:02,123 [INFO] ⛔ 3회 제외: 89개 → 84개
2025-12-22 08:39:02,123 [INFO] ⭐ 우선약제: 1개, 일반: 83개 (등록일순)
2025-12-22 08:39:02,124 [INFO] 🔄 성분 중복 제거: 84개 → 18개
2025-12-22 08:39:02,124 [INFO] ✅ 최종 결과: 18개
2025-12-22 08:39:02,124 [INFO] 💊 약제 검색: 18개
2025-12-22 08:39:02,124 [INFO] 🔧 답변 조립 시작: 유형 14
2025-12-22 08:39:02,124 [INFO] 🤖 AI 호출: 응애류 설명
2025-12-22 08:39:05,868 [INFO] ✅ AI 응답: 149자
2025-12-22 08:39:05,871 [INFO] ✅ 답변 조립 완료
2025-12-22 09:04:03,684 [INFO] 📞 1077777778 | 귤 응애 농약
2025-12-22 09:04:03,686 [INFO] 📦 컨텍스트 수집 시작: 유형 14
2025-12-22 09:04:03,687 [INFO] 🔍 DEBUG: get_farm_info 반환값 전체 = {'phone': '1077777778', 'name': '뭐노', 'crop': '가지', 'farm_area': '500', 'region': '경기도 과천시 문원동', 'cultivation_type': '노지', 'planting_date': '', 'address': '', 'password': '77777777', 'facility_structure': '', 'dong_count': None}
2025-12-22 09:04:03,687 [INFO] ✅ 농가정보: 뭐노
2025-12-22 09:04:03,687 [INFO] 🔍 DEBUG: name 필드 = '뭐노'
2025-12-22 09:04:04,026 [INFO] 🔍 질문에서 추출한 작물명: None
2025-12-22 09:04:04,027 [INFO] 🔍 DB에서 가져온 작물명 (저장 전): 가지
2025-12-22 09:04:04,027 [INFO] 📌 DB에서 작물명: 가지
2025-12-22 09:04:04,027 [INFO] ✅ 최종 설정된 작물명 (crop_name): 가지
2025-12-22 09:04:04,027 [INFO] 🐛 병해충명: 응애류
2025-12-22 09:04:04,027 [INFO] 📋 방제이력: 2개 (30일)
2025-12-22 09:04:04,986 [INFO] 🔍 검색 키워드: ['점박이응애', '응애', '차응애', '뿌리응애', '겨울배추검정응애', '차먼지응애', '사과응애', '응애류', '마늘혹응애', '흑응애', '오이긴털가루응애', '버섯응애류', '간자와응애', '전나무잎응애', '귤응애', '토마토녹응애', '녹응애']
2025-12-22 09:04:05,044 [INFO] 📊 초기 검색: 152개
2025-12-22 09:04:05,047 [INFO] ⛔ 제외 성분: {'아사이노나피르'}
2025-12-22 09:04:05,047 [INFO] ⛔ 3회 제외: 152개 → 149개
2025-12-22 09:04:05,048 [INFO] ⭐ 우선약제: 0개, 일반: 149개 (등록일순)
2025-12-22 09:04:05,049 [INFO] 🔄 성분 중복 제거: 149개 → 11개
2025-12-22 09:04:05,049 [INFO] ✅ 최종 결과: 11개
2025-12-22 09:04:05,049 [INFO] 💊 약제 검색: 11개
2025-12-22 09:04:05,049 [INFO] 🔧 답변 조립 시작: 유형 14
2025-12-22 09:04:05,049 [INFO] 🤖 AI 호출: 응애류 설명
2025-12-22 09:04:08,812 [INFO] ✅ AI 응답: 155자
2025-12-22 09:04:08,815 [INFO] ✅ 답변 조립 완료
2025-12-22 10:31:13,285 [INFO] ✅ DB 초기화 로직 수행 완료
2025-12-22 10:31:16,272 [INFO] ✅ AI 연결 성공
2025-12-24 12:48:46,974 [INFO] ✅ DB 초기화 로직 수행 완료
2025-12-24 12:48:50,034 [INFO] ✅ AI 연결 성공
2025-12-24 13:25:32,956 [INFO] 📞 1077777778 | 딸기 응애 약제 추천
2025-12-24 13:25:32,990 [INFO] 📦 컨텍스트 수집 시작: 유형 14
2025-12-24 13:25:32,990 [INFO] 🔍 DEBUG: get_farm_info 반환값 전체 = {'phone': '1077777778', 'name': '홍길동', 'crop': '가지', 'farm_area': '500', 'region': '경기도 과천시 문원동', 'cultivation_type': '노지', 'planting_date': '', 'address': '', 'password': '77777777', 'facility_structure': '', 'dong_count': None}
2025-12-24 13:25:32,990 [INFO] ✅ 농가정보: 홍길동
2025-12-24 13:25:32,990 [INFO] 🔍 DEBUG: name 필드 = '홍길동'
2025-12-24 13:25:33,628 [INFO] 🔍 질문에서 추출한 작물명: 딸기
2025-12-24 13:25:33,628 [INFO] ✅ 최종 설정된 작물명 (crop_name): 딸기
2025-12-24 13:25:33,628 [INFO] 🐛 병해충명: 응애류
2025-12-24 13:25:33,629 [INFO] 📋 방제이력: 1개 (30일)
2025-12-24 13:25:34,435 [INFO] 🔍 검색 키워드: ['점박이응애', '응애', '차응애', '뿌리응애', '겨울배추검정응애', '차먼지응애', '사과응애', '응애류', '마늘혹응애', '흑응애', '오이긴털가루응애', '버섯응애류', '간자와응애', '전나무잎응애', '귤응애', '토마토녹응애', '녹응애']
2025-12-24 13:25:34,472 [INFO] 📊 초기 검색: 89개
2025-12-24 13:25:34,476 [INFO] ⛔ 제외 성분: {'아사이노나피르'}
2025-12-24 13:25:34,477 [INFO] ⛔ 3회 제외: 89개 → 84개
2025-12-24 13:25:34,477 [INFO] ⭐ 우선약제: 1개, 일반: 83개 (등록일순)
2025-12-24 13:25:34,477 [INFO] 🔄 성분 중복 제거: 84개 → 18개
2025-12-24 13:25:34,477 [INFO] ✅ 최종 결과: 18개
2025-12-24 13:25:34,477 [INFO] 💊 약제 검색: 18개
2025-12-24 13:25:34,477 [INFO] 🔧 답변 조립 시작: 유형 14
2025-12-24 13:25:34,477 [INFO] 🤖 AI 호출: 응애류 설명
2025-12-24 13:25:38,384 [INFO] ✅ AI 응답: 150자
2025-12-24 13:25:38,386 [INFO] ✅ 답변 조립 완료
2025-12-24 14:36:07,717 [INFO] 📞 1077777778 | 딸기 잎에 흰색 가루가 묻어있어
2025-12-24 14:36:07,730 [INFO] 📦 컨텍스트 수집 시작: 유형 13
2025-12-24 14:36:07,731 [INFO] 🔍 DEBUG: get_farm_info 반환값 전체 = {'phone': '1077777778', 'name': '홍길동', 'crop': '가지', 'farm_area': '500', 'region': '경기도 과천시 문원동', 'cultivation_type': '노지', 'planting_date': '', 'address': '', 'password': '77777777', 'facility_structure': '', 'dong_count': None}
2025-12-24 14:36:07,731 [INFO] ✅ 농가정보: 홍길동
2025-12-24 14:36:07,731 [INFO] 🔍 DEBUG: name 필드 = '홍길동'
2025-12-24 14:36:08,109 [INFO] 🔍 질문에서 추출한 작물명: 딸기
2025-12-24 14:36:08,109 [INFO] ✅ 최종 설정된 작물명 (crop_name): 딸기
2025-12-24 14:36:08,110 [INFO] 📋 방제이력: 1개 (7일)
2025-12-24 14:36:08,110 [INFO] 🔧 답변 조립 시작: 유형 13
2025-12-24 14:36:08,110 [INFO] 🔍 AI 진단에 전달할 작물명: 딸기
2025-12-24 14:36:08,110 [INFO] 🔍 call_ai_diagnosis 호출 - crop_name: 딸기
2025-12-24 14:36:08,110 [INFO] 🔍 AI 프롬프트 작물 정보: '작물: 딸기'
2025-12-24 14:36:08,110 [INFO] 🤖 AI 진단 호출
2025-12-24 14:36:15,562 [INFO] ✅ AI 진단: 566자
2025-12-24 14:36:15,568 [INFO] ✅ 답변 조립 완료
2025-12-24 14:37:03,947 [INFO] 📞 1077777778 | 그럼 딸기 흰가루병에 효과적인 약제를 추천해
2025-12-24 14:37:03,952 [INFO] 📦 컨텍스트 수집 시작: 유형 14
2025-12-24 14:37:03,953 [INFO] 🔍 DEBUG: get_farm_info 반환값 전체 = {'phone': '1077777778', 'name': '홍길동', 'crop': '가지', 'farm_area': '500', 'region': '경기도 과천시 문원동', 'cultivation_type': '노지', 'planting_date': '', 'address': '', 'password': '77777777', 'facility_structure': '', 'dong_count': None}
2025-12-24 14:37:03,953 [INFO] ✅ 농가정보: 홍길동
2025-12-24 14:37:03,953 [INFO] 🔍 DEBUG: name 필드 = '홍길동'
2025-12-24 14:37:04,329 [INFO] 🔍 질문에서 추출한 작물명: 딸기
2025-12-24 14:37:04,329 [INFO] ✅ 최종 설정된 작물명 (crop_name): 딸기
2025-12-24 14:37:04,329 [INFO] 🐛 병해충명: 흰가루류
2025-12-24 14:37:04,330 [INFO] 📋 방제이력: 1개 (30일)
2025-12-24 14:37:05,188 [INFO] 🔍 검색 키워드: ['흰가루병', '흰가루']
2025-12-24 14:37:05,229 [INFO] 📊 초기 검색: 97개
2025-12-24 14:37:05,232 [INFO] ⛔ 제외 성분: {'아사이노나피르'}
2025-12-24 14:37:05,233 [INFO] ⛔ 3회 제외: 97개 → 97개
2025-12-24 14:37:05,233 [INFO] 🔄 성분 중복 제거: 97개 → 32개
2025-12-24 14:37:05,233 [INFO] ✅ 최종 결과: 32개
2025-12-24 14:37:05,234 [INFO] 💊 약제 검색: 32개
2025-12-24 14:37:05,234 [INFO] 🔧 답변 조립 시작: 유형 14
2025-12-24 14:37:05,234 [INFO] 🤖 AI 호출: 흰가루류 설명
2025-12-24 14:37:08,809 [INFO] ✅ AI 응답: 121자
2025-12-24 14:37:08,812 [INFO] ✅ 답변 조립 완료
2025-12-24 16:40:37,344 [INFO] 📞 1077777778 | 딸기 흰가루병 증상은?
2025-12-24 16:40:37,348 [INFO] 📦 컨텍스트 수집 시작: 유형 14
2025-12-24 16:40:37,349 [INFO] 🔍 DEBUG: get_farm_info 반환값 전체 = {'phone': '1077777778', 'name': '홍길동', 'crop': '가지', 'farm_area': '500', 'region': '경기도 과천시 문원동', 'cultivation_type': '노지', 'planting_date': '', 'address': '', 'password': '77777777', 'facility_structure': '', 'dong_count': None}
2025-12-24 16:40:37,349 [INFO] ✅ 농가정보: 홍길동
2025-12-24 16:40:37,349 [INFO] 🔍 DEBUG: name 필드 = '홍길동'
2025-12-24 16:40:37,602 [INFO] 🔍 질문에서 추출한 작물명: 딸기
2025-12-24 16:40:37,602 [INFO] ✅ 최종 설정된 작물명 (crop_name): 딸기
2025-12-24 16:40:37,602 [INFO] 🐛 병해충명: 흰가루류
2025-12-24 16:40:37,603 [INFO] 📋 방제이력: 1개 (30일)
2025-12-24 16:40:38,154 [INFO] 🔍 검색 키워드: ['흰가루병', '흰가루']
2025-12-24 16:40:38,174 [INFO] 📊 초기 검색: 97개
2025-12-24 16:40:38,175 [INFO] ⛔ 제외 성분: {'아사이노나피르'}
2025-12-24 16:40:38,176 [INFO] ⛔ 3회 제외: 97개 → 97개
2025-12-24 16:40:38,176 [INFO] 🔄 성분 중복 제거: 97개 → 32개
2025-12-24 16:40:38,176 [INFO] ✅ 최종 결과: 32개
2025-12-24 16:40:38,176 [INFO] 💊 약제 검색: 32개
2025-12-24 16:40:38,176 [INFO] 🔧 답변 조립 시작: 유형 14
2025-12-24 16:40:38,177 [INFO] 🤖 AI 호출: 흰가루류 설명
2025-12-24 16:40:41,890 [INFO] ✅ AI 응답: 130자
2025-12-24 16:40:41,892 [INFO] ✅ 답변 조립 완료
2025-12-24 16:45:12,164 [INFO] 📞 1077777778 | 응애 농약 추천
2025-12-24 16:45:12,168 [INFO] 📦 컨텍스트 수집 시작: 유형 14
2025-12-24 16:45:12,169 [INFO] 🔍 DEBUG: get_farm_info 반환값 전체 = {'phone': '1077777778', 'name': '홍길동', 'crop': '가지', 'farm_area': '500', 'region': '경기도 과천시 문원동', 'cultivation_type': '노지', 'planting_date': '', 'address': '', 'password': '77777777', 'facility_structure': '', 'dong_count': None}
2025-12-24 16:45:12,169 [INFO] ✅ 농가정보: 홍길동
2025-12-24 16:45:12,169 [INFO] 🔍 DEBUG: name 필드 = '홍길동'
2025-12-24 16:45:12,382 [INFO] 🔍 질문에서 추출한 작물명: None
2025-12-24 16:45:12,382 [INFO] 🔍 DB에서 가져온 작물명 (저장 전): 가지
2025-12-24 16:45:12,382 [INFO] 📌 DB에서 작물명: 가지
2025-12-24 16:45:12,382 [INFO] ✅ 최종 설정된 작물명 (crop_name): 가지
2025-12-24 16:45:12,382 [INFO] 🐛 병해충명: 응애류
2025-12-24 16:45:12,382 [INFO] 📋 방제이력: 1개 (30일)
2025-12-24 16:45:12,990 [INFO] 🔍 검색 키워드: ['점박이응애', '응애', '차응애', '뿌리응애', '겨울배추검정응애', '차먼지응애', '사과응애', '응애류', '마늘혹응애', '흑응애', '오이긴털가루응애', '버섯응애류', '간자와응애', '전나무잎응애', '귤응애', '토마토녹응애', '녹응애']
2025-12-24 16:45:13,024 [INFO] 📊 초기 검색: 152개
2025-12-24 16:45:13,025 [INFO] ⛔ 제외 성분: {'아사이노나피르'}
2025-12-24 16:45:13,025 [INFO] ⛔ 3회 제외: 152개 → 149개
2025-12-24 16:45:13,026 [INFO] ⭐ 우선약제: 0개, 일반: 149개 (등록일순)
2025-12-24 16:45:13,026 [INFO] 🔄 성분 중복 제거: 149개 → 11개
2025-12-24 16:45:13,027 [INFO] ✅ 최종 결과: 11개
2025-12-24 16:45:13,027 [INFO] 💊 약제 검색: 11개
2025-12-24 16:45:13,027 [INFO] 🔧 답변 조립 시작: 유형 14
2025-12-24 16:45:13,027 [INFO] 🤖 AI 호출: 응애류 설명
2025-12-24 16:45:17,146 [INFO] ✅ AI 응답: 155자
2025-12-24 16:45:17,150 [INFO] ✅ 답변 조립 완료
2025-12-24 16:48:08,049 [INFO] 📞 1077777778 | 딸기 흰가루 증상
2025-12-24 16:48:08,052 [INFO] 📦 컨텍스트 수집 시작: 유형 14
2025-12-24 16:48:08,053 [INFO] 🔍 DEBUG: get_farm_info 반환값 전체 = {'phone': '1077777778', 'name': '홍길동', 'crop': '가지', 'farm_area': '500', 'region': '경기도 과천시 문원동', 'cultivation_type': '노지', 'planting_date': '', 'address': '', 'password': '77777777', 'facility_structure': '', 'dong_count': None}
2025-12-24 16:48:08,053 [INFO] ✅ 농가정보: 홍길동
2025-12-24 16:48:08,053 [INFO] 🔍 DEBUG: name 필드 = '홍길동'
2025-12-24 16:48:08,266 [INFO] 🔍 질문에서 추출한 작물명: 딸기
2025-12-24 16:48:08,267 [INFO] ✅ 최종 설정된 작물명 (crop_name): 딸기
2025-12-24 16:48:08,267 [INFO] 🐛 병해충명: 흰가루류
2025-12-24 16:48:08,267 [INFO] 📋 방제이력: 1개 (30일)
2025-12-24 16:48:08,803 [INFO] 🔍 검색 키워드: ['흰가루병', '흰가루']
2025-12-24 16:48:08,821 [INFO] 📊 초기 검색: 97개
2025-12-24 16:48:08,822 [INFO] ⛔ 제외 성분: {'아사이노나피르'}
2025-12-24 16:48:08,822 [INFO] ⛔ 3회 제외: 97개 → 97개
2025-12-24 16:48:08,822 [INFO] 🔄 성분 중복 제거: 97개 → 32개
2025-12-24 16:48:08,822 [INFO] ✅ 최종 결과: 32개
2025-12-24 16:48:08,822 [INFO] 💊 약제 검색: 32개
2025-12-24 16:48:08,822 [INFO] 🔧 답변 조립 시작: 유형 14
2025-12-24 16:48:08,822 [INFO] 🤖 AI 호출: 흰가루류 설명
2025-12-24 16:48:12,626 [INFO] ✅ AI 응답: 154자
2025-12-24 16:48:12,628 [INFO] ✅ 답변 조립 완료
2025-12-26 14:01:33,304 [INFO] ✅ DB 초기화 로직 수행 완료
2025-12-26 14:01:36,144 [INFO] ✅ AI 연결 성공
2026-01-12 20:50:44,625 [INFO] ✅ DB 초기화 로직 수행 완료
2026-01-12 20:50:44,897 [WARNING] ⚠️ AI 연결 실패: 404
2026-01-12 20:59:19,918 [INFO] ✨ 신규 추가
2026-01-21 09:26:55,894 [INFO] ✅ DB 초기화 로직 수행 완료
2026-01-21 09:26:56,144 [WARNING] ⚠️ AI 연결 실패: 404
2026-01-21 09:29:29,830 [INFO] ✨ 신규 추가
2026-01-21 09:43:09,934 [INFO] ✨ 신규 추가
2026-01-21 09:52:31,470 [INFO] 📞 1077777778 | 딸기 응애 방제 내가 언제 마지막으로 했던가
2026-01-21 09:52:31,504 [INFO] 📦 컨텍스트 수집 시작: 유형 14
2026-01-21 09:52:31,504 [INFO] 🔍 DEBUG: get_farm_info 반환값 전체 = {'phone': '1077777778', 'name': '홍길동', 'crop': '가지', 'farm_area': '500', 'region': '경기도 과천시 문원동', 'cultivation_type': '노지', 'planting_date': '', 'address': '', 'password': '77777777', 'facility_structure': '', 'dong_count': None}
2026-01-21 09:52:31,504 [INFO] ✅ 농가정보: 홍길동
2026-01-21 09:52:31,504 [INFO] 🔍 DEBUG: name 필드 = '홍길동'
2026-01-21 09:52:31,944 [INFO] 🔍 질문에서 추출한 작물명: 딸기
2026-01-21 09:52:31,944 [INFO] ✅ 최종 설정된 작물명 (crop_name): 딸기
2026-01-21 09:52:31,944 [INFO] 🐛 병해충명: 응애류
2026-01-21 09:52:31,945 [INFO] 📋 방제이력: 3개 (30일)
2026-01-21 09:52:32,428 [INFO] 🔍 검색 키워드: ['점박이응애', '응애', '차응애', '뿌리응애', '겨울배추검정응애', '차먼지응애', '사과응애', '응애류', '마늘혹응애', '흑응애', '오이긴털가루응애', '버섯응애류', '간자와응애', '전나무잎응애', '귤응애', '토마토녹응애', '녹응애']
2026-01-21 09:52:32,450 [INFO] 📊 초기 검색: 89개
2026-01-21 09:52:32,455 [INFO] ⛔ 제외 성분: {'아이소사이클로세람', '아사이노나피르'}
2026-01-21 09:52:32,455 [INFO] ⛔ 3회 제외: 89개 → 83개
2026-01-21 09:52:32,455 [INFO] ⭐ 우선약제: 0개, 일반: 83개 (등록일순)
2026-01-21 09:52:32,455 [INFO] 🔄 성분 중복 제거: 83개 → 17개
2026-01-21 09:52:32,455 [INFO] ✅ 최종 결과: 17개
2026-01-21 09:52:32,455 [INFO] 💊 약제 검색: 17개
2026-01-21 09:52:32,455 [INFO] ⚠️ 경고: ['INGREDIENT_DUP']
2026-01-21 09:52:32,455 [INFO] 🔧 답변 조립 시작: 유형 14
2026-01-21 09:52:32,456 [INFO] 🤖 AI 호출: 응애류 설명
2026-01-21 09:52:32,699 [WARNING] ⚠️ AI 응답 실패: 404
2026-01-21 09:52:32,701 [INFO] ✅ 답변 조립 완료
2026-01-21 09:54:00,615 [INFO] 🔄 수정 요청: ID=133
2026-01-21 10:51:02,075 [INFO] 🗑️ 삭제 요청 수신: Phone=1077777778, ID=133
2026-01-21 10:51:12,646 [INFO] 🔄 수정 요청: ID=132
2026-01-21 10:51:29,690 [INFO] 📞 1077777778 | 딸기 응애 방제 마지막언제
2026-01-21 10:51:29,693 [INFO] 📦 컨텍스트 수집 시작: 유형 14
2026-01-21 10:51:29,694 [INFO] 🔍 DEBUG: get_farm_info 반환값 전체 = {'phone': '1077777778', 'name': '홍길동', 'crop': '가지', 'farm_area': '500', 'region': '경기도 과천시 문원동', 'cultivation_type': '노지', 'planting_date': '', 'address': '', 'password': '77777777', 'facility_structure': '', 'dong_count': None}
2026-01-21 10:51:29,695 [INFO] ✅ 농가정보: 홍길동
2026-01-21 10:51:29,695 [INFO] 🔍 DEBUG: name 필드 = '홍길동'
2026-01-21 10:51:29,922 [INFO] 🔍 질문에서 추출한 작물명: 딸기
2026-01-21 10:51:29,922 [INFO] ✅ 최종 설정된 작물명 (crop_name): 딸기
2026-01-21 10:51:29,922 [INFO] 🐛 병해충명: 응애류
2026-01-21 10:51:29,923 [INFO] 📋 방제이력: 2개 (30일)
2026-01-21 10:51:30,411 [INFO] 🔍 검색 키워드: ['점박이응애', '응애', '차응애', '뿌리응애', '겨울배추검정응애', '차먼지응애', '사과응애', '응애류', '마늘혹응애', '흑응애', '오이긴털가루응애', '버섯응애류', '간자와응애', '전나무잎응애', '귤응애', '토마토녹응애', '녹응애']
2026-01-21 10:51:30,429 [INFO] 📊 초기 검색: 89개
2026-01-21 10:51:30,430 [INFO] ⛔ 제외 성분: {'아사이노나피르'}
2026-01-21 10:51:30,430 [INFO] ⛔ 3회 제외: 89개 → 84개
2026-01-21 10:51:30,430 [INFO] ⭐ 우선약제: 1개, 일반: 83개 (등록일순)
2026-01-21 10:51:30,430 [INFO] 🔄 성분 중복 제거: 84개 → 18개
2026-01-21 10:51:30,430 [INFO] ✅ 최종 결과: 18개
2026-01-21 10:51:30,430 [INFO] 💊 약제 검색: 18개
2026-01-21 10:51:30,430 [INFO] 🔧 답변 조립 시작: 유형 14
2026-01-21 10:51:30,430 [INFO] 🤖 AI 호출: 응애류 설명
2026-01-21 10:51:30,603 [WARNING] ⚠️ AI 응답 실패: 404
2026-01-21 10:51:30,604 [INFO] ✅ 답변 조립 완료
2026-01-21 11:28:10,703 [INFO] ✅ DB 초기화 로직 수행 완료
2026-01-21 11:28:10,956 [WARNING] ⚠️ AI 연결 실패: 404
2026-01-21 11:28:58,155 [INFO] 📞 1077777778 | 딸기응애방제
2026-01-21 11:28:58,185 [INFO] 📦 컨텍스트 수집 시작: 유형 14
2026-01-21 11:28:58,185 [INFO] 🔍 DEBUG: get_farm_info 반환값 전체 = {'phone': '1077777778', 'name': '홍길동', 'crop': '가지', 'farm_area': '500', 'region': '경기도 과천시 문원동', 'cultivation_type': '노지', 'planting_date': '', 'address': '', 'password': '77777777', 'facility_structure': '', 'dong_count': None}
2026-01-21 11:28:58,185 [INFO] ✅ 농가정보: 홍길동
2026-01-21 11:28:58,185 [INFO] 🔍 DEBUG: name 필드 = '홍길동'
2026-01-21 11:28:58,550 [INFO] 🔍 질문에서 추출한 작물명: 딸기
2026-01-21 11:28:58,550 [INFO] ✅ 최종 설정된 작물명 (crop_name): 딸기
2026-01-21 11:28:58,550 [INFO] 🐛 병해충명: 응애류
2026-01-21 11:28:58,551 [INFO] 📋 방제이력: 2개 (30일)
2026-01-21 11:28:59,040 [INFO] 🔍 검색 키워드: ['점박이응애', '응애', '차응애', '뿌리응애', '겨울배추검정응애', '차먼지응애', '사과응애', '응애류', '마늘혹응애', '흑응애', '오이긴털가루응애', '버섯응애류', '간자와응애', '전나무잎응애', '귤응애', '토마토녹응애', '녹응애']
2026-01-21 11:28:59,060 [INFO] 📊 초기 검색: 89개
2026-01-21 11:28:59,063 [INFO] ⛔ 제외 성분: {'아사이노나피르'}
2026-01-21 11:28:59,064 [INFO] ⛔ 3회 제외: 89개 → 84개
2026-01-21 11:28:59,064 [INFO] ⭐ 우선약제: 1개, 일반: 83개 (등록일순)
2026-01-21 11:28:59,064 [INFO] 🔄 성분 중복 제거: 84개 → 18개
2026-01-21 11:28:59,064 [INFO] ✅ 최종 결과: 18개
2026-01-21 11:28:59,064 [INFO] 💊 약제 검색: 18개
2026-01-21 11:28:59,064 [INFO] ⚠️ 경고: ['INFO_72H']
2026-01-21 11:28:59,064 [INFO] 🔧 답변 조립 시작: 유형 14
2026-01-21 11:28:59,064 [INFO] 🤖 AI 호출: 응애류 설명
2026-01-21 11:28:59,221 [WARNING] ⚠️ AI 응답 실패: 404
2026-01-21 11:28:59,223 [INFO] ✅ 답변 조립 완료
2026-01-21 11:34:38,264 [INFO] ✨ 신규 추가
2026-01-21 12:34:50,712 [INFO] ✨ 신규 추가
2026-01-21 12:45:03,462 [INFO] 🔄 수정 요청: ID=134
2026-01-21 12:45:27,995 [INFO] 📞 1077777778 | 딸기 총채벌레 증상
2026-01-21 12:45:27,998 [INFO] 📦 컨텍스트 수집 시작: 유형 14
2026-01-21 12:45:27,999 [INFO] 🔍 DEBUG: get_farm_info 반환값 전체 = {'phone': '1077777778', 'name': '홍길동', 'crop': '가지', 'farm_area': '500', 'region': '경기도 과천시 문원동', 'cultivation_type': '노지', 'planting_date': '', 'address': '', 'password': '77777777', 'facility_structure': '', 'dong_count': None}
2026-01-21 12:45:27,999 [INFO] ✅ 농가정보: 홍길동
2026-01-21 12:45:27,999 [INFO] 🔍 DEBUG: name 필드 = '홍길동'
2026-01-21 12:45:28,261 [INFO] 🔍 질문에서 추출한 작물명: 딸기
2026-01-21 12:45:28,262 [INFO] ✅ 최종 설정된 작물명 (crop_name): 딸기
2026-01-21 12:45:28,262 [INFO] 🐛 병해충명: 총채벌레류
2026-01-21 12:45:28,262 [INFO] 📋 방제이력: 4개 (30일)
2026-01-21 12:45:28,785 [INFO] 🔍 검색 키워드: ['꽃노랑총채벌레', '총채벌레', '대만총채벌레', '블록총채벌래', '총체벌레류', '오이총채벌레', '난총채벌레', '파총채벌레', '좀머리총채벌레', '미나리총채벌레', '무궁화어리총채벌레', '뽕나무총채벌레', '감관총채벌레', '총채']
2026-01-21 12:45:28,804 [INFO] 📊 초기 검색: 41개
2026-01-21 12:45:28,808 [INFO] ⛔ 제외 성분: {'아사이노나피르'}
2026-01-21 12:45:28,808 [INFO] ⛔ 3회 제외: 41개 → 41개
2026-01-21 12:45:28,808 [INFO] ⭐ 우선약제: 0개, 일반: 41개 (등록일순)
2026-01-21 12:45:28,808 [INFO] 🔄 성분 중복 제거: 41개 → 10개
2026-01-21 12:45:28,808 [INFO] ✅ 최종 결과: 10개
2026-01-21 12:45:28,808 [INFO] 💊 약제 검색: 10개
2026-01-21 12:45:28,808 [INFO] ⚠️ 경고: ['DANGER_12H']
2026-01-21 12:45:28,808 [INFO] 🔧 답변 조립 시작: 유형 14
2026-01-21 12:45:28,808 [INFO] 🤖 AI 호출: 총채벌레류 설명
2026-01-21 12:45:29,061 [WARNING] ⚠️ AI 응답 실패: 404
2026-01-21 12:45:29,068 [INFO] ✅ 답변 조립 완료
2026-01-21 12:53:21,517 [INFO] 📞 1077777778 | 잎에 흰색 가루가 있어
2026-01-21 12:53:21,529 [INFO] 📦 컨텍스트 수집 시작: 유형 13
2026-01-21 12:53:21,533 [INFO] 🔍 DEBUG: get_farm_info 반환값 전체 = {'phone': '1077777778', 'name': '홍길동', 'crop': '가지', 'farm_area': '500', 'region': '경기도 과천시 문원동', 'cultivation_type': '노지', 'planting_date': '', 'address': '', 'password': '77777777', 'facility_structure': '', 'dong_count': None}
2026-01-21 12:53:21,533 [INFO] ✅ 농가정보: 홍길동
2026-01-21 12:53:21,534 [INFO] 🔍 DEBUG: name 필드 = '홍길동'
2026-01-21 12:53:21,792 [INFO] 🔍 질문에서 추출한 작물명: None
2026-01-21 12:53:21,792 [INFO] 🔍 DB에서 가져온 작물명 (저장 전): 가지
2026-01-21 12:53:21,792 [INFO] 📌 DB에서 작물명: 가지
2026-01-21 12:53:21,792 [INFO] ✅ 최종 설정된 작물명 (crop_name): 가지
2026-01-21 12:53:21,793 [INFO] 📋 방제이력: 3개 (7일)
2026-01-21 12:53:21,793 [INFO] ⚠️ 경고: ['DANGER_12H']
2026-01-21 12:53:21,793 [INFO] 🔧 답변 조립 시작: 유형 13
2026-01-21 12:53:21,793 [INFO] 🔍 AI 진단에 전달할 작물명: 가지
2026-01-21 12:53:21,793 [INFO] 🔍 call_ai_diagnosis 호출 - crop_name: 가지
2026-01-21 12:53:21,793 [INFO] 🔍 AI 프롬프트 작물 정보: '작물: 가지'
2026-01-21 12:53:21,793 [INFO] 🤖 AI 진단 호출
2026-01-21 12:53:22,036 [WARNING] ⚠️ AI 응답 실패: 404
2026-01-21 12:53:22,040 [INFO] ✅ 답변 조립 완료
2026-01-21 13:05:22,813 [INFO] 📞 1077777778 | 딸기 진딧물 종류
2026-01-21 13:05:22,818 [INFO] 📦 컨텍스트 수집 시작: 유형 14
2026-01-21 13:05:22,819 [INFO] 🔍 DEBUG: get_farm_info 반환값 전체 = {'phone': '1077777778', 'name': '홍길동', 'crop': '가지', 'farm_area': '500', 'region': '경기도 과천시 문원동', 'cultivation_type': '노지', 'planting_date': '', 'address': '', 'password': '77777777', 'facility_structure': '', 'dong_count': None}
2026-01-21 13:05:22,819 [INFO] ✅ 농가정보: 홍길동
2026-01-21 13:05:22,819 [INFO] 🔍 DEBUG: name 필드 = '홍길동'
2026-01-21 13:05:23,041 [INFO] 🔍 질문에서 추출한 작물명: 딸기
2026-01-21 13:05:23,041 [INFO] ✅ 최종 설정된 작물명 (crop_name): 딸기
2026-01-21 13:05:23,041 [INFO] 🐛 병해충명: 진딧물류
2026-01-21 13:05:23,042 [INFO] 📋 방제이력: 4개 (30일)
2026-01-21 13:05:23,548 [INFO] 🔍 검색 키워드: ['목화진딧물', '진딧물', '국화꼬마수염진딧물', '조팝나무진딧물', '찔레수염진딧물', '인도블록진딧물', '우엉수염진딧물', '복숭아혹진딧물', '무테진딧물', '연테두리진딧물', '잠두진딧물', '두릅쌍꼬리진딧물', '양배추가루진딧물', '호박과실파리', '싸리수염진딧물', '알락수염노린재', '지칭개수염진딧물', '꼬부랑진딧물', '씀바귀수염진딧물']
2026-01-21 13:05:23,565 [INFO] 📊 초기 검색: 67개
2026-01-21 13:05:23,566 [INFO] ⛔ 제외 성분: {'아사이노나피르'}
2026-01-21 13:05:23,566 [INFO] ⛔ 3회 제외: 67개 → 67개
2026-01-21 13:05:23,566 [INFO] ⭐ 우선약제: 0개, 일반: 67개 (등록일순)
2026-01-21 13:05:23,566 [INFO] 🔄 성분 중복 제거: 67개 → 11개
2026-01-21 13:05:23,566 [INFO] ✅ 최종 결과: 11개
2026-01-21 13:05:23,566 [INFO] 💊 약제 검색: 11개
2026-01-21 13:05:23,566 [INFO] ⚠️ 경고: ['DANGER_12H']
2026-01-21 13:05:23,566 [INFO] 🔧 답변 조립 시작: 유형 14
2026-01-21 13:05:23,566 [INFO] 🤖 AI 호출: 진딧물류 설명
2026-01-21 13:05:23,811 [WARNING] ⚠️ AI 응답 실패: 404
2026-01-21 13:05:23,814 [INFO] ✅ 답변 조립 완료
2026-01-21 13:13:57,156 [INFO] 📞 1077777778 | 딸기 응애 약제추천
2026-01-21 13:13:57,160 [INFO] 📦 컨텍스트 수집 시작: 유형 14
2026-01-21 13:13:57,160 [INFO] 🔍 DEBUG: get_farm_info 반환값 전체 = {'phone': '1077777778', 'name': '홍길동', 'crop': '가지', 'farm_area': '500', 'region': '경기도 과천시 문원동', 'cultivation_type': '노지', 'planting_date': '', 'address': '', 'password': '77777777', 'facility_structure': '', 'dong_count': None}
2026-01-21 13:13:57,161 [INFO] ✅ 농가정보: 홍길동
2026-01-21 13:13:57,161 [INFO] 🔍 DEBUG: name 필드 = '홍길동'
2026-01-21 13:13:57,396 [INFO] 🔍 질문에서 추출한 작물명: 딸기
2026-01-21 13:13:57,396 [INFO] ✅ 최종 설정된 작물명 (crop_name): 딸기
2026-01-21 13:13:57,396 [INFO] 🐛 병해충명: 응애류
2026-01-21 13:13:57,397 [INFO] 📋 방제이력: 4개 (30일)
2026-01-21 13:13:58,042 [INFO] 🔍 검색 키워드: ['점박이응애', '응애', '차응애', '뿌리응애', '겨울배추검정응애', '차먼지응애', '사과응애', '응애류', '마늘혹응애', '흑응애', '오이긴털가루응애', '버섯응애류', '간자와응애', '전나무잎응애', '귤응애', '토마토녹응애', '녹응애']
2026-01-21 13:13:58,061 [INFO] 📊 초기 검색: 89개
2026-01-21 13:13:58,062 [INFO] ⛔ 제외 성분: {'아사이노나피르'}
2026-01-21 13:13:58,062 [INFO] ⛔ 3회 제외: 89개 → 84개
2026-01-21 13:13:58,062 [INFO] ⭐ 우선약제: 1개, 일반: 83개 (등록일순)
2026-01-21 13:13:58,062 [INFO] 🔄 성분 중복 제거: 84개 → 18개
2026-01-21 13:13:58,062 [INFO] ✅ 최종 결과: 18개
2026-01-21 13:13:58,062 [INFO] 💊 약제 검색: 18개
2026-01-21 13:13:58,062 [INFO] ⚠️ 경고: ['DANGER_12H']
2026-01-21 13:13:58,062 [INFO] 🔧 답변 조립 시작: 유형 14
2026-01-21 13:13:58,063 [INFO] 🤖 AI 호출: 응애류 설명
2026-01-21 13:13:58,365 [WARNING] ⚠️ AI 응답 실패: 404
2026-01-21 13:13:58,366 [INFO] ✅ 답변 조립 완료
2026-01-21 13:59:18,944 [INFO] ✅ DB 초기화 로직 수행 완료
2026-01-21 13:59:19,191 [WARNING] ⚠️ AI 연결 실패: 404
2026-01-21 14:00:17,323 [INFO] 📞 1077777778 | 딸기 응애 약제 추천
2026-01-21 14:00:17,353 [INFO] 📦 컨텍스트 수집 시작: 유형 14
2026-01-21 14:00:17,353 [INFO] 🔍 DEBUG: get_farm_info 반환값 전체 = {'phone': '1077777778', 'name': '홍길동', 'crop': '가지', 'farm_area': '500', 'region': '경기도 과천시 문원동', 'cultivation_type': '노지', 'planting_date': '', 'address': '', 'password': '77777777', 'facility_structure': '', 'dong_count': None}
2026-01-21 14:00:17,353 [INFO] ✅ 농가정보: 홍길동
2026-01-21 14:00:17,353 [INFO] 🔍 DEBUG: name 필드 = '홍길동'
2026-01-21 14:00:17,721 [INFO] 🔍 질문에서 추출한 작물명: 딸기
2026-01-21 14:00:17,722 [INFO] ✅ 최종 설정된 작물명 (crop_name): 딸기
2026-01-21 14:00:17,722 [INFO] 🐛 병해충명: 응애류
2026-01-21 14:00:17,722 [INFO] 📋 방제이력: 4개 (30일)
2026-01-21 14:00:18,268 [INFO] 🔍 검색 키워드: ['점박이응애', '응애', '차응애', '뿌리응애', '겨울배추검정응애', '차먼지응애', '사과응애', '응애류', '마늘혹응애', '흑응애', '오이긴털가루응애', '버섯응애류', '간자와응애', '전나무잎응애', '귤응애', '토마토녹응애', '녹응애']
2026-01-21 14:00:18,289 [INFO] 📊 초기 검색: 89개
2026-01-21 14:00:18,292 [INFO] ⛔ 제외 성분: {'아사이노나피르'}
2026-01-21 14:00:18,292 [INFO] ⛔ 3회 제외: 89개 → 84개
2026-01-21 14:00:18,292 [INFO] ⭐ 우선약제: 1개, 일반: 83개 (등록일순)
2026-01-21 14:00:18,292 [INFO] 🔄 성분 중복 제거: 84개 → 18개
2026-01-21 14:00:18,292 [INFO] ✅ 최종 결과: 18개
2026-01-21 14:00:18,292 [INFO] 💊 약제 검색: 18개
2026-01-21 14:00:18,292 [INFO] ⚠️ 경고: ['DANGER_12H']
2026-01-21 14:00:18,292 [INFO] 🔧 답변 조립 시작: 유형 14
2026-01-21 14:00:18,292 [INFO] 🤖 AI 호출: 응애류 설명
2026-01-21 14:00:18,452 [WARNING] ⚠️ AI 응답 실패: 404
2026-01-21 14:00:18,453 [INFO] ✅ 답변 조립 완료
2026-01-21 14:05:23,846 [INFO] ✅ DB 초기화 로직 수행 완료
2026-01-21 14:05:24,091 [WARNING] ⚠️ AI 연결 실패: 404
2026-01-21 14:05:56,052 [INFO] 📞 1077777778 | 딸기 응애 약제 추천
2026-01-21 14:05:56,081 [INFO] 📦 컨텍스트 수집 시작: 유형 14
2026-01-21 14:05:56,081 [INFO] 🔍 DEBUG: get_farm_info 반환값 전체 = {'phone': '1077777778', 'name': '홍길동', 'crop': '가지', 'farm_area': '500', 'region': '경기도 과천시 문원동', 'cultivation_type': '노지', 'planting_date': '', 'address': '', 'password': '77777777', 'facility_structure': '', 'dong_count': None}
2026-01-21 14:05:56,081 [INFO] ✅ 농가정보: 홍길동
2026-01-21 14:05:56,081 [INFO] 🔍 DEBUG: name 필드 = '홍길동'
2026-01-21 14:05:56,424 [INFO] 🔍 질문에서 추출한 작물명: 딸기
2026-01-21 14:05:56,424 [INFO] ✅ 최종 설정된 작물명 (crop_name): 딸기
2026-01-21 14:05:56,424 [INFO] 🐛 병해충명: 응애류
2026-01-21 14:05:56,425 [INFO] 📋 방제이력: 4개 (30일)
2026-01-21 14:05:56,926 [INFO] 🔍 검색 키워드: ['점박이응애', '응애', '차응애', '뿌리응애', '겨울배추검정응애', '차먼지응애', '사과응애', '응애류', '마늘혹응애', '흑응애', '오이긴털가루응애', '버섯응애류', '간자와응애', '전나무잎응애', '귤응애', '토마토녹응애', '녹응애']
2026-01-21 14:05:56,946 [INFO] 📊 초기 검색: 89개
2026-01-21 14:05:56,948 [INFO] ⛔ 제외 성분: {'아사이노나피르'}
2026-01-21 14:05:56,949 [INFO] ⛔ 3회 제외: 89개 → 84개
2026-01-21 14:05:56,949 [INFO] ⭐ 우선약제: 1개, 일반: 83개 (등록일순)
2026-01-21 14:05:56,949 [INFO] 🔄 성분 중복 제거: 84개 → 18개
2026-01-21 14:05:56,949 [INFO] ✅ 최종 결과: 18개
2026-01-21 14:05:56,949 [INFO] 💊 약제 검색: 18개
2026-01-21 14:05:56,949 [INFO] ⚠️ 경고: ['DANGER_12H']
2026-01-21 14:05:56,949 [INFO] 🔧 답변 조립 시작: 유형 14
2026-01-21 14:05:56,949 [INFO] 🤖 AI 호출: 응애류 설명
2026-01-21 14:05:57,114 [WARNING] ⚠️ AI 응답 실패: 404
2026-01-21 14:05:57,115 [INFO] ✅ 답변 조립 완료
2026-01-21 14:15:39,300 [INFO] ✅ DB 초기화 로직 수행 완료
2026-01-21 14:15:39,547 [WARNING] ⚠️ AI 연결 실패: 404
2026-01-21 14:21:18,432 [INFO] 📞 1077777778 | 딸기 응애 약제 추천
2026-01-21 14:21:18,462 [INFO] 📦 컨텍스트 수집 시작: 유형 14
2026-01-21 14:21:18,462 [INFO] 🔍 DEBUG: get_farm_info 반환값 전체 = {'phone': '1077777778', 'name': '홍길동', 'crop': '가지', 'farm_area': '500', 'region': '경기도 과천시 문원동', 'cultivation_type': '노지', 'planting_date': '', 'address': '', 'password': '77777777', 'facility_structure': '', 'dong_count': None}
2026-01-21 14:21:18,462 [INFO] ✅ 농가정보: 홍길동
2026-01-21 14:21:18,462 [INFO] 🔍 DEBUG: name 필드 = '홍길동'
2026-01-21 14:21:18,857 [INFO] 🔍 질문에서 추출한 작물명: 딸기
2026-01-21 14:21:18,857 [INFO] ✅ 최종 설정된 작물명 (crop_name): 딸기
2026-01-21 14:21:18,857 [INFO] 🐛 병해충명: 응애류
2026-01-21 14:21:18,858 [INFO] 📋 방제이력: 4개 (30일)
2026-01-21 14:21:19,334 [INFO] 🔍 검색 키워드: ['점박이응애', '응애', '차응애', '뿌리응애', '겨울배추검정응애', '차먼지응애', '사과응애', '응애류', '마늘혹응애', '흑응애', '오이긴털가루응애', '버섯응애류', '간자와응애', '전나무잎응애', '귤응애', '토마토녹응애', '녹응애']
2026-01-21 14:21:19,356 [INFO] 📊 초기 검색: 89개
2026-01-21 14:21:19,358 [INFO] ⛔ 제외 성분: {'아사이노나피르'}
2026-01-21 14:21:19,358 [INFO] ⛔ 3회 제외: 89개 → 84개
2026-01-21 14:21:19,358 [INFO] ⭐ 우선약제: 1개, 일반: 83개 (등록일순)
2026-01-21 14:21:19,358 [INFO] 🔄 성분 중복 제거: 84개 → 18개
2026-01-21 14:21:19,358 [INFO] ✅ 최종 결과: 18개
2026-01-21 14:21:19,359 [INFO] 💊 약제 검색: 18개
2026-01-21 14:21:19,359 [INFO] ⚠️ 경고: ['DANGER_12H']
2026-01-21 14:21:19,359 [INFO] 🔧 답변 조립 시작: 유형 14
2026-01-21 14:21:19,359 [INFO] 🤖 AI 호출: 응애류 설명
2026-01-21 14:21:19,531 [WARNING] ⚠️ AI 응답 실패: 404
2026-01-21 14:21:19,532 [INFO] ✅ 답변 조립 완료
2026-01-23 09:27:59,317 [INFO] ✅ DB 초기화 로직 수행 완료
2026-01-23 09:27:59,657 [WARNING] ⚠️ AI 연결 실패: 404
2026-01-23 09:29:19,280 [INFO] 📞 1077777778 | 딸기 응애 약제 추천
2026-01-23 09:29:19,315 [INFO] 📦 컨텍스트 수집 시작: 유형 14
2026-01-23 09:29:19,315 [INFO] 🔍 DEBUG: get_farm_info 반환값 전체 = {'phone': '1077777778', 'name': '홍길동', 'crop': '가지', 'farm_area': '500', 'region': '경기도 과천시 문원동', 'cultivation_type': '노지', 'planting_date': '', 'address': '', 'password': '77777777', 'facility_structure': '', 'dong_count': None}
2026-01-23 09:29:19,315 [INFO] ✅ 농가정보: 홍길동
2026-01-23 09:29:19,315 [INFO] 🔍 DEBUG: name 필드 = '홍길동'
2026-01-23 09:29:19,899 [INFO] 🔍 질문에서 추출한 작물명: 딸기
2026-01-23 09:29:19,899 [INFO] ✅ 최종 설정된 작물명 (crop_name): 딸기
2026-01-23 09:29:19,899 [INFO] 🐛 병해충명: 응애류
2026-01-23 09:29:19,900 [INFO] 📋 방제이력: 4개 (30일)
2026-01-23 09:29:20,722 [INFO] 🔍 검색 키워드: ['점박이응애', '응애', '차응애', '뿌리응애', '겨울배추검정응애', '차먼지응애', '사과응애', '응애류', '마늘혹응애', '흑응애', '오이긴털가루응애', '버섯응애류', '간자와응애', '전나무잎응애', '귤응애', '토마토녹응애', '녹응애']
2026-01-23 09:29:20,758 [INFO] 📊 초기 검색: 89개
2026-01-23 09:29:20,764 [INFO] ⛔ 제외 성분: {'아사이노나피르'}
2026-01-23 09:29:20,765 [INFO] ⛔ 3회 제외: 89개 → 84개
2026-01-23 09:29:20,765 [INFO] ⭐ 우선약제: 1개, 일반: 83개 (등록일순)
2026-01-23 09:29:20,765 [INFO] 🔄 성분 중복 제거: 84개 → 18개
2026-01-23 09:29:20,765 [INFO] ✅ 최종 결과: 18개
2026-01-23 09:29:20,765 [INFO] 💊 약제 검색: 18개
2026-01-23 09:29:20,765 [INFO] ⚠️ 경고: ['INFO_72H']
2026-01-23 09:29:20,765 [INFO] 🔧 답변 조립 시작: 유형 14
2026-01-23 09:29:20,765 [INFO] 🤖 AI 호출: 응애류 설명
2026-01-23 09:29:20,980 [WARNING] ⚠️ AI 응답 실패: 404
2026-01-23 09:29:20,981 [INFO] ✅ 답변 조립 완료
2026-01-23 09:30:25,349 [INFO] 📞 1077777778 | 딸기 응애 증상
2026-01-23 09:30:25,353 [INFO] 📦 컨텍스트 수집 시작: 유형 14
2026-01-23 09:30:25,354 [INFO] 🔍 DEBUG: get_farm_info 반환값 전체 = {'phone': '1077777778', 'name': '홍길동', 'crop': '가지', 'farm_area': '500', 'region': '경기도 과천시 문원동', 'cultivation_type': '노지', 'planting_date': '', 'address': '', 'password': '77777777', 'facility_structure': '', 'dong_count': None}
2026-01-23 09:30:25,354 [INFO] ✅ 농가정보: 홍길동
2026-01-23 09:30:25,354 [INFO] 🔍 DEBUG: name 필드 = '홍길동'
2026-01-23 09:30:25,751 [INFO] 🔍 질문에서 추출한 작물명: 딸기
2026-01-23 09:30:25,751 [INFO] ✅ 최종 설정된 작물명 (crop_name): 딸기
2026-01-23 09:30:25,751 [INFO] 🐛 병해충명: 응애류
2026-01-23 09:30:25,752 [INFO] 📋 방제이력: 4개 (30일)
2026-01-23 09:30:26,576 [INFO] 🔍 검색 키워드: ['점박이응애', '응애', '차응애', '뿌리응애', '겨울배추검정응애', '차먼지응애', '사과응애', '응애류', '마늘혹응애', '흑응애', '오이긴털가루응애', '버섯응애류', '간자와응애', '전나무잎응애', '귤응애', '토마토녹응애', '녹응애']
2026-01-23 09:30:26,607 [INFO] 📊 초기 검색: 89개
2026-01-23 09:30:26,609 [INFO] ⛔ 제외 성분: {'아사이노나피르'}
2026-01-23 09:30:26,609 [INFO] ⛔ 3회 제외: 89개 → 84개
2026-01-23 09:30:26,609 [INFO] ⭐ 우선약제: 1개, 일반: 83개 (등록일순)
2026-01-23 09:30:26,609 [INFO] 🔄 성분 중복 제거: 84개 → 18개
2026-01-23 09:30:26,609 [INFO] ✅ 최종 결과: 18개
2026-01-23 09:30:26,609 [INFO] 💊 약제 검색: 18개
2026-01-23 09:30:26,610 [INFO] ⚠️ 경고: ['INFO_72H']
2026-01-23 09:30:26,610 [INFO] 🔧 답변 조립 시작: 유형 14
2026-01-23 09:30:26,610 [INFO] 🤖 AI 호출: 응애류 설명
2026-01-23 09:30:26,797 [WARNING] ⚠️ AI 응답 실패: 404
2026-01-23 09:30:26,798 [INFO] ✅ 답변 조립 완료
2026-01-23 09:30:42,715 [INFO] 📞 1077777778 | 딸기잎에 흰색 가루가묻어있어
2026-01-23 09:30:42,726 [INFO] 📦 컨텍스트 수집 시작: 유형 13
2026-01-23 09:30:42,727 [INFO] 🔍 DEBUG: get_farm_info 반환값 전체 = {'phone': '1077777778', 'name': '홍길동', 'crop': '가지', 'farm_area': '500', 'region': '경기도 과천시 문원동', 'cultivation_type': '노지', 'planting_date': '', 'address': '', 'password': '77777777', 'facility_structure': '', 'dong_count': None}
2026-01-23 09:30:42,727 [INFO] ✅ 농가정보: 홍길동
2026-01-23 09:30:42,727 [INFO] 🔍 DEBUG: name 필드 = '홍길동'
2026-01-23 09:30:43,061 [INFO] 🔍 질문에서 추출한 작물명: None
2026-01-23 09:30:43,061 [INFO] 🔍 DB에서 가져온 작물명 (저장 전): 가지
2026-01-23 09:30:43,061 [INFO] 📌 DB에서 작물명: 가지
2026-01-23 09:30:43,061 [INFO] ✅ 최종 설정된 작물명 (crop_name): 가지
2026-01-23 09:30:43,062 [INFO] 📋 방제이력: 3개 (7일)
2026-01-23 09:30:43,062 [INFO] ⚠️ 경고: ['INFO_72H']
2026-01-23 09:30:43,062 [INFO] 🔧 답변 조립 시작: 유형 13
2026-01-23 09:30:43,062 [INFO] 🔍 AI 진단에 전달할 작물명: 가지
2026-01-23 09:30:43,062 [INFO] 🔍 call_ai_diagnosis 호출 - crop_name: 가지
2026-01-23 09:30:43,062 [INFO] 🔍 AI 프롬프트 작물 정보: '작물: 가지'
2026-01-23 09:30:43,062 [INFO] 🤖 AI 진단 호출
2026-01-23 09:30:43,286 [WARNING] ⚠️ AI 응답 실패: 404
2026-01-23 09:30:43,289 [INFO] ✅ 답변 조립 완료
2026-01-23 09:31:12,190 [INFO] 📞 1077777778 | 딸기 잎이 시들시들해
2026-01-23 09:31:12,194 [INFO] ⚠️ 약해 의심: 방제 48.5시간 전 + 증상 감지
2026-01-23 09:31:12,194 [INFO] 📦 컨텍스트 수집 시작: 유형 1
2026-01-23 09:31:12,195 [INFO] 🔍 DEBUG: get_farm_info 반환값 전체 = {'phone': '1077777778', 'name': '홍길동', 'crop': '가지', 'farm_area': '500', 'region': '경기도 과천시 문원동', 'cultivation_type': '노지', 'planting_date': '', 'address': '', 'password': '77777777', 'facility_structure': '', 'dong_count': None}
2026-01-23 09:31:12,195 [INFO] ✅ 농가정보: 홍길동
2026-01-23 09:31:12,195 [INFO] 🔍 DEBUG: name 필드 = '홍길동'
2026-01-23 09:31:12,499 [INFO] 🔍 질문에서 추출한 작물명: 딸기
2026-01-23 09:31:12,499 [INFO] ✅ 최종 설정된 작물명 (crop_name): 딸기
2026-01-23 09:31:12,500 [INFO] 📋 방제이력: 3개 (3일)
2026-01-23 09:31:12,500 [INFO] ⚠️ 경고: ['INFO_72H']
2026-01-23 09:31:12,500 [INFO] 🔧 답변 조립 시작: 유형 1
2026-01-23 09:31:12,500 [INFO] ✅ 답변 조립 완료
2026-01-23 09:31:38,019 [INFO] 📞 1077777778 | 딸기 진딧물 증상 알려줘
2026-01-23 09:31:38,021 [INFO] 📦 컨텍스트 수집 시작: 유형 14
2026-01-23 09:31:38,021 [INFO] 🔍 DEBUG: get_farm_info 반환값 전체 = {'phone': '1077777778', 'name': '홍길동', 'crop': '가지', 'farm_area': '500', 'region': '경기도 과천시 문원동', 'cultivation_type': '노지', 'planting_date': '', 'address': '', 'password': '77777777', 'facility_structure': '', 'dong_count': None}
2026-01-23 09:31:38,022 [INFO] ✅ 농가정보: 홍길동
2026-01-23 09:31:38,022 [INFO] 🔍 DEBUG: name 필드 = '홍길동'
2026-01-23 09:31:38,360 [INFO] 🔍 질문에서 추출한 작물명: 딸기
2026-01-23 09:31:38,360 [INFO] ✅ 최종 설정된 작물명 (crop_name): 딸기
2026-01-23 09:31:38,361 [INFO] 🐛 병해충명: 진딧물류
2026-01-23 09:31:38,361 [INFO] 📋 방제이력: 4개 (30일)
2026-01-23 09:31:39,178 [INFO] 🔍 검색 키워드: ['목화진딧물', '진딧물', '국화꼬마수염진딧물', '조팝나무진딧물', '찔레수염진딧물', '인도블록진딧물', '우엉수염진딧물', '복숭아혹진딧물', '무테진딧물', '연테두리진딧물', '잠두진딧물', '두릅쌍꼬리진딧물', '양배추가루진딧물', '호박과실파리', '싸리수염진딧물', '알락수염노린재', '지칭개수염진딧물', '꼬부랑진딧물', '씀바귀수염진딧물']
2026-01-23 09:31:39,208 [INFO] 📊 초기 검색: 67개
2026-01-23 09:31:39,210 [INFO] ⛔ 제외 성분: {'아사이노나피르'}
2026-01-23 09:31:39,211 [INFO] ⛔ 3회 제외: 67개 → 67개
2026-01-23 09:31:39,211 [INFO] ⭐ 우선약제: 0개, 일반: 67개 (등록일순)
2026-01-23 09:31:39,211 [INFO] 🔄 성분 중복 제거: 67개 → 11개
2026-01-23 09:31:39,211 [INFO] ✅ 최종 결과: 11개
2026-01-23 09:31:39,211 [INFO] 💊 약제 검색: 11개
2026-01-23 09:31:39,211 [INFO] ⚠️ 경고: ['INFO_72H']
2026-01-23 09:31:39,211 [INFO] 🔧 답변 조립 시작: 유형 14
2026-01-23 09:31:39,212 [INFO] 🤖 AI 호출: 진딧물류 설명
2026-01-23 09:31:39,381 [WARNING] ⚠️ AI 응답 실패: 404
2026-01-23 09:31:39,383 [INFO] ✅ 답변 조립 완료
2026-01-23 09:44:51,984 [INFO] ✅ DB 초기화 로직 수행 완료
2026-01-23 09:44:52,258 [WARNING] ⚠️ AI 연결 실패: 404
2026-01-23 09:45:54,098 [INFO] 📞 1077777778 | 딸기 응애 증상은?
2026-01-23 09:45:54,127 [INFO] 📦 컨텍스트 수집 시작: 유형 14
2026-01-23 09:45:54,128 [INFO] 🔍 DEBUG: get_farm_info 반환값 전체 = {'phone': '1077777778', 'name': '홍길동', 'crop': '가지', 'farm_area': '500', 'region': '경기도 과천시 문원동', 'cultivation_type': '노지', 'planting_date': '', 'address': '', 'password': '77777777', 'facility_structure': '', 'dong_count': None}
2026-01-23 09:45:54,128 [INFO] ✅ 농가정보: 홍길동
2026-01-23 09:45:54,128 [INFO] 🔍 DEBUG: name 필드 = '홍길동'
2026-01-23 09:45:54,715 [INFO] 🔍 질문에서 추출한 작물명: 딸기
2026-01-23 09:45:54,715 [INFO] ✅ 최종 설정된 작물명 (crop_name): 딸기
2026-01-23 09:45:54,716 [INFO] 🐛 병해충명: 응애류
2026-01-23 09:45:54,716 [INFO] 📋 방제이력: 4개 (30일)
2026-01-23 09:45:55,606 [INFO] 🔍 검색 키워드: ['점박이응애', '응애', '차응애', '뿌리응애', '겨울배추검정응애', '차먼지응애', '사과응애', '응애류', '마늘혹응애', '흑응애', '오이긴털가루응애', '버섯응애류', '간자와응애', '전나무잎응애', '귤응애', '토마토녹응애', '녹응애']
2026-01-23 09:45:55,641 [INFO] 📊 초기 검색: 89개
2026-01-23 09:45:55,645 [INFO] ⛔ 제외 성분: {'아사이노나피르'}
2026-01-23 09:45:55,645 [INFO] ⛔ 3회 제외: 89개 → 84개
2026-01-23 09:45:55,646 [INFO] ⭐ 우선약제: 1개, 일반: 83개 (등록일순)
2026-01-23 09:45:55,646 [INFO] 🔄 성분 중복 제거: 84개 → 18개
2026-01-23 09:45:55,646 [INFO] ✅ 최종 결과: 18개
2026-01-23 09:45:55,646 [INFO] 💊 약제 검색: 18개
2026-01-23 09:45:55,646 [INFO] ⚠️ 경고: ['INFO_72H']
2026-01-23 09:45:55,646 [INFO] 🔧 답변 조립 시작: 유형 14
2026-01-23 09:45:55,646 [INFO] 🤖 AI 호출: 응애류 설명
2026-01-23 09:45:55,829 [WARNING] ⚠️ AI 응답 실패: 404
2026-01-23 09:45:55,830 [INFO] ✅ 답변 조립 완료
2026-01-23 10:19:51,082 [INFO] ✅ DB 초기화 로직 수행 완료
2026-01-23 10:19:51,824 [WARNING] ⚠️ AI 연결 실패: 404
2026-01-23 10:20:41,088 [INFO] 📞 1077777778 | 딸기 응애 증상 설명
2026-01-23 10:20:41,124 [INFO] 📦 컨텍스트 수집 시작: 유형 14
2026-01-23 10:20:41,124 [INFO] 🔍 DEBUG: get_farm_info 반환값 전체 = {'phone': '1077777778', 'name': '홍길동', 'crop': '가지', 'farm_area': '500', 'region': '경기도 과천시 문원동', 'cultivation_type': '노지', 'planting_date': '', 'address': '', 'password': '77777777', 'facility_structure': '', 'dong_count': None}
2026-01-23 10:20:41,124 [INFO] ✅ 농가정보: 홍길동
2026-01-23 10:20:41,125 [INFO] 🔍 DEBUG: name 필드 = '홍길동'
2026-01-23 10:20:41,654 [INFO] 🔍 질문에서 추출한 작물명: 딸기
2026-01-23 10:20:41,655 [INFO] ✅ 최종 설정된 작물명 (crop_name): 딸기
2026-01-23 10:20:41,655 [INFO] 🐛 병해충명: 응애류
2026-01-23 10:20:41,655 [INFO] 📋 방제이력: 4개 (30일)
2026-01-23 10:20:42,473 [INFO] 🔍 검색 키워드: ['점박이응애', '응애', '차응애', '뿌리응애', '겨울배추검정응애', '차먼지응애', '사과응애', '응애류', '마늘혹응애', '흑응애', '오이긴털가루응애', '버섯응애류', '간자와응애', '전나무잎응애', '귤응애', '토마토녹응애', '녹응애']
2026-01-23 10:20:42,507 [INFO] 📊 초기 검색: 89개
2026-01-23 10:20:42,510 [INFO] ⛔ 제외 성분: {'아사이노나피르'}
2026-01-23 10:20:42,510 [INFO] ⛔ 3회 제외: 89개 → 84개
2026-01-23 10:20:42,510 [INFO] ⭐ 우선약제: 1개, 일반: 83개 (등록일순)
2026-01-23 10:20:42,511 [INFO] 🔄 성분 중복 제거: 84개 → 18개
2026-01-23 10:20:42,511 [INFO] ✅ 최종 결과: 18개
2026-01-23 10:20:42,511 [INFO] 💊 약제 검색: 18개
2026-01-23 10:20:42,511 [INFO] ⚠️ 경고: ['INFO_72H']
2026-01-23 10:20:42,511 [INFO] 🔧 답변 조립 시작: 유형 14
2026-01-23 10:20:42,511 [INFO] 🤖 AI 호출: 응애류 설명
2026-01-23 10:20:42,691 [WARNING] ⚠️ AI 응답 실패: 404
2026-01-23 10:20:42,693 [INFO] ✅ 답변 조립 완료
2026-01-23 11:24:34,172 [INFO] ✅ DB 초기화 로직 수행 완료
2026-01-23 11:24:34,476 [WARNING] ⚠️ AI 연결 실패: 404
2026-01-23 11:25:16,438 [INFO] 📞 1077777778 | 딸기 응애 증상
2026-01-23 11:25:16,471 [INFO] 📦 컨텍스트 수집 시작: 유형 14
2026-01-23 11:25:16,472 [INFO] 🔍 DEBUG: get_farm_info 반환값 전체 = {'phone': '1077777778', 'name': '홍길동', 'crop': '가지', 'farm_area': '500', 'region': '경기도 과천시 문원동', 'cultivation_type': '노지', 'planting_date': '', 'address': '', 'password': '77777777', 'facility_structure': '', 'dong_count': None}
2026-01-23 11:25:16,472 [INFO] ✅ 농가정보: 홍길동
2026-01-23 11:25:16,472 [INFO] 🔍 DEBUG: name 필드 = '홍길동'
2026-01-23 11:25:16,988 [INFO] 🔍 질문에서 추출한 작물명: 딸기
2026-01-23 11:25:16,988 [INFO] ✅ 최종 설정된 작물명 (crop_name): 딸기
2026-01-23 11:25:16,988 [INFO] 🐛 병해충명: 응애류
2026-01-23 11:25:16,989 [INFO] 📋 방제이력: 4개 (30일)
2026-01-23 11:25:17,823 [INFO] 🔍 검색 키워드: ['점박이응애', '응애', '차응애', '뿌리응애', '겨울배추검정응애', '차먼지응애', '사과응애', '응애류', '마늘혹응애', '흑응애', '오이긴털가루응애', '버섯응애류', '간자와응애', '전나무잎응애', '귤응애', '토마토녹응애', '녹응애']
2026-01-23 11:25:17,857 [INFO] 📊 초기 검색: 89개
2026-01-23 11:25:17,860 [INFO] ⛔ 제외 성분: {'아사이노나피르'}
2026-01-23 11:25:17,860 [INFO] ⛔ 3회 제외: 89개 → 84개
2026-01-23 11:25:17,860 [INFO] ⭐ 우선약제: 1개, 일반: 83개 (등록일순)
2026-01-23 11:25:17,861 [INFO] 🔄 성분 중복 제거: 84개 → 18개
2026-01-23 11:25:17,861 [INFO] ✅ 최종 결과: 18개
2026-01-23 11:25:17,861 [INFO] 💊 약제 검색: 18개
2026-01-23 11:25:17,861 [INFO] ⚠️ 경고: ['INFO_72H']
2026-01-23 11:25:17,861 [INFO] 🔧 답변 조립 시작: 유형 14
2026-01-23 11:25:17,861 [INFO] 🤖 AI 호출: 응애류 설명
2026-01-23 11:25:18,076 [WARNING] ⚠️ AI 응답 실패: 404
2026-01-23 11:25:18,079 [INFO] ✅ 답변 조립 완료
2026-01-23 11:25:58,849 [INFO] 📞 1077777778 | 딸기 진딧물 증상
2026-01-23 11:25:58,853 [INFO] 📦 컨텍스트 수집 시작: 유형 14
2026-01-23 11:25:58,854 [INFO] 🔍 DEBUG: get_farm_info 반환값 전체 = {'phone': '1077777778', 'name': '홍길동', 'crop': '가지', 'farm_area': '500', 'region': '경기도 과천시 문원동', 'cultivation_type': '노지', 'planting_date': '', 'address': '', 'password': '77777777', 'facility_structure': '', 'dong_count': None}
2026-01-23 11:25:58,854 [INFO] ✅ 농가정보: 홍길동
2026-01-23 11:25:58,855 [INFO] 🔍 DEBUG: name 필드 = '홍길동'
2026-01-23 11:25:59,194 [INFO] 🔍 질문에서 추출한 작물명: 딸기
2026-01-23 11:25:59,194 [INFO] ✅ 최종 설정된 작물명 (crop_name): 딸기
2026-01-23 11:25:59,195 [INFO] 🐛 병해충명: 진딧물류
2026-01-23 11:25:59,196 [INFO] 📋 방제이력: 4개 (30일)
2026-01-23 11:26:00,120 [INFO] 🔍 검색 키워드: ['목화진딧물', '진딧물', '국화꼬마수염진딧물', '조팝나무진딧물', '찔레수염진딧물', '인도블록진딧물', '우엉수염진딧물', '복숭아혹진딧물', '무테진딧물', '연테두리진딧물', '잠두진딧물', '두릅쌍꼬리진딧물', '양배추가루진딧물', '호박과실파리', '싸리수염진딧물', '알락수염노린재', '지칭개수염진딧물', '꼬부랑진딧물', '씀바귀수염진딧물']
2026-01-23 11:26:00,156 [INFO] 📊 초기 검색: 67개
2026-01-23 11:26:00,158 [INFO] ⛔ 제외 성분: {'아사이노나피르'}
2026-01-23 11:26:00,159 [INFO] ⛔ 3회 제외: 67개 → 67개
2026-01-23 11:26:00,159 [INFO] ⭐ 우선약제: 0개, 일반: 67개 (등록일순)
2026-01-23 11:26:00,160 [INFO] 🔄 성분 중복 제거: 67개 → 11개
2026-01-23 11:26:00,160 [INFO] ✅ 최종 결과: 11개
2026-01-23 11:26:00,160 [INFO] 💊 약제 검색: 11개
2026-01-23 11:26:00,160 [INFO] ⚠️ 경고: ['INFO_72H']
2026-01-23 11:26:00,160 [INFO] 🔧 답변 조립 시작: 유형 14
2026-01-23 11:26:00,160 [INFO] 🤖 AI 호출: 진딧물류 설명
2026-01-23 11:26:00,428 [WARNING] ⚠️ AI 응답 실패: 404
2026-01-23 11:26:00,430 [INFO] ✅ 답변 조립 완료
2026-01-23 11:38:30,925 [INFO] ✅ DB 초기화 로직 수행 완료
2026-01-23 11:38:33,831 [INFO] ✅ AI 연결 성공
2026-01-23 11:39:29,856 [INFO] 📞 1077777778 | 딸기 응애 증상
2026-01-23 11:39:29,890 [INFO] 📦 컨텍스트 수집 시작: 유형 14
2026-01-23 11:39:29,891 [INFO] 🔍 DEBUG: get_farm_info 반환값 전체 = {'phone': '1077777778', 'name': '홍길동', 'crop': '가지', 'farm_area': '500', 'region': '경기도 과천시 문원동', 'cultivation_type': '노지', 'planting_date': '', 'address': '', 'password': '77777777', 'facility_structure': '', 'dong_count': None}
2026-01-23 11:39:29,891 [INFO] ✅ 농가정보: 홍길동
2026-01-23 11:39:29,891 [INFO] 🔍 DEBUG: name 필드 = '홍길동'
2026-01-23 11:39:30,426 [INFO] 🔍 질문에서 추출한 작물명: 딸기
2026-01-23 11:39:30,426 [INFO] ✅ 최종 설정된 작물명 (crop_name): 딸기
2026-01-23 11:39:30,427 [INFO] 🐛 병해충명: 응애류
2026-01-23 11:39:30,427 [INFO] 📋 방제이력: 4개 (30일)
2026-01-23 11:39:31,241 [INFO] 🔍 검색 키워드: ['점박이응애', '응애', '차응애', '뿌리응애', '겨울배추검정응애', '차먼지응애', '사과응애', '응애류', '마늘혹응애', '흑응애', '오이긴털가루응애', '버섯응애류', '간자와응애', '전나무잎응애', '귤응애', '토마토녹응애', '녹응애']
2026-01-23 11:39:31,275 [INFO] 📊 초기 검색: 89개
2026-01-23 11:39:31,278 [INFO] ⛔ 제외 성분: {'아사이노나피르'}
2026-01-23 11:39:31,278 [INFO] ⛔ 3회 제외: 89개 → 84개
2026-01-23 11:39:31,278 [INFO] ⭐ 우선약제: 1개, 일반: 83개 (등록일순)
2026-01-23 11:39:31,279 [INFO] 🔄 성분 중복 제거: 84개 → 18개
2026-01-23 11:39:31,279 [INFO] ✅ 최종 결과: 18개
2026-01-23 11:39:31,279 [INFO] 💊 약제 검색: 18개
2026-01-23 11:39:31,279 [INFO] ⚠️ 경고: ['INFO_72H']
2026-01-23 11:39:31,279 [INFO] 🔧 답변 조립 시작: 유형 14
2026-01-23 11:39:31,279 [INFO] 🤖 AI 호출: 응애류 설명
2026-01-23 11:39:35,061 [INFO] ✅ AI 응답: 148자
2026-01-23 11:39:35,064 [INFO] ✅ 답변 조립 완료
2026-01-23 11:47:44,540 [INFO] 📞 1077777778 | 딸기 잎에 벌레가 보여
2026-01-23 11:47:44,551 [INFO] 📦 컨텍스트 수집 시작: 유형 11
2026-01-23 11:47:44,552 [INFO] 🔍 DEBUG: get_farm_info 반환값 전체 = {'phone': '1077777778', 'name': '홍길동', 'crop': '가지', 'farm_area': '500', 'region': '경기도 과천시 문원동', 'cultivation_type': '노지', 'planting_date': '', 'address': '', 'password': '77777777', 'facility_structure': '', 'dong_count': None}
2026-01-23 11:47:44,552 [INFO] ✅ 농가정보: 홍길동
2026-01-23 11:47:44,552 [INFO] 🔍 DEBUG: name 필드 = '홍길동'
2026-01-23 11:47:44,872 [INFO] 🔍 질문에서 추출한 작물명: 딸기
2026-01-23 11:47:44,872 [INFO] ✅ 최종 설정된 작물명 (crop_name): 딸기
2026-01-23 11:47:44,873 [INFO] 📋 방제이력: 3개 (7일)
2026-01-23 11:47:44,873 [INFO] ⚠️ 경고: ['INFO_72H']
2026-01-23 11:47:44,873 [INFO] 🔧 답변 조립 시작: 유형 11
2026-01-23 11:47:44,873 [INFO] 🔍 AI 진단에 전달할 작물명: 딸기
2026-01-23 11:47:44,873 [INFO] 🔍 call_ai_diagnosis 호출 - crop_name: 딸기
2026-01-23 11:47:44,873 [INFO] 🔍 AI 프롬프트 작물 정보: '작물: 딸기'
2026-01-23 11:47:44,873 [INFO] 🤖 AI 진단 호출
2026-01-23 11:47:51,500 [INFO] ✅ AI 진단: 463자
2026-01-23 11:47:51,503 [INFO] ✅ 답변 조립 완료
2026-01-23 12:09:30,454 [INFO] ✅ DB 초기화 로직 수행 완료
2026-01-23 12:09:33,421 [INFO] ✅ AI 연결 성공
2026-01-23 12:10:18,542 [INFO] 📞 1077777778 | 딸기 응애 증상
2026-01-23 12:10:18,575 [INFO] 📦 컨텍스트 수집 시작: 유형 7
2026-01-23 12:10:18,575 [INFO] ✅ 농가정보: 홍길동
2026-01-23 12:10:19,117 [INFO] 🔧 답변 조립 시작: 유형 7
2026-01-23 12:10:19,117 [INFO] 🔍 AI 진단에 전달할 작물명: 딸기
2026-01-23 12:10:19,117 [INFO] 🔍 call_ai_diagnosis 호출 - crop_name: 딸기
2026-01-23 12:10:19,117 [INFO] 🔍 AI 프롬프트 작물 정보: '작물: 딸기'
2026-01-23 12:10:19,117 [INFO] 🤖 AI 진단 호출
2026-01-23 12:10:26,670 [INFO] ✅ AI 진단: 616자
2026-01-23 12:10:26,672 [INFO] ✅ 답변 조립 완료
2026-01-23 12:10:45,391 [INFO] 📞 1077777778 | 딸기 응애약제 추천해줭
2026-01-23 12:10:45,395 [INFO] 📦 컨텍스트 수집 시작: 유형 14
2026-01-23 12:10:45,396 [INFO] ✅ 농가정보: 홍길동
2026-01-23 12:10:46,640 [INFO] 🔍 검색 키워드: ['점박이응애', '응애', '차응애', '뿌리응애', '겨울배추검정응애', '차먼지응애', '사과응애', '응애류', '마늘혹응애', '흑응애', '오이긴털가루응애', '버섯응애류', '간자와응애', '전나무잎응애', '귤응애', '토마토녹응애', '녹응애']
2026-01-23 12:10:46,674 [INFO] 📊 초기 검색: 89개
2026-01-23 12:10:46,677 [INFO] ⛔ 제외 성분: {'아사이노나피르'}
2026-01-23 12:10:46,677 [INFO] ⛔ 3회 제외: 89개 → 84개
2026-01-23 12:10:46,678 [INFO] ⭐ 우선약제: 1개, 일반: 83개 (등록일순)
2026-01-23 12:10:46,678 [INFO] 🔄 성분 중복 제거: 84개 → 18개
2026-01-23 12:10:46,678 [INFO] ✅ 최종 결과: 18개
2026-01-23 12:10:46,678 [INFO] 🔧 답변 조립 시작: 유형 14
2026-01-23 12:10:46,678 [INFO] 🤖 AI 호출: 응애류 설명
2026-01-23 12:10:50,609 [INFO] ✅ AI 응답: 165자
2026-01-23 12:10:50,611 [INFO] ✅ 답변 조립 완료
2026-01-24 13:16:35,442 [INFO] ✅ DB 초기화 로직 수행 완료
2026-01-24 13:16:35,672 [WARNING] ⚠️ AI 연결 실패: 404
2026-01-24 13:46:05,595 [INFO] ✅ DB 초기화 로직 수행 완료
2026-01-24 13:46:05,821 [WARNING] ⚠️ AI 연결 실패: 404
2026-01-24 13:54:31,488 [INFO] 📞 1077777778 | 응애 약제 추천
2026-01-24 13:54:31,524 [INFO] 📦 컨텍스트 수집 시작: 유형 14
2026-01-24 13:54:31,525 [INFO] ✅ 농가정보: 홍길동
2026-01-24 13:54:33,592 [INFO] 🔍 검색 키워드: ['점박이응애', '응애', '차응애', '뿌리응애', '겨울배추검정응애', '차먼지응애', '사과응애', '응애류', '마늘혹응애', '흑응애', '오이긴털가루응애', '버섯응애류', '간자와응애', '전나무잎응애', '귤응애', '토마토녹응애', '녹응애']
2026-01-24 13:54:33,663 [INFO] 📊 초기 검색: 152개
2026-01-24 13:54:33,670 [INFO] ⛔ 제외 성분: {'아사이노나피르'}
2026-01-24 13:54:33,671 [INFO] ⛔ 3회 제외: 152개 → 149개
2026-01-24 13:54:33,671 [INFO] ⭐ 우선약제: 0개, 일반: 149개 (등록일순)
2026-01-24 13:54:33,672 [INFO] 🔄 성분 중복 제거: 149개 → 11개
2026-01-24 13:54:33,672 [INFO] ✅ 최종 결과: 11개
2026-01-24 13:54:33,672 [INFO] 🔧 답변 조립 시작: 유형 14
2026-01-24 13:54:33,672 [INFO] 🤖 AI 호출: 응애류 설명
2026-01-24 13:54:33,956 [WARNING] ⚠️ AI 응답 실패: 404
2026-01-24 13:54:33,959 [INFO] ✅ 답변 조립 완료
2026-01-24 13:54:53,486 [INFO] 📞 1077777778 | 응애 증상
2026-01-24 13:54:53,487 [INFO] 📦 컨텍스트 수집 시작: 유형 7
2026-01-24 13:54:53,489 [INFO] ✅ 농가정보: 홍길동
2026-01-24 13:54:53,882 [INFO] 🔧 답변 조립 시작: 유형 7
2026-01-24 13:54:53,882 [INFO] 🔍 AI 진단에 전달할 작물명: 가지
2026-01-24 13:54:53,882 [INFO] 🔍 call_ai_diagnosis 호출 - crop_name: 가지
2026-01-24 13:54:53,882 [INFO] 🔍 AI 프롬프트 작물 정보: '작물: 가지'
2026-01-24 13:54:53,882 [INFO] 🤖 AI 진단 호출
2026-01-24 13:54:54,055 [WARNING] ⚠️ AI 응답 실패: 404
2026-01-24 13:54:54,056 [INFO] ✅ 답변 조립 완료
2026-01-24 13:55:18,607 [INFO] 📞 1077777778 | 가지 잎이 시들시들해
2026-01-24 13:55:18,618 [INFO] 📦 컨텍스트 수집 시작: 유형 31
2026-01-24 13:55:18,619 [INFO] ✅ 농가정보: 홍길동
2026-01-24 13:55:18,922 [INFO] 🔧 답변 조립 시작: 유형 31
2026-01-24 13:55:18,922 [INFO] ✅ 답변 조립 완료
2026-01-24 13:55:45,197 [INFO] 📞 1077777778 | 가지 잎이 노랗게 변했어
2026-01-24 13:55:45,200 [INFO] 📦 컨텍스트 수집 시작: 유형 8
2026-01-24 13:55:45,200 [INFO] ✅ 농가정보: 홍길동
2026-01-24 13:55:45,558 [INFO] 🔧 답변 조립 시작: 유형 8
2026-01-24 13:55:45,558 [INFO] 🔍 AI 진단에 전달할 작물명: 가지
2026-01-24 13:55:45,558 [INFO] 🔍 call_ai_diagnosis 호출 - crop_name: 가지
2026-01-24 13:55:45,558 [INFO] 🔍 AI 프롬프트 작물 정보: '작물: 가지'
2026-01-24 13:55:45,558 [INFO] 🤖 AI 진단 호출
2026-01-24 13:55:45,729 [WARNING] ⚠️ AI 응답 실패: 404
2026-01-24 13:55:45,730 [INFO] ✅ 답변 조립 완료
2026-01-24 13:56:29,797 [INFO] 📞 1077777778 | 가지 총채벌레 증상에 대해 알려줘
2026-01-24 13:56:29,798 [INFO] 📦 컨텍스트 수집 시작: 유형 11
2026-01-24 13:56:29,799 [INFO] ✅ 농가정보: 홍길동
2026-01-24 13:56:30,115 [INFO] 🔧 답변 조립 시작: 유형 11
2026-01-24 13:56:30,116 [INFO] 🔍 AI 진단에 전달할 작물명: 가지
2026-01-24 13:56:30,116 [INFO] 🔍 call_ai_diagnosis 호출 - crop_name: 가지
2026-01-24 13:56:30,116 [INFO] 🔍 AI 프롬프트 작물 정보: '작물: 가지'
2026-01-24 13:56:30,116 [INFO] 🤖 AI 진단 호출
2026-01-24 13:56:30,310 [WARNING] ⚠️ AI 응답 실패: 404
2026-01-24 13:56:30,312 [INFO] ✅ 답변 조립 완료
2026-01-24 13:56:50,166 [INFO] 📞 1077777778 | 가지 응애 증상에 대해 알려줘
2026-01-24 13:56:50,169 [INFO] 📦 컨텍스트 수집 시작: 유형 7
2026-01-24 13:56:50,170 [INFO] ✅ 농가정보: 홍길동
2026-01-24 13:56:50,499 [INFO] 🔧 답변 조립 시작: 유형 7
2026-01-24 13:56:50,499 [INFO] 🔍 AI 진단에 전달할 작물명: 가지
2026-01-24 13:56:50,499 [INFO] 🔍 call_ai_diagnosis 호출 - crop_name: 가지
2026-01-24 13:56:50,499 [INFO] 🔍 AI 프롬프트 작물 정보: '작물: 가지'
2026-01-24 13:56:50,499 [INFO] 🤖 AI 진단 호출
2026-01-24 13:56:50,679 [WARNING] ⚠️ AI 응답 실패: 404
2026-01-24 13:56:50,680 [INFO] ✅ 답변 조립 완료
2026-01-24 13:57:22,390 [INFO] 📞 1077777778 | 가지 응애 약제 추천
2026-01-24 13:57:22,392 [INFO] 📦 컨텍스트 수집 시작: 유형 14
2026-01-24 13:57:22,394 [INFO] ✅ 농가정보: 홍길동
2026-01-24 13:57:24,285 [INFO] 🔍 검색 키워드: ['점박이응애', '응애', '차응애', '뿌리응애', '겨울배추검정응애', '차먼지응애', '사과응애', '응애류', '마늘혹응애', '흑응애', '오이긴털가루응애', '버섯응애류', '간자와응애', '전나무잎응애', '귤응애', '토마토녹응애', '녹응애']
2026-01-24 13:57:24,343 [INFO] 📊 초기 검색: 152개
2026-01-24 13:57:24,345 [INFO] ⛔ 제외 성분: {'아사이노나피르'}
2026-01-24 13:57:24,345 [INFO] ⛔ 3회 제외: 152개 → 149개
2026-01-24 13:57:24,346 [INFO] ⭐ 우선약제: 0개, 일반: 149개 (등록일순)
2026-01-24 13:57:24,346 [INFO] 🔄 성분 중복 제거: 149개 → 11개
2026-01-24 13:57:24,346 [INFO] ✅ 최종 결과: 11개
2026-01-24 13:57:24,346 [INFO] 🔧 답변 조립 시작: 유형 14
2026-01-24 13:57:24,346 [INFO] 🤖 AI 호출: 응애류 설명
2026-01-24 13:57:24,522 [WARNING] ⚠️ AI 응답 실패: 404
2026-01-24 13:57:24,523 [INFO] ✅ 답변 조립 완료
2026-01-24 13:57:33,748 [INFO] 📞 1077777778 | 가지 응애 약제 추천
2026-01-24 13:57:33,749 [INFO] 📦 컨텍스트 수집 시작: 유형 14
2026-01-24 13:57:33,751 [INFO] ✅ 농가정보: 홍길동
2026-01-24 13:57:35,154 [INFO] 🔍 검색 키워드: ['점박이응애', '응애', '차응애', '뿌리응애', '겨울배추검정응애', '차먼지응애', '사과응애', '응애류', '마늘혹응애', '흑응애', '오이긴털가루응애', '버섯응애류', '간자와응애', '전나무잎응애', '귤응애', '토마토녹응애', '녹응애']
2026-01-24 13:57:35,215 [INFO] 📊 초기 검색: 152개
2026-01-24 13:57:35,218 [INFO] ⛔ 제외 성분: {'아사이노나피르'}
2026-01-24 13:57:35,218 [INFO] ⛔ 3회 제외: 152개 → 149개
2026-01-24 13:57:35,218 [INFO] ⭐ 우선약제: 0개, 일반: 149개 (등록일순)
2026-01-24 13:57:35,219 [INFO] 🔄 성분 중복 제거: 149개 → 11개
2026-01-24 13:57:35,219 [INFO] ✅ 최종 결과: 11개
2026-01-24 13:57:35,219 [INFO] 🔧 답변 조립 시작: 유형 14
2026-01-24 13:57:35,219 [INFO] 🤖 AI 호출: 응애류 설명
2026-01-24 13:57:35,395 [WARNING] ⚠️ AI 응답 실패: 404
2026-01-24 13:57:35,396 [INFO] ✅ 답변 조립 완료
2026-01-25 22:58:46,602 [INFO] ✅ DB 초기화 로직 수행 완료
2026-01-25 22:58:46,846 [WARNING] ⚠️ AI 연결 실패: 404
2026-01-25 22:59:45,784 [INFO] 📞 1077777778 | 딸기 잎이 노랗게 변했어
2026-01-25 22:59:45,823 [INFO] 📦 컨텍스트 수집 시작: 유형 8
2026-01-25 22:59:45,823 [INFO] ✅ 농가정보: 홍길동
2026-01-25 22:59:46,365 [INFO] 🔧 답변 조립 시작: 유형 8
2026-01-25 22:59:46,365 [INFO] 🔍 AI 진단에 전달할 작물명: 딸기
2026-01-25 22:59:46,366 [INFO] 🔍 call_ai_diagnosis 호출 - crop_name: 딸기
2026-01-25 22:59:46,366 [INFO] 🔍 AI 프롬프트 작물 정보: '작물: 딸기'
2026-01-25 22:59:46,366 [INFO] 🤖 AI 진단 호출
2026-01-25 22:59:46,561 [WARNING] ⚠️ AI 응답 실패: 404
2026-01-25 22:59:46,563 [INFO] ✅ 답변 조립 완료
2026-01-25 23:00:00,753 [INFO] 📞 1077777778 | 딸기 잎에 흰 가루가 있어
2026-01-25 23:00:00,754 [INFO] 📦 컨텍스트 수집 시작: 유형 13
2026-01-25 23:00:00,755 [INFO] ✅ 농가정보: 홍길동
2026-01-25 23:00:01,169 [INFO] 🔧 답변 조립 시작: 유형 13
2026-01-25 23:00:01,169 [INFO] 🔍 AI 진단에 전달할 작물명: 딸기
2026-01-25 23:00:01,170 [INFO] 🔍 call_ai_diagnosis 호출 - crop_name: 딸기
2026-01-25 23:00:01,170 [INFO] 🔍 AI 프롬프트 작물 정보: '작물: 딸기'
2026-01-25 23:00:01,170 [INFO] 🤖 AI 진단 호출
2026-01-25 23:00:01,622 [WARNING] ⚠️ AI 응답 실패: 404
2026-01-25 23:00:01,625 [INFO] ✅ 답변 조립 완료
2026-01-25 23:00:23,499 [INFO] 📞 1077777778 | 딸기 응애 약 추천해줘
2026-01-25 23:00:23,500 [INFO] 📦 컨텍스트 수집 시작: 유형 14
2026-01-25 23:00:23,500 [INFO] ✅ 농가정보: 홍길동
2026-01-25 23:00:24,710 [INFO] 🔍 검색 키워드: ['점박이응애', '응애', '차응애', '뿌리응애', '겨울배추검정응애', '차먼지응애', '사과응애', '응애류', '마늘혹응애', '흑응애', '오이긴털가루응애', '버섯응애류', '간자와응애', '전나무잎응애', '귤응애', '토마토녹응애', '녹응애']
2026-01-25 23:00:24,744 [INFO] 📊 초기 검색: 89개
2026-01-25 23:00:24,750 [INFO] ⛔ 제외 성분: {'아사이노나피르'}
2026-01-25 23:00:24,750 [INFO] ⛔ 3회 제외: 89개 → 84개
2026-01-25 23:00:24,750 [INFO] ⭐ 우선약제: 1개, 일반: 83개 (등록일순)
2026-01-25 23:00:24,750 [INFO] 🔄 성분 중복 제거: 84개 → 18개
2026-01-25 23:00:24,750 [INFO] ✅ 최종 결과: 18개
2026-01-25 23:00:24,750 [INFO] 🔧 답변 조립 시작: 유형 14
2026-01-25 23:00:24,750 [INFO] 🤖 AI 호출: 응애류 설명
2026-01-25 23:00:24,953 [WARNING] ⚠️ AI 응답 실패: 404
2026-01-25 23:00:24,955 [INFO] ✅ 답변 조립 완료
2026-01-25 23:00:41,965 [INFO] 📞 1077777778 | 딸기 응애 증상
2026-01-25 23:00:41,967 [INFO] 📦 컨텍스트 수집 시작: 유형 7
2026-01-25 23:00:41,968 [INFO] ✅ 농가정보: 홍길동
2026-01-25 23:00:42,327 [INFO] 🔧 답변 조립 시작: 유형 7
2026-01-25 23:00:42,327 [INFO] 🔍 AI 진단에 전달할 작물명: 딸기
2026-01-25 23:00:42,327 [INFO] 🔍 call_ai_diagnosis 호출 - crop_name: 딸기
2026-01-25 23:00:42,327 [INFO] 🔍 AI 프롬프트 작물 정보: '작물: 딸기'
2026-01-25 23:00:42,327 [INFO] 🤖 AI 진단 호출
2026-01-25 23:00:42,520 [WARNING] ⚠️ AI 응답 실패: 404
2026-01-25 23:00:42,521 [INFO] ✅ 답변 조립 완료
2026-01-25 23:00:55,264 [INFO] 📞 1077777778 | 응애 증상
2026-01-25 23:00:55,264 [INFO] 📦 컨텍스트 수집 시작: 유형 7
2026-01-25 23:00:55,265 [INFO] ✅ 농가정보: 홍길동
2026-01-25 23:00:55,601 [INFO] 🔧 답변 조립 시작: 유형 7
2026-01-25 23:00:55,601 [INFO] 🔍 AI 진단에 전달할 작물명: 가지
2026-01-25 23:00:55,602 [INFO] 🔍 call_ai_diagnosis 호출 - crop_name: 가지
2026-01-25 23:00:55,602 [INFO] 🔍 AI 프롬프트 작물 정보: '작물: 가지'
2026-01-25 23:00:55,602 [INFO] 🤖 AI 진단 호출
2026-01-25 23:00:55,836 [WARNING] ⚠️ AI 응답 실패: 404
2026-01-25 23:00:55,839 [INFO] ✅ 답변 조립 완료
2026-01-26 08:50:45,053 [INFO] ✅ DB 초기화 로직 수행 완료
2026-01-26 08:50:45,360 [WARNING] ⚠️ AI 연결 실패: 404
2026-01-26 08:50:51,302 [INFO] ✅ DB 초기화 로직 수행 완료
2026-01-26 08:50:51,575 [WARNING] ⚠️ AI 연결 실패: 404
2026-01-26 08:54:58,066 [INFO] ✅ DB 초기화 로직 수행 완료
2026-01-26 08:54:58,396 [WARNING] ⚠️ AI 연결 실패: 404
2026-01-26 08:55:53,743 [INFO] 📞 1077777778 | 응애 증상
2026-01-26 08:55:53,774 [INFO] 📦 컨텍스트 수집 시작: 유형 7
2026-01-26 08:55:53,775 [INFO] ✅ 농가정보: 홍길동
2026-01-26 08:55:54,303 [INFO] 🔧 답변 조립 시작: 유형 7
2026-01-26 08:55:54,303 [INFO] 🔍 AI 진단에 전달할 작물명: 가지
2026-01-26 08:55:54,303 [INFO] 🔍 call_ai_diagnosis 호출 - crop_name: 가지
2026-01-26 08:55:54,303 [INFO] 🔍 AI 프롬프트 작물 정보: '작물: 가지'
2026-01-26 08:55:54,303 [INFO] 🤖 AI 진단 호출
2026-01-26 08:55:54,553 [WARNING] ⚠️ AI 응답 실패: 404
2026-01-26 08:55:54,555 [INFO] ✅ 답변 조립 완료
2026-01-26 08:56:31,759 [INFO] 📞 1077777778 | 응애 약제 추천
2026-01-26 08:56:31,762 [INFO] 📦 컨텍스트 수집 시작: 유형 14
2026-01-26 08:56:31,763 [INFO] ✅ 농가정보: 홍길동
2026-01-26 08:56:33,139 [INFO] 🔍 검색 키워드: ['점박이응애', '응애', '차응애', '뿌리응애', '겨울배추검정응애', '차먼지응애', '사과응애', '응애류', '마늘혹응애', '흑응애', '오이긴털가루응애', '버섯응애류', '간자와응애', '전나무잎응애', '귤응애', '토마토녹응애', '녹응애']
2026-01-26 08:56:33,202 [INFO] 📊 초기 검색: 152개
2026-01-26 08:56:33,206 [INFO] ⛔ 제외 성분: {'아사이노나피르'}
2026-01-26 08:56:33,207 [INFO] ⛔ 3회 제외: 152개 → 149개
2026-01-26 08:56:33,208 [INFO] ⭐ 우선약제: 0개, 일반: 149개 (등록일순)
2026-01-26 08:56:33,209 [INFO] 🔄 성분 중복 제거: 149개 → 11개
2026-01-26 08:56:33,209 [INFO] ✅ 최종 결과: 11개
2026-01-26 08:56:33,209 [INFO] 🔧 답변 조립 시작: 유형 14
2026-01-26 08:56:33,209 [INFO] 🤖 AI 호출: 응애류 설명
2026-01-26 08:56:33,417 [WARNING] ⚠️ AI 응답 실패: 404
2026-01-26 08:56:33,419 [INFO] ✅ 답변 조립 완료
2026-01-26 08:57:06,350 [INFO] ✅ DB 초기화 로직 수행 완료
2026-01-26 08:57:06,595 [WARNING] ⚠️ AI 연결 실패: 404
2026-01-26 09:09:56,578 [INFO] ✅ DB 초기화 로직 수행 완료
2026-01-26 09:09:56,831 [WARNING] ⚠️ AI 연결 실패: 404
2026-01-26 09:19:55,285 [INFO] ✅ DB 초기화 로직 수행 완료
2026-01-26 09:19:55,575 [WARNING] ⚠️ AI 연결 실패: 404
2026-01-26 09:55:34,510 [INFO] ✅ DB 초기화 로직 수행 완료
2026-01-26 09:55:41,009 [INFO] ✅ AI 연결 성공
2026-01-26 09:58:29,865 [INFO] 📞 1077777778 | 응애 증상을 알려줘
2026-01-26 09:58:29,896 [INFO] 📦 컨텍스트 수집 시작: 유형 7
2026-01-26 09:58:29,898 [INFO] ✅ 농가정보: 홍길동
2026-01-26 09:58:30,459 [INFO] 🔧 답변 조립 시작: 유형 7
2026-01-26 09:58:30,459 [INFO] 🔍 AI 진단에 전달할 작물명: 가지
2026-01-26 09:58:30,459 [INFO] 🔍 call_ai_diagnosis 호출 - crop_name: 가지
2026-01-26 09:58:30,459 [INFO] 🔍 AI 프롬프트 작물 정보: '작물: 가지'
2026-01-26 09:58:30,459 [INFO] 🤖 AI 진단 호출
2026-01-26 09:58:35,564 [INFO] ✅ AI 진단: 523자
2026-01-26 09:58:35,567 [INFO] ✅ 답변 조립 완료
2026-01-26 09:59:17,866 [INFO] 📞 1077777778 | 총채벌레 증상을 알려줘
2026-01-26 09:59:17,868 [INFO] 📦 컨텍스트 수집 시작: 유형 11
2026-01-26 09:59:17,870 [INFO] ✅ 농가정보: 홍길동
2026-01-26 09:59:18,217 [INFO] 🔧 답변 조립 시작: 유형 11
2026-01-26 09:59:18,217 [INFO] 🔍 AI 진단에 전달할 작물명: 가지
2026-01-26 09:59:18,217 [INFO] 🔍 call_ai_diagnosis 호출 - crop_name: 가지
2026-01-26 09:59:18,217 [INFO] 🔍 AI 프롬프트 작물 정보: '작물: 가지'
2026-01-26 09:59:18,217 [INFO] 🤖 AI 진단 호출
2026-01-26 09:59:23,591 [INFO] ✅ AI 진단: 587자
2026-01-26 09:59:23,595 [INFO] ✅ 답변 조립 완료
2026-01-26 10:01:33,960 [INFO] ✅ DB 초기화 로직 수행 완료
2026-01-26 10:01:34,906 [INFO] ✅ AI 연결 성공
2026-01-26 10:02:17,209 [INFO] 📞 1077777778 | 진딧물 증상
2026-01-26 10:02:17,240 [INFO] 📦 컨텍스트 수집 시작: 유형 7
2026-01-26 10:02:17,241 [INFO] ✅ 농가정보: 홍길동
2026-01-26 10:02:17,846 [INFO] 🔧 답변 조립 시작: 유형 7
2026-01-26 10:02:17,846 [INFO] 🔍 AI 진단에 전달할 작물명: 가지
2026-01-26 10:02:17,846 [INFO] 🔍 call_ai_diagnosis 호출 - crop_name: 가지
2026-01-26 10:02:17,846 [INFO] 🔍 AI 프롬프트 작물 정보: '작물: 가지'
2026-01-26 10:02:17,846 [INFO] 🤖 AI 진단 호출
2026-01-26 10:02:23,241 [INFO] ✅ AI 진단: 527자
2026-01-26 10:02:23,244 [INFO] ✅ 답변 조립 완료
2026-01-26 10:10:22,346 [INFO] 📞 1077777778 | 응애 증상
2026-01-26 10:10:22,348 [INFO] 📦 컨텍스트 수집 시작: 유형 7
2026-01-26 10:10:22,349 [INFO] ✅ 농가정보: 홍길동
2026-01-26 10:10:22,668 [INFO] 🔧 답변 조립 시작: 유형 7
2026-01-26 10:10:22,668 [INFO] 🔍 AI 진단에 전달할 작물명: 가지
2026-01-26 10:10:22,668 [INFO] 🔍 call_ai_diagnosis 호출 - crop_name: 가지
2026-01-26 10:10:22,668 [INFO] 🔍 AI 프롬프트 작물 정보: '작물: 가지'
2026-01-26 10:10:22,668 [INFO] 🤖 AI 진단 호출
2026-01-26 10:10:28,207 [INFO] ✅ AI 진단: 546자
2026-01-26 10:10:28,209 [INFO] ✅ 답변 조립 완료
2026-01-26 10:12:22,022 [INFO] 📞 1077777778 | 우리 농장 응애 증상과 추천 약재 알려줘
2026-01-26 10:12:22,027 [INFO] 📦 컨텍스트 수집 시작: 유형 14
2026-01-26 10:12:22,028 [INFO] ✅ 농가정보: 홍길동
2026-01-26 10:12:23,261 [INFO] 🔍 검색 키워드: ['점박이응애', '응애', '차응애', '뿌리응애', '겨울배추검정응애', '차먼지응애', '사과응애', '응애류', '마늘혹응애', '흑응애', '오이긴털가루응애', '버섯응애류', '간자와응애', '전나무잎응애', '귤응애', '토마토녹응애', '녹응애']
2026-01-26 10:12:23,322 [INFO] 📊 초기 검색: 152개
2026-01-26 10:12:23,326 [INFO] ⛔ 제외 성분: {'아사이노나피르'}
2026-01-26 10:12:23,326 [INFO] ⛔ 3회 제외: 152개 → 149개
2026-01-26 10:12:23,326 [INFO] ⭐ 우선약제: 0개, 일반: 149개 (등록일순)
2026-01-26 10:12:23,327 [INFO] 🔄 성분 중복 제거: 149개 → 11개
2026-01-26 10:12:23,327 [INFO] ✅ 최종 결과: 11개
2026-01-26 10:12:23,327 [INFO] 🔧 답변 조립 시작: 유형 14
2026-01-26 10:12:23,327 [INFO] 🤖 AI 호출: 응애류 설명
2026-01-26 10:12:25,557 [INFO] ✅ AI 응답: 167자
2026-01-26 10:12:25,561 [INFO] ✅ 답변 조립 완료
2026-01-26 10:14:27,029 [INFO] 📞 1012349876 | 흰가루가 많이 보이네
2026-01-26 10:14:27,032 [INFO] 📦 컨텍스트 수집 시작: 유형 14
2026-01-26 10:14:27,033 [INFO] ✅ 농가정보: 홍길동
2026-01-26 10:14:28,052 [INFO] 🔍 검색 키워드: ['흰가루병', '흰가루']
2026-01-26 10:14:28,079 [INFO] 📊 초기 검색: 97개
2026-01-26 10:14:28,080 [INFO] 🔄 성분 중복 제거: 97개 → 32개
2026-01-26 10:14:28,080 [INFO] ✅ 최종 결과: 32개
2026-01-26 10:14:28,080 [INFO] 🔧 답변 조립 시작: 유형 14
2026-01-26 10:14:28,080 [INFO] 🤖 AI 호출: 흰가루류 설명
2026-01-26 10:14:29,731 [INFO] ✅ AI 응답: 133자
2026-01-26 10:14:29,735 [INFO] ✅ 답변 조립 완료
2026-01-26 10:19:26,918 [INFO] 📞 1012349876 | 응애가 많아
2026-01-26 10:19:26,920 [INFO] 📦 컨텍스트 수집 시작: 유형 14
2026-01-26 10:19:26,921 [INFO] ✅ 농가정보: 홍길동
2026-01-26 10:19:27,953 [INFO] 🔍 검색 키워드: ['점박이응애', '응애', '차응애', '뿌리응애', '겨울배추검정응애', '차먼지응애', '사과응애', '응애류', '마늘혹응애', '흑응애', '오이긴털가루응애', '버섯응애류', '간자와응애', '전나무잎응애', '귤응애', '토마토녹응애', '녹응애']
2026-01-26 10:19:27,982 [INFO] 📊 초기 검색: 89개
2026-01-26 10:19:27,982 [INFO] ⭐ 우선약제: 2개, 일반: 87개 (등록일순)
2026-01-26 10:19:27,982 [INFO] 🔄 성분 중복 제거: 89개 → 19개
2026-01-26 10:19:27,982 [INFO] ✅ 최종 결과: 19개
2026-01-26 10:19:27,982 [INFO] 🔧 답변 조립 시작: 유형 14
2026-01-26 10:19:27,982 [INFO] 🤖 AI 호출: 응애류 설명
2026-01-26 10:19:30,394 [INFO] ✅ AI 응답: 166자
2026-01-26 10:19:30,397 [INFO] ✅ 답변 조립 완료
2026-01-26 10:19:35,753 [INFO] 📞 1077777778 | 흰가루 증상 심함. 약제 추천 부탁해
2026-01-26 10:19:35,755 [INFO] 📦 컨텍스트 수집 시작: 유형 14
2026-01-26 10:19:35,756 [INFO] ✅ 농가정보: 홍길동
2026-01-26 10:19:36,953 [INFO] 🔍 검색 키워드: ['흰가루병', '흰가루']
2026-01-26 10:19:37,003 [INFO] 📊 초기 검색: 52개
2026-01-26 10:19:37,005 [INFO] ⛔ 제외 성분: {'아사이노나피르'}
2026-01-26 10:19:37,006 [INFO] ⛔ 3회 제외: 52개 → 52개
2026-01-26 10:19:37,006 [INFO] 🔄 성분 중복 제거: 52개 → 11개
2026-01-26 10:19:37,006 [INFO] ✅ 최종 결과: 11개
2026-01-26 10:19:37,006 [INFO] 🔧 답변 조립 시작: 유형 14
2026-01-26 10:19:37,006 [INFO] 🤖 AI 호출: 흰가루류 설명
2026-01-26 10:19:38,721 [INFO] ✅ AI 응답: 124자
2026-01-26 10:19:38,723 [INFO] ✅ 답변 조립 완료
2026-01-26 11:54:58,222 [INFO] 📞 1012349876 | 날씨가 더운데 방제를 해도 되는가?
2026-01-26 11:54:58,239 [INFO] 📦 컨텍스트 수집 시작: 유형 5
2026-01-26 11:54:58,242 [INFO] ✅ 농가정보: 홍길동
2026-01-26 11:54:58,470 [INFO] 🔧 답변 조립 시작: 유형 5
2026-01-26 11:54:58,470 [INFO] ✅ 답변 조립 완료
2026-01-26 12:27:57,450 [INFO] 📞 1077777778 | 응애 증상
2026-01-26 12:27:57,453 [INFO] 📦 컨텍스트 수집 시작: 유형 7
2026-01-26 12:27:57,470 [INFO] ✅ 농가정보: 홍길동
2026-01-26 12:27:57,696 [INFO] 🔧 답변 조립 시작: 유형 7
2026-01-26 12:27:57,697 [INFO] 🔍 AI 진단에 전달할 작물명: 가지
2026-01-26 12:27:57,697 [INFO] 🔍 call_ai_diagnosis 호출 - crop_name: 가지
2026-01-26 12:27:57,697 [INFO] 🔍 AI 프롬프트 작물 정보: '작물: 가지'
2026-01-26 12:27:57,697 [INFO] 🤖 AI 진단 호출
2026-01-26 12:28:01,483 [INFO] ✅ AI 진단: 412자
2026-01-26 12:28:01,487 [INFO] ✅ 답변 조립 완료
2026-01-26 12:41:13,368 [INFO] 📞 1077777778 | 응애 증상
2026-01-26 12:41:13,372 [INFO] 📦 컨텍스트 수집 시작: 유형 7
2026-01-26 12:41:13,373 [INFO] ✅ 농가정보: 홍길동
2026-01-26 12:41:13,601 [INFO] 🔧 답변 조립 시작: 유형 7
2026-01-26 12:41:13,601 [INFO] 🔍 AI 진단에 전달할 작물명: 가지
2026-01-26 12:41:13,601 [INFO] 🔍 call_ai_diagnosis 호출 - crop_name: 가지
2026-01-26 12:41:13,601 [INFO] 🔍 AI 프롬프트 작물 정보: '작물: 가지'
2026-01-26 12:41:13,601 [INFO] 🤖 AI 진단 호출
2026-01-26 12:41:17,973 [INFO] ✅ AI 진단: 455자
2026-01-26 12:41:17,977 [INFO] ✅ 답변 조립 완료
2026-01-26 12:44:38,561 [INFO] 📞 1077777778 | 총채벌레 증상
2026-01-26 12:44:38,564 [INFO] 📦 컨텍스트 수집 시작: 유형 11
2026-01-26 12:44:38,566 [INFO] ✅ 농가정보: 홍길동
2026-01-26 12:44:38,807 [INFO] 🔧 답변 조립 시작: 유형 11
2026-01-26 12:44:38,807 [INFO] 🔍 AI 진단에 전달할 작물명: 가지
2026-01-26 12:44:38,807 [INFO] 🔍 call_ai_diagnosis 호출 - crop_name: 가지
2026-01-26 12:44:38,807 [INFO] 🔍 AI 프롬프트 작물 정보: '작물: 가지'
2026-01-26 12:44:38,807 [INFO] 🤖 AI 진단 호출
2026-01-26 12:44:43,285 [INFO] ✅ AI 진단: 476자
2026-01-26 12:44:43,287 [INFO] ✅ 답변 조립 완료
2026-01-26 14:07:28,582 [INFO] 📞 1077777778 | 응애 증상
2026-01-26 14:07:28,585 [INFO] 📦 컨텍스트 수집 시작: 유형 7
2026-01-26 14:07:28,586 [INFO] ✅ 농가정보: 홍길동
2026-01-26 14:07:28,913 [INFO] 🔧 답변 조립 시작: 유형 7
2026-01-26 14:07:28,913 [INFO] 🔍 AI 진단에 전달할 작물명: 가지
2026-01-26 14:07:28,913 [INFO] 🔍 call_ai_diagnosis 호출 - crop_name: 가지
2026-01-26 14:07:28,913 [INFO] 🔍 AI 프롬프트 작물 정보: '작물: 가지'
2026-01-26 14:07:28,913 [INFO] 🤖 AI 진단 호출
2026-01-26 14:07:32,890 [INFO] ✅ AI 진단: 410자
2026-01-26 14:07:32,895 [INFO] ✅ 답변 조립 완료
2026-01-26 14:55:18,057 [INFO] 📞 1077777778 | 응애 증상이 뭐야
2026-01-26 14:55:18,060 [INFO] 📦 컨텍스트 수집 시작: 유형 7
2026-01-26 14:55:18,062 [INFO] ✅ 농가정보: 홍길동
2026-01-26 14:55:18,395 [INFO] 🔧 답변 조립 시작: 유형 7
2026-01-26 14:55:18,395 [INFO] 🔍 AI 진단에 전달할 작물명: 가지
2026-01-26 14:55:18,395 [INFO] 🔍 call_ai_diagnosis 호출 - crop_name: 가지
2026-01-26 14:55:18,395 [INFO] 🔍 AI 프롬프트 작물 정보: '작물: 가지'
2026-01-26 14:55:18,395 [INFO] 🤖 AI 진단 호출
2026-01-26 14:55:23,014 [INFO] ✅ AI 진단: 487자
2026-01-26 14:55:23,018 [INFO] ✅ 답변 조립 완료
2026-01-26 14:55:44,531 [INFO] 📞 1077777778 | 응애 약제를 추천해줘
2026-01-26 14:55:44,532 [INFO] 📦 컨텍스트 수집 시작: 유형 14
2026-01-26 14:55:44,534 [INFO] ✅ 농가정보: 홍길동
2026-01-26 14:55:45,752 [INFO] 🔍 검색 키워드: ['점박이응애', '응애', '차응애', '뿌리응애', '겨울배추검정응애', '차먼지응애', '사과응애', '응애류', '마늘혹응애', '흑응애', '오이긴털가루응애', '버섯응애류', '간자와응애', '전나무잎응애', '귤응애', '토마토녹응애', '녹응애']
2026-01-26 14:55:45,812 [INFO] 📊 초기 검색: 152개
2026-01-26 14:55:45,816 [INFO] ⛔ 제외 성분: {'아사이노나피르'}
2026-01-26 14:55:45,816 [INFO] ⛔ 3회 제외: 152개 → 149개
2026-01-26 14:55:45,817 [INFO] ⭐ 우선약제: 0개, 일반: 149개 (등록일순)
2026-01-26 14:55:45,817 [INFO] 🔄 성분 중복 제거: 149개 → 11개
2026-01-26 14:55:45,817 [INFO] ✅ 최종 결과: 11개
2026-01-26 14:55:45,817 [INFO] 🔧 답변 조립 시작: 유형 14
2026-01-26 14:55:45,817 [INFO] 🤖 AI 호출: 응애류 설명
2026-01-26 14:55:47,701 [INFO] ✅ AI 응답: 164자
2026-01-26 14:55:47,705 [INFO] ✅ 답변 조립 완료
2026-02-11 14:06:46,416 [INFO] ✅ DB 초기화 로직 수행 완료
2026-02-11 14:06:47,445 [INFO] ✅ AI 연결 성공
2026-02-23 09:43:58,186 [INFO] ✅ DB 초기화 로직 수행 완료
2026-02-23 09:43:58,424 [WARNING] ⚠️ AI 연결 실패: 404
2026-03-05 10:06:30,988 [INFO] ✅ DB 초기화 로직 수행 완료
2026-03-05 10:06:31,254 [WARNING] ⚠️ AI 연결 실패: 404
2026-03-05 11:33:13,284 [INFO] ✅ DB 초기화 로직 수행 완료
2026-03-05 11:33:15,629 [WARNING] ⚠️ AI 연결 실패: 500
2026-03-05 11:38:46,729 [INFO] ✅ DB 초기화 로직 수행 완료
2026-03-05 11:38:49,146 [WARNING] ⚠️ AI 연결 실패: 500
2026-03-05 11:44:16,447 [INFO] ✅ DB 초기화 로직 수행 완료
2026-03-05 11:44:18,824 [WARNING] ⚠️ AI 연결 실패: 500
2026-03-05 11:45:22,487 [INFO] ✅ DB 초기화 로직 수행 완료
2026-03-05 11:45:24,800 [WARNING] ⚠️ AI 연결 실패: 500
2026-03-05 11:50:18,640 [INFO] ✅ DB 초기화 로직 수행 완료
2026-03-05 11:50:20,951 [WARNING] ⚠️ AI 연결 실패: 500
2026-03-05 11:56:27,189 [INFO] ✅ DB 초기화 로직 수행 완료
2026-03-05 11:56:27,544 [WARNING] ⚠️ AI 연결 실패: 500
2026-03-05 12:02:52,574 [INFO] ✅ DB 초기화 로직 수행 완료
2026-03-05 12:02:59,024 [INFO] ✅ AI 연결 성공
2026-03-05 12:12:30,735 [INFO] ✅ DB 초기화 로직 수행 완료
2026-03-05 12:12:31,794 [INFO] ✅ AI 연결 성공
2026-03-05 12:12:43,339 [INFO] ✅ DB 초기화 로직 수행 완료
2026-03-05 12:12:44,213 [INFO] ✅ AI 연결 성공
2026-03-05 12:19:04,918 [INFO] ✅ DB 초기화 로직 수행 완료
2026-03-05 12:19:06,213 [INFO] ✅ AI 연결 성공
2026-03-05 12:21:33,893 [INFO] ✨ 신규 추가
2026-03-05 12:21:50,892 [INFO] 📞 1077777778 | 가지 응애 약제 추천
2026-03-05 12:21:50,925 [INFO] 📦 컨텍스트 수집 시작: 유형 14
2026-03-05 12:21:50,925 [INFO] ✅ 농가정보: 홍길동
2026-03-05 12:21:53,024 [INFO] 🔍 검색 키워드: ['점박이응애', '응애', '차응애', '뿌리응애', '겨울배추검정응애', '차먼지응애', '사과응애', '응애류', '마늘혹응애', '흑응애', '오이긴털가루응애', '버섯응애류', '간자와응애', '전나무잎응애', '귤응애', '토마토녹응애', '녹응애']
2026-03-05 12:21:53,094 [INFO] 📊 초기 검색: 152개
2026-03-05 12:21:53,097 [INFO] ⭐ 우선약제: 1개, 일반: 151개 (등록일순)
2026-03-05 12:21:53,099 [INFO] 🔄 성분 중복 제거: 152개 → 12개
2026-03-05 12:21:53,099 [INFO] ✅ 최종 결과: 12개
2026-03-05 12:21:53,100 [INFO] 🔧 답변 조립 시작: 유형 14
2026-03-05 12:21:53,100 [INFO] 🤖 AI 호출: 응애류 설명
2026-03-05 12:21:54,984 [INFO] ✅ AI 응답: 156자
2026-03-05 12:21:54,986 [INFO] ✅ 답변 조립 완료
2026-03-05 12:23:10,873 [INFO] 📞 1077777778 | 가지 흰가루병 증상에 대해 설명
2026-03-05 12:23:10,875 [INFO] 📦 컨텍스트 수집 시작: 유형 13
2026-03-05 12:23:10,877 [INFO] ✅ 농가정보: 홍길동
2026-03-05 12:23:11,236 [INFO] 🔧 답변 조립 시작: 유형 13
2026-03-05 12:23:11,236 [INFO] 🔍 AI 진단에 전달할 작물명: 가지
2026-03-05 12:23:11,236 [INFO] 🔍 call_ai_diagnosis 호출 - crop_name: 가지
2026-03-05 12:23:11,236 [INFO] 🔍 AI 프롬프트 작물 정보: '작물: 가지'
2026-03-05 12:23:11,236 [INFO] 🤖 AI 진단 호출
2026-03-05 12:23:18,807 [INFO] ✅ AI 진단: 820자
2026-03-05 12:23:18,811 [INFO] ✅ 답변 조립 완료
2026-03-05 12:52:07,734 [INFO] 📞 1077777778 | 가지가 갑자기 시들시들하네
2026-03-05 12:52:07,745 [INFO] ⚠️ 약해 의심: 방제 3.9시간 전 + 증상 감지
2026-03-05 12:52:07,745 [INFO] 📦 컨텍스트 수집 시작: 유형 1
2026-03-05 12:52:07,745 [INFO] ✅ 농가정보: 홍길동
2026-03-05 12:52:08,143 [INFO] 🔧 답변 조립 시작: 유형 1
2026-03-05 12:52:08,143 [INFO] ✅ 답변 조립 완료
2026-03-05 12:52:37,143 [INFO] 📞 1077777778 | 가지에 이상한 검은 반점이 생겼어
2026-03-05 12:52:37,147 [INFO] ⚠️ 약해 의심: 방제 3.9시간 전 + 증상 감지
2026-03-05 12:52:37,147 [INFO] 📦 컨텍스트 수집 시작: 유형 1
2026-03-05 12:52:37,148 [INFO] ✅ 농가정보: 홍길동
2026-03-05 12:52:37,515 [INFO] 🔧 답변 조립 시작: 유형 1
2026-03-05 12:52:37,515 [INFO] ✅ 답변 조립 완료
2026-03-05 12:53:02,072 [INFO] 📞 1077777778 | 흰 가 루 병 특 징 알 려 줘
2026-03-05 12:53:02,074 [INFO] 📦 컨텍스트 수집 시작: 유형 31
2026-03-05 12:53:02,076 [INFO] ✅ 농가정보: 홍길동
2026-03-05 12:53:02,456 [INFO] 🔧 답변 조립 시작: 유형 31
2026-03-05 12:53:02,456 [INFO] ✅ 답변 조립 완료
2026-03-05 12:56:26,746 [INFO] ✅ DB 초기화 로직 수행 완료
2026-03-05 12:56:27,587 [INFO] ✅ AI 연결 성공
2026-03-05 13:02:39,835 [INFO] ✅ DB 초기화 로직 수행 완료
2026-03-05 13:02:40,867 [INFO] ✅ AI 연결 성공
2026-03-05 13:44:51,671 [INFO] ✅ DB 초기화 로직 수행 완료
2026-03-05 13:44:52,604 [INFO] ✅ AI 연결 성공
2026-03-05 14:21:30,968 [INFO] 📞 1077777778 | 가지 흰가루병 증상이 뭐야?
2026-03-05 14:21:30,999 [ERROR] ❌ 오류: name 'q_lower' is not defined
2026-03-05 14:27:48,021 [INFO] ✅ DB 초기화 로직 수행 완료
2026-03-05 14:27:48,790 [INFO] ✅ AI 연결 성공
2026-03-05 14:29:09,304 [INFO] 📞 1077777778 | 가지 흰가루병 증상이뭐야?
2026-03-05 14:29:09,336 [INFO] 📦 컨텍스트 수집 시작: 유형 13
2026-03-05 14:29:09,336 [INFO] ✅ 농가정보: 홍길동
2026-03-05 14:29:09,945 [INFO] 🔧 답변 조립 시작: 유형 13
2026-03-05 14:29:09,945 [INFO] 🔍 call_ai_diagnosis 호출 - crop_name: 가지
2026-03-05 14:29:09,945 [INFO] 🔍 AI 프롬프트 작물 정보: '작물: 가지'
2026-03-05 14:29:09,945 [INFO] 🤖 AI 진단 호출
2026-03-05 14:29:13,945 [INFO] ✅ AI 진단: 416자
2026-03-05 14:29:13,946 [INFO] ✅ 답변 조립 완료
2026-03-05 14:29:15,223 [INFO] 📞 1077777778 | 가지 흰가루병 증상이뭐야?
2026-03-05 14:29:15,224 [INFO] 📦 컨텍스트 수집 시작: 유형 13
2026-03-05 14:29:15,225 [INFO] ✅ 농가정보: 홍길동
2026-03-05 14:29:15,578 [INFO] 🔧 답변 조립 시작: 유형 13
2026-03-05 14:29:15,578 [INFO] 🔍 call_ai_diagnosis 호출 - crop_name: 가지
2026-03-05 14:29:15,579 [INFO] 🔍 AI 프롬프트 작물 정보: '작물: 가지'
2026-03-05 14:29:15,579 [INFO] 🤖 AI 진단 호출
2026-03-05 14:29:19,460 [INFO] ✅ AI 진단: 430자
2026-03-05 14:29:19,462 [INFO] ✅ 답변 조립 완료
2026-03-05 14:31:12,412 [INFO] 📞 1077777778 | 가지가 갑자기 시들시들하네
2026-03-05 14:31:12,425 [INFO] 📦 컨텍스트 수집 시작: 유형 31
2026-03-05 14:31:12,426 [INFO] ✅ 농가정보: 홍길동
2026-03-05 14:31:12,767 [INFO] 🔧 답변 조립 시작: 유형 31
2026-03-05 14:31:12,767 [INFO] ✅ 답변 조립 완료
2026-03-05 14:31:25,488 [INFO] 📞 1077777778 | 가지가 시들시들해
2026-03-05 14:31:25,488 [INFO] 📦 컨텍스트 수집 시작: 유형 31
2026-03-05 14:31:25,489 [INFO] ✅ 농가정보: 홍길동
2026-03-05 14:31:25,832 [INFO] 🔧 답변 조립 시작: 유형 31
2026-03-05 14:31:25,832 [INFO] ✅ 답변 조립 완료
2026-03-05 14:31:33,422 [INFO] 📞 1077777778 | 방제하고 나서 잎이 다 타버렸어
2026-03-05 14:31:33,423 [INFO] 📦 컨텍스트 수집 시작: 유형 1
2026-03-05 14:31:33,423 [INFO] ✅ 농가정보: 홍길동
2026-03-05 14:31:33,791 [INFO] 🔧 답변 조립 시작: 유형 1
2026-03-05 14:31:33,791 [INFO] ✅ 답변 조립 완료
2026-03-05 15:17:15,966 [INFO] ✅ DB 초기화 로직 수행 완료
2026-03-05 15:17:16,778 [INFO] ✅ AI 연결 성공
2026-03-05 15:18:01,143 [INFO] 📞 1077777778 | 가지 흰가루병 증상이 뭐야?
2026-03-05 15:18:01,172 [INFO] 📦 컨텍스트 수집 시작: 유형 13
2026-03-05 15:18:01,172 [INFO] ✅ 농가정보: 홍길동
2026-03-05 15:18:01,842 [INFO] 🔧 답변 조립 시작: 유형 13
2026-03-05 15:18:01,842 [INFO] 🔍 call_ai_diagnosis 호출 - crop_name: 가지
2026-03-05 15:18:01,842 [INFO] 🔍 AI 프롬프트 작물 정보: '작물: 가지'
2026-03-05 15:18:01,842 [INFO] 🤖 AI 진단 호출
2026-03-05 15:18:05,565 [INFO] ✅ AI 진단: 399자
2026-03-05 15:18:05,568 [INFO] ✅ 답변 조립 완료
2026-03-05 15:18:33,901 [INFO] 📞 1077777778 | 가지가 갑자기 시들시들하네
2026-03-05 15:18:33,909 [INFO] 📦 컨텍스트 수집 시작: 유형 9
2026-03-05 15:18:33,910 [INFO] ✅ 농가정보: 홍길동
2026-03-05 15:18:34,139 [INFO] 🔧 답변 조립 시작: 유형 9
2026-03-05 15:18:34,139 [INFO] 🔍 call_ai_diagnosis 호출 - crop_name: 가지
2026-03-05 15:18:34,140 [INFO] 🔍 AI 프롬프트 작물 정보: '작물: 가지'
2026-03-05 15:18:34,140 [INFO] 🤖 AI 진단 호출
2026-03-05 15:18:38,127 [INFO] ✅ AI 진단: 444자
2026-03-05 15:18:38,131 [INFO] ✅ 답변 조립 완료
2026-03-05 15:19:04,694 [INFO] 📞 1077777778 | 방제하고나서 잎이 다 타버렸어
2026-03-05 15:19:04,697 [INFO] 📦 컨텍스트 수집 시작: 유형 1
2026-03-05 15:19:04,699 [INFO] ✅ 농가정보: 홍길동
2026-03-05 15:19:04,952 [INFO] 🔧 답변 조립 시작: 유형 1
2026-03-05 15:19:04,952 [INFO] ✅ 답변 조립 완료
2026-03-05 15:19:39,619 [INFO] 📞 1077777778 | 인시피오 물 200ml에 농약 얼마나 타야돼?
2026-03-05 15:19:39,622 [INFO] 📦 컨텍스트 수집 시작: 유형 14
2026-03-05 15:19:39,623 [INFO] ✅ 농가정보: 홍길동
2026-03-05 15:19:40,513 [INFO] 🔍 검색 키워드: ['피', '가막가사리', '물달개비', '밭뚝외풀', '여뀌바늘', '자귀풀', '사마귀풀', '알방동사니', '미국가막사리', '마디꽃', '미국외풀', '가막사리', '망초', '개망초', '별꽃', '여뀌바늘', '명아주', '바랭이']
2026-03-05 15:19:40,547 [INFO] 📊 초기 검색: 0개
2026-03-05 15:19:40,547 [INFO] 🔧 답변 조립 시작: 유형 14
2026-03-05 15:19:40,547 [INFO] ✅ 답변 조립 완료
2026-03-05 15:20:08,284 [INFO] 📞 1077777778 | 오후에 비 예보 있는데 약쳐도 돼?
2026-03-05 15:20:08,287 [INFO] 📦 컨텍스트 수집 시작: 유형 5
2026-03-05 15:20:08,288 [INFO] ✅ 농가정보: 홍길동
2026-03-05 15:20:08,506 [INFO] 🔧 답변 조립 시작: 유형 5
2026-03-05 15:20:08,506 [INFO] ✅ 답변 조립 완료
2026-03-05 15:20:23,979 [INFO] 📞 1077777778 | 가지 잎이 노랗게 변했어
2026-03-05 15:20:23,981 [INFO] 📦 컨텍스트 수집 시작: 유형 8
2026-03-05 15:20:23,981 [INFO] ✅ 농가정보: 홍길동
2026-03-05 15:20:24,220 [INFO] 🔧 답변 조립 시작: 유형 8
2026-03-05 15:20:24,221 [INFO] 🔍 call_ai_diagnosis 호출 - crop_name: 가지
2026-03-05 15:20:24,221 [INFO] 🔍 AI 프롬프트 작물 정보: '작물: 가지'
2026-03-05 15:20:24,221 [INFO] 🤖 AI 진단 호출
2026-03-05 15:20:28,600 [INFO] ✅ AI 진단: 473자
2026-03-05 15:20:28,602 [INFO] ✅ 답변 조립 완료
2026-03-05 15:21:02,426 [INFO] 📞 1077777778 | 가지는 어떤 병에 제일 잘 걸려?
2026-03-05 15:21:02,429 [INFO] 📦 컨텍스트 수집 시작: 유형 14
2026-03-05 15:21:02,430 [INFO] ✅ 농가정보: 홍길동
2026-03-05 15:21:03,318 [INFO] 🔍 검색 키워드: ['어떤병', '어떤']
2026-03-05 15:21:03,348 [INFO] 📊 초기 검색: 0개
2026-03-05 15:21:03,348 [INFO] 🔧 답변 조립 시작: 유형 14
2026-03-05 15:21:03,348 [INFO] ✅ 답변 조립 완료
2026-03-05 15:25:58,224 [INFO] 📞 1077777778 | 가지 줄기에 하얀 가루가 있어
2026-03-05 15:25:58,227 [INFO] 📦 컨텍스트 수집 시작: 유형 13
2026-03-05 15:25:58,229 [INFO] ✅ 농가정보: 홍길동
2026-03-05 15:25:58,459 [INFO] 🔧 답변 조립 시작: 유형 13
2026-03-05 15:25:58,459 [INFO] 🔍 call_ai_diagnosis 호출 - crop_name: 가지
2026-03-05 15:25:58,459 [INFO] 🔍 AI 프롬프트 작물 정보: '작물: 가지'
2026-03-05 15:25:58,459 [INFO] 🤖 AI 진단 호출
2026-03-05 15:26:03,668 [INFO] ✅ AI 진단: 544자
2026-03-05 15:26:03,669 [INFO] ✅ 답변 조립 완료
2026-03-05 15:26:17,564 [INFO] 📞 1077777778 | 가지 응애 약 추천해줘
2026-03-05 15:26:17,564 [INFO] 📦 컨텍스트 수집 시작: 유형 14
2026-03-05 15:26:17,566 [INFO] ✅ 농가정보: 홍길동
2026-03-05 15:26:18,462 [INFO] 🔍 검색 키워드: ['점박이응애', '응애', '차응애', '뿌리응애', '겨울배추검정응애', '차먼지응애', '사과응애', '응애류', '마늘혹응애', '흑응애', '오이긴털가루응애', '버섯응애류', '간자와응애', '전나무잎응애', '귤응애', '토마토녹응애', '녹응애']
2026-03-05 15:26:18,500 [INFO] 📊 초기 검색: 152개
2026-03-05 15:26:18,502 [INFO] ⭐ 우선약제: 1개, 일반: 151개 (등록일순)
2026-03-05 15:26:18,503 [INFO] 🔄 성분 중복 제거: 152개 → 12개
2026-03-05 15:26:18,503 [INFO] ✅ 최종 결과: 12개
2026-03-05 15:26:18,503 [INFO] 🔧 답변 조립 시작: 유형 14
2026-03-05 15:26:18,503 [INFO] 🤖 AI 호출: 응애류 설명
2026-03-05 15:26:20,229 [INFO] ✅ AI 응답: 150자
2026-03-05 15:26:20,231 [INFO] ✅ 답변 조립 완료
2026-03-05 15:26:52,514 [INFO] 📞 1077777778 | 응애 약으로 진딧물도 잡을수있어?
2026-03-05 15:26:52,516 [INFO] 📦 컨텍스트 수집 시작: 유형 37
2026-03-05 15:26:52,516 [INFO] ✅ 농가정보: 홍길동
2026-03-05 15:26:52,731 [INFO] 🔧 답변 조립 시작: 유형 37
2026-03-05 15:26:53,402 [INFO] 🔍 검색 키워드: ['점박이응애', '응애', '차응애', '뿌리응애', '겨울배추검정응애', '차먼지응애', '사과응애', '응애류', '마늘혹응애', '흑응애', '오이긴털가루응애', '버섯응애류', '간자와응애', '전나무잎응애', '귤응애', '토마토녹응애', '녹응애']
2026-03-05 15:26:53,439 [INFO] 📊 초기 검색: 152개
2026-03-05 15:26:53,439 [INFO] ⭐ 우선약제: 1개, 일반: 151개 (등록일순)
2026-03-05 15:26:53,439 [INFO] 🔄 성분 중복 제거: 152개 → 12개
2026-03-05 15:26:53,439 [INFO] ✅ 최종 결과: 12개
2026-03-05 15:26:53,439 [INFO] 🤖 AI 추론 호출: 511자 프롬프트
2026-03-05 15:26:56,703 [INFO] ✅ AI 추론: 325자
2026-03-05 15:26:56,704 [INFO] ✅ 답변 조립 완료
2026-03-05 15:27:12,734 [INFO] 📞 1077777778 | 인시피오랑 다이마이트중에 뭐가더나아?
2026-03-05 15:27:12,736 [INFO] 📦 컨텍스트 수집 시작: 유형 14
2026-03-05 15:27:12,737 [INFO] ✅ 농가정보: 홍길동
2026-03-05 15:27:13,439 [INFO] 🔍 검색 키워드: ['피', '가막가사리', '물달개비', '밭뚝외풀', '여뀌바늘', '자귀풀', '사마귀풀', '알방동사니', '미국가막사리', '마디꽃', '미국외풀', '가막사리', '망초', '개망초', '별꽃', '여뀌바늘', '명아주', '바랭이']
2026-03-05 15:27:13,446 [INFO] 📊 초기 검색: 0개
2026-03-05 15:27:13,446 [INFO] 🔧 답변 조립 시작: 유형 14
2026-03-05 15:27:13,446 [INFO] ✅ 답변 조립 완료
2026-03-05 15:29:06,119 [INFO] 📞 1077777778 | 인시피오랑 팡파레중에 뭐가 더 좋아?
2026-03-05 15:29:06,121 [INFO] 📦 컨텍스트 수집 시작: 유형 14
2026-03-05 15:29:06,122 [INFO] ✅ 농가정보: 홍길동
2026-03-05 15:29:07,047 [INFO] 🔍 검색 키워드: ['피', '가막가사리', '물달개비', '밭뚝외풀', '여뀌바늘', '자귀풀', '사마귀풀', '알방동사니', '미국가막사리', '마디꽃', '미국외풀', '가막사리', '망초', '개망초', '별꽃', '여뀌바늘', '명아주', '바랭이']
2026-03-05 15:29:07,081 [INFO] 📊 초기 검색: 0개
2026-03-05 15:29:07,081 [INFO] 🔧 답변 조립 시작: 유형 14
2026-03-05 15:29:07,081 [INFO] ✅ 답변 조립 완료
2026-03-05 15:31:18,404 [INFO] ✅ DB 초기화 로직 수행 완료
2026-03-05 15:31:19,161 [INFO] ✅ AI 연결 성공
2026-03-05 15:32:19,468 [INFO] 📞 1077777778 | 가지 응애 약제 추천
2026-03-05 15:32:19,500 [INFO] 📦 컨텍스트 수집 시작: 유형 14
2026-03-05 15:32:19,501 [INFO] ✅ 농가정보: 홍길동
2026-03-05 15:32:20,542 [INFO] 🔍 검색 키워드: ['점박이응애', '응애', '차응애', '뿌리응애', '겨울배추검정응애', '차먼지응애', '사과응애', '응애류', '마늘혹응애', '흑응애', '오이긴털가루응애', '버섯응애류', '간자와응애', '전나무잎응애', '귤응애', '토마토녹응애', '녹응애']
2026-03-05 15:32:20,581 [INFO] 📊 초기 검색: 152개
2026-03-05 15:32:20,583 [INFO] ⭐ 우선약제: 1개, 일반: 151개 (등록일순)
2026-03-05 15:32:20,584 [INFO] 🔄 성분 중복 제거: 152개 → 12개
2026-03-05 15:32:20,584 [INFO] ✅ 최종 결과: 12개
2026-03-05 15:32:20,584 [INFO] 🔧 답변 조립 시작: 유형 14
2026-03-05 15:32:20,584 [INFO] 🤖 AI 호출: 응애류 설명
2026-03-05 15:32:22,193 [INFO] ✅ AI 응답: 139자
2026-03-05 15:32:22,195 [INFO] ✅ 답변 조립 완료
2026-03-05 15:41:29,233 [INFO] 📞 1077777778 | 가지 응애 약제 추천
2026-03-05 15:41:29,235 [INFO] 📦 컨텍스트 수집 시작: 유형 14
2026-03-05 15:41:29,236 [INFO] ✅ 농가정보: 홍길동
2026-03-05 15:41:30,087 [INFO] 🔍 검색 키워드: ['점박이응애', '응애', '차응애', '뿌리응애', '겨울배추검정응애', '차먼지응애', '사과응애', '응애류', '마늘혹응애', '흑응애', '오이긴털가루응애', '버섯응애류', '간자와응애', '전나무잎응애', '귤응애', '토마토녹응애', '녹응애']
2026-03-05 15:41:30,122 [INFO] 📊 초기 검색: 152개
2026-03-05 15:41:30,123 [INFO] ⭐ 우선약제: 1개, 일반: 151개 (등록일순)
2026-03-05 15:41:30,123 [INFO] 🔄 성분 중복 제거: 152개 → 12개
2026-03-05 15:41:30,123 [INFO] ✅ 최종 결과: 12개
2026-03-05 15:41:30,124 [INFO] 🔧 답변 조립 시작: 유형 14
2026-03-05 15:41:30,124 [INFO] 🤖 AI 호출: 응애류 설명
2026-03-05 15:41:32,107 [INFO] ✅ AI 응답: 175자
2026-03-05 15:41:32,109 [INFO] ✅ 답변 조립 완료
2026-03-05 15:43:25,627 [INFO] 📞 1077777778 | 가지 잎이 시들시들해
2026-03-05 15:43:25,638 [INFO] 📦 컨텍스트 수집 시작: 유형 9
2026-03-05 15:43:25,639 [INFO] ✅ 농가정보: 홍길동
2026-03-05 15:43:25,878 [INFO] 🔧 답변 조립 시작: 유형 9
2026-03-05 15:43:25,878 [INFO] 🔍 call_ai_diagnosis 호출 - crop_name: 가지
2026-03-05 15:43:25,879 [INFO] 🔍 AI 프롬프트 작물 정보: '작물: 가지'
2026-03-05 15:43:25,879 [INFO] 🤖 AI 진단 호출
2026-03-05 15:43:30,473 [INFO] ✅ AI 진단: 505자
2026-03-05 15:43:30,475 [INFO] ✅ 답변 조립 완료
2026-03-05 15:43:42,119 [INFO] 📞 1077777778 | 약해가 의심돼
2026-03-05 15:43:42,121 [INFO] 📦 컨텍스트 수집 시작: 유형 1
2026-03-05 15:43:42,123 [INFO] ✅ 농가정보: 홍길동
2026-03-05 15:43:42,367 [INFO] 🔧 답변 조립 시작: 유형 1
2026-03-05 15:43:42,367 [INFO] ✅ 답변 조립 완료
2026-03-05 15:43:56,786 [INFO] 📞 1077777778 | 가지 진딧물 약제 추천
2026-03-05 15:43:56,786 [INFO] 📦 컨텍스트 수집 시작: 유형 14
2026-03-05 15:43:56,787 [INFO] ✅ 농가정보: 홍길동
2026-03-05 15:43:57,628 [INFO] 🔍 검색 키워드: ['목화진딧물', '진딧물', '국화꼬마수염진딧물', '조팝나무진딧물', '찔레수염진딧물', '인도블록진딧물', '우엉수염진딧물', '복숭아혹진딧물', '무테진딧물', '연테두리진딧물', '잠두진딧물', '두릅쌍꼬리진딧물', '양배추가루진딧물', '호박과실파리', '싸리수염진딧물', '알락수염노린재', '지칭개수염진딧물', '꼬부랑진딧물', '씀바귀수염진딧물']
2026-03-05 15:43:57,662 [INFO] 📊 초기 검색: 148개
2026-03-05 15:43:57,663 [INFO] ⭐ 우선약제: 3개, 일반: 145개 (등록일순)
2026-03-05 15:43:57,663 [INFO] 🔄 성분 중복 제거: 148개 → 18개
2026-03-05 15:43:57,663 [INFO] ✅ 최종 결과: 18개
2026-03-05 15:43:57,663 [INFO] 🔧 답변 조립 시작: 유형 14
2026-03-05 15:43:57,663 [INFO] 🤖 AI 호출: 진딧물류 설명
2026-03-05 15:43:59,481 [INFO] ✅ AI 응답: 153자
2026-03-05 15:43:59,484 [INFO] ✅ 답변 조립 완료
2026-03-05 15:44:33,761 [INFO] 📞 1077777778 | 가지 진딧물 증상
2026-03-05 15:44:33,764 [INFO] 📦 컨텍스트 수집 시작: 유형 7
2026-03-05 15:44:33,765 [INFO] ✅ 농가정보: 홍길동
2026-03-05 15:44:34,002 [INFO] 🔧 답변 조립 시작: 유형 7
2026-03-05 15:44:34,002 [INFO] 🔍 call_ai_diagnosis 호출 - crop_name: 가지
2026-03-05 15:44:34,002 [INFO] 🔍 AI 프롬프트 작물 정보: '작물: 가지'
2026-03-05 15:44:34,002 [INFO] 🤖 AI 진단 호출
2026-03-05 15:44:39,644 [INFO] ✅ AI 진단: 621자
2026-03-05 15:44:39,647 [INFO] ✅ 답변 조립 완료
2026-03-06 08:50:26,240 [INFO] ✅ DB 초기화 로직 수행 완료
2026-03-06 08:50:27,130 [INFO] ✅ AI 연결 성공
2026-03-06 09:07:51,530 [INFO] ✅ DB 초기화 로직 수행 완료
2026-03-06 09:07:52,495 [INFO] ✅ AI 연결 성공
2026-03-06 09:31:14,913 [INFO] 📞 1012345678 | 휜가루가 많이 보여
2026-03-06 09:31:14,955 [INFO] 📦 컨텍스트 수집 시작: 유형 13
2026-03-06 09:31:14,956 [INFO] ✅ 농가정보: 공장
2026-03-06 09:31:15,328 [INFO] 🔧 답변 조립 시작: 유형 13
2026-03-06 09:31:15,328 [INFO] 🔍 call_ai_diagnosis 호출 - crop_name: 딸기
2026-03-06 09:31:15,328 [INFO] 🔍 AI 프롬프트 작물 정보: '작물: 딸기'
2026-03-06 09:31:15,328 [INFO] 🤖 AI 진단 호출
2026-03-06 09:31:20,706 [INFO] ✅ AI 진단: 491자
2026-03-06 09:31:20,710 [INFO] ✅ 답변 조립 완료
2026-03-06 09:33:54,578 [INFO] ✨ 신규 추가
2026-03-06 09:34:16,483 [INFO] 📞 1023390732 | 응애약제추천해
2026-03-06 09:34:16,485 [INFO] 📦 컨텍스트 수집 시작: 유형 14
2026-03-06 09:34:16,486 [INFO] ✅ 농가정보: 김세열
2026-03-06 09:34:17,023 [INFO] 🔍 검색 키워드: ['점박이응애', '응애', '차응애', '뿌리응애', '겨울배추검정응애', '차먼지응애', '사과응애', '응애류', '마늘혹응애', '흑응애', '오이긴털가루응애', '버섯응애류', '간자와응애', '전나무잎응애', '귤응애', '토마토녹응애', '녹응애']
2026-03-06 09:34:17,026 [INFO] 📊 초기 검색: 0개
2026-03-06 09:34:17,026 [INFO] 🔧 답변 조립 시작: 유형 14
2026-03-06 09:34:17,026 [INFO] ✅ 답변 조립 완료
2026-03-06 09:35:05,222 [INFO] 📞 1077777778 | 가지 응애 약제 추천
2026-03-06 09:35:05,223 [INFO] 📦 컨텍스트 수집 시작: 유형 14
2026-03-06 09:35:05,225 [INFO] ✅ 농가정보: 홍길동
2026-03-06 09:35:06,063 [INFO] 🔍 검색 키워드: ['점박이응애', '응애', '차응애', '뿌리응애', '겨울배추검정응애', '차먼지응애', '사과응애', '응애류', '마늘혹응애', '흑응애', '오이긴털가루응애', '버섯응애류', '간자와응애', '전나무잎응애', '귤응애', '토마토녹응애', '녹응애']
2026-03-06 09:35:06,099 [INFO] 📊 초기 검색: 152개
2026-03-06 09:35:06,103 [INFO] ⭐ 우선약제: 1개, 일반: 151개 (등록일순)
2026-03-06 09:35:06,104 [INFO] 🔄 성분 중복 제거: 152개 → 12개
2026-03-06 09:35:06,104 [INFO] ✅ 최종 결과: 12개
2026-03-06 09:35:06,104 [INFO] 🔧 답변 조립 시작: 유형 14
2026-03-06 09:35:06,104 [INFO] 🤖 AI 호출: 응애류 설명
2026-03-06 09:35:07,963 [INFO] ✅ AI 응답: 171자
2026-03-06 09:35:07,965 [INFO] ✅ 답변 조립 완료
2026-03-06 09:35:15,819 [INFO] 📞 1077777778 | 샤인머스켓 응애 약제 추천
2026-03-06 09:35:15,820 [INFO] 📦 컨텍스트 수집 시작: 유형 14
2026-03-06 09:35:15,821 [INFO] ✅ 농가정보: 홍길동
2026-03-06 09:35:16,628 [INFO] 🔍 검색 키워드: ['점박이응애', '응애', '차응애', '뿌리응애', '겨울배추검정응애', '차먼지응애', '사과응애', '응애류', '마늘혹응애', '흑응애', '오이긴털가루응애', '버섯응애류', '간자와응애', '전나무잎응애', '귤응애', '토마토녹응애', '녹응애']
2026-03-06 09:35:16,661 [INFO] 📊 초기 검색: 152개
2026-03-06 09:35:16,662 [INFO] ⭐ 우선약제: 1개, 일반: 151개 (등록일순)
2026-03-06 09:35:16,662 [INFO] 🔄 성분 중복 제거: 152개 → 12개
2026-03-06 09:35:16,662 [INFO] ✅ 최종 결과: 12개
2026-03-06 09:35:16,662 [INFO] 🔧 답변 조립 시작: 유형 14
2026-03-06 09:35:16,662 [INFO] 🤖 AI 호출: 응애류 설명
2026-03-06 09:35:18,361 [INFO] ✅ AI 응답: 142자
2026-03-06 09:35:18,363 [INFO] ✅ 답변 조립 완료
2026-03-06 09:35:21,481 [INFO] 📞 1023390732 | 흰가루 약 추천 부탁해
2026-03-06 09:35:21,483 [INFO] 📦 컨텍스트 수집 시작: 유형 14
2026-03-06 09:35:21,484 [INFO] ✅ 농가정보: 김세열
2026-03-06 09:35:22,003 [INFO] 🔍 검색 키워드: ['흰가루병', '흰가루']
2026-03-06 09:35:22,005 [INFO] 📊 초기 검색: 0개
2026-03-06 09:35:22,005 [INFO] 🔧 답변 조립 시작: 유형 14
2026-03-06 09:35:22,005 [INFO] ✅ 답변 조립 완료
2026-03-06 09:36:11,097 [INFO] 📞 1023390732 | 샤인머스켓 응애 약제추천
2026-03-06 09:36:11,099 [INFO] 📦 컨텍스트 수집 시작: 유형 14
2026-03-06 09:36:11,100 [INFO] ✅ 농가정보: 김세열
2026-03-06 09:36:11,613 [INFO] 🔍 검색 키워드: ['점박이응애', '응애', '차응애', '뿌리응애', '겨울배추검정응애', '차먼지응애', '사과응애', '응애류', '마늘혹응애', '흑응애', '오이긴털가루응애', '버섯응애류', '간자와응애', '전나무잎응애', '귤응애', '토마토녹응애', '녹응애']
2026-03-06 09:36:11,615 [INFO] 📊 초기 검색: 0개
2026-03-06 09:36:11,615 [INFO] 🔧 답변 조립 시작: 유형 14
2026-03-06 09:36:11,615 [INFO] ✅ 답변 조립 완료
2026-03-06 09:38:43,690 [INFO] 📞 1077777778 | 가지 응애 약제 추천
2026-03-06 09:38:43,691 [INFO] 📦 컨텍스트 수집 시작: 유형 14
2026-03-06 09:38:43,693 [INFO] ✅ 농가정보: 홍길동
2026-03-06 09:38:44,552 [INFO] 🔍 검색 키워드: ['점박이응애', '응애', '차응애', '뿌리응애', '겨울배추검정응애', '차먼지응애', '사과응애', '응애류', '마늘혹응애', '흑응애', '오이긴털가루응애', '버섯응애류', '간자와응애', '전나무잎응애', '귤응애', '토마토녹응애', '녹응애']
2026-03-06 09:38:44,585 [INFO] 📊 초기 검색: 152개
2026-03-06 09:38:44,585 [INFO] ⭐ 우선약제: 1개, 일반: 151개 (등록일순)
2026-03-06 09:38:44,586 [INFO] 🔄 성분 중복 제거: 152개 → 12개
2026-03-06 09:38:44,586 [INFO] ✅ 최종 결과: 12개
2026-03-06 09:38:44,586 [INFO] 🔧 답변 조립 시작: 유형 14
2026-03-06 09:38:44,586 [INFO] 🤖 AI 호출: 응애류 설명
2026-03-06 09:38:46,665 [INFO] ✅ AI 응답: 180자
2026-03-06 09:38:46,667 [INFO] ✅ 답변 조립 완료
2026-03-06 09:39:17,974 [INFO] 📞 1077777778 | 흰가루병 증상을 알려줘
2026-03-06 09:39:17,975 [INFO] 📦 컨텍스트 수집 시작: 유형 13
2026-03-06 09:39:17,976 [INFO] ✅ 농가정보: 홍길동
2026-03-06 09:39:18,172 [INFO] 🔧 답변 조립 시작: 유형 13
2026-03-06 09:39:18,172 [INFO] 🔍 call_ai_diagnosis 호출 - crop_name: 가지
2026-03-06 09:39:18,172 [INFO] 🔍 AI 프롬프트 작물 정보: '작물: 가지'
2026-03-06 09:39:18,172 [INFO] 🤖 AI 진단 호출
2026-03-06 09:39:24,710 [INFO] ✅ AI 진단: 703자
2026-03-06 09:39:24,714 [INFO] ✅ 답변 조립 완료
2026-03-06 09:39:36,824 [INFO] 📞 1077777778 | 가지 잎이 시들시들해
2026-03-06 09:39:36,824 [INFO] 📦 컨텍스트 수집 시작: 유형 9
2026-03-06 09:39:36,825 [INFO] ✅ 농가정보: 홍길동
2026-03-06 09:39:37,049 [INFO] 🔧 답변 조립 시작: 유형 9
2026-03-06 09:39:37,049 [INFO] 🔍 call_ai_diagnosis 호출 - crop_name: 가지
2026-03-06 09:39:37,049 [INFO] 🔍 AI 프롬프트 작물 정보: '작물: 가지'
2026-03-06 09:39:37,049 [INFO] 🤖 AI 진단 호출
2026-03-06 09:39:41,852 [INFO] ✅ AI 진단: 524자
2026-03-06 09:39:41,855 [INFO] ✅ 답변 조립 완료
2026-03-06 09:40:11,090 [INFO] 📞 1077777778 | 응애 약제 추천
2026-03-06 09:40:11,091 [INFO] 📦 컨텍스트 수집 시작: 유형 14
2026-03-06 09:40:11,092 [INFO] ✅ 농가정보: 홍길동
2026-03-06 09:40:11,877 [INFO] 🔍 검색 키워드: ['점박이응애', '응애', '차응애', '뿌리응애', '겨울배추검정응애', '차먼지응애', '사과응애', '응애류', '마늘혹응애', '흑응애', '오이긴털가루응애', '버섯응애류', '간자와응애', '전나무잎응애', '귤응애', '토마토녹응애', '녹응애']
2026-03-06 09:40:11,917 [INFO] 📊 초기 검색: 152개
2026-03-06 09:40:11,920 [INFO] ⭐ 우선약제: 1개, 일반: 151개 (등록일순)
2026-03-06 09:40:11,920 [INFO] 🔄 성분 중복 제거: 152개 → 12개
2026-03-06 09:40:11,920 [INFO] ✅ 최종 결과: 12개
2026-03-06 09:40:11,921 [INFO] 🔧 답변 조립 시작: 유형 14
2026-03-06 09:40:11,921 [INFO] 🤖 AI 호출: 응애류 설명
2026-03-06 09:40:13,750 [INFO] ✅ AI 응답: 165자
2026-03-06 09:40:13,753 [INFO] ✅ 답변 조립 완료
2026-03-06 09:43:09,098 [INFO] 📞 1077777778 | 응애 약제 추천
2026-03-06 09:43:09,099 [INFO] 📦 컨텍스트 수집 시작: 유형 14
2026-03-06 09:43:09,100 [INFO] ✅ 농가정보: 홍길동
2026-03-06 09:43:09,852 [INFO] 🔍 검색 키워드: ['점박이응애', '응애', '차응애', '뿌리응애', '겨울배추검정응애', '차먼지응애', '사과응애', '응애류', '마늘혹응애', '흑응애', '오이긴털가루응애', '버섯응애류', '간자와응애', '전나무잎응애', '귤응애', '토마토녹응애', '녹응애']
2026-03-06 09:43:09,885 [INFO] 📊 초기 검색: 152개
2026-03-06 09:43:09,885 [INFO] ⭐ 우선약제: 1개, 일반: 151개 (등록일순)
2026-03-06 09:43:09,886 [INFO] 🔄 성분 중복 제거: 152개 → 12개
2026-03-06 09:43:09,886 [INFO] ✅ 최종 결과: 12개
2026-03-06 09:43:09,886 [INFO] 🔧 답변 조립 시작: 유형 14
2026-03-06 09:43:09,886 [INFO] 🤖 AI 호출: 응애류 설명
2026-03-06 09:43:11,978 [INFO] ✅ AI 응답: 181자
2026-03-06 09:43:11,980 [INFO] ✅ 답변 조립 완료
2026-03-06 09:44:08,970 [INFO] 📞 1023390732 | 응애 약제 추천
2026-03-06 09:44:08,971 [INFO] 📦 컨텍스트 수집 시작: 유형 14
2026-03-06 09:44:08,972 [INFO] ✅ 농가정보: 김세열
2026-03-06 09:44:09,488 [INFO] 🔍 검색 키워드: ['점박이응애', '응애', '차응애', '뿌리응애', '겨울배추검정응애', '차먼지응애', '사과응애', '응애류', '마늘혹응애', '흑응애', '오이긴털가루응애', '버섯응애류', '간자와응애', '전나무잎응애', '귤응애', '토마토녹응애', '녹응애']
2026-03-06 09:44:09,489 [INFO] 📊 초기 검색: 0개
2026-03-06 09:44:09,489 [INFO] 🔧 답변 조립 시작: 유형 14
2026-03-06 09:44:09,489 [INFO] ✅ 답변 조립 완료
2026-03-06 09:45:25,497 [INFO] 📞 1077777778 | 샤인머스켓 응애 약제 추천
2026-03-06 09:45:25,499 [INFO] 📦 컨텍스트 수집 시작: 유형 14
2026-03-06 09:45:25,500 [INFO] ✅ 농가정보: 홍길동
2026-03-06 09:45:26,326 [INFO] 🔍 검색 키워드: ['점박이응애', '응애', '차응애', '뿌리응애', '겨울배추검정응애', '차먼지응애', '사과응애', '응애류', '마늘혹응애', '흑응애', '오이긴털가루응애', '버섯응애류', '간자와응애', '전나무잎응애', '귤응애', '토마토녹응애', '녹응애']
2026-03-06 09:45:26,360 [INFO] 📊 초기 검색: 152개
2026-03-06 09:45:26,360 [INFO] ⭐ 우선약제: 1개, 일반: 151개 (등록일순)
2026-03-06 09:45:26,360 [INFO] 🔄 성분 중복 제거: 152개 → 12개
2026-03-06 09:45:26,361 [INFO] ✅ 최종 결과: 12개
2026-03-06 09:45:26,361 [INFO] 🔧 답변 조립 시작: 유형 14
2026-03-06 09:45:26,361 [INFO] 🤖 AI 호출: 응애류 설명
2026-03-06 09:45:28,241 [INFO] ✅ AI 응답: 161자
2026-03-06 09:45:28,243 [INFO] ✅ 답변 조립 완료
2026-03-06 10:13:19,350 [INFO] 📞 1077777778 | 가지약제추천
2026-03-06 10:13:19,352 [INFO] 📦 컨텍스트 수집 시작: 유형 14
2026-03-06 10:13:19,353 [INFO] ✅ 농가정보: 홍길동
2026-03-06 10:13:19,652 [INFO] 🔧 답변 조립 시작: 유형 14
2026-03-06 10:13:19,652 [INFO] ✅ 답변 조립 완료
2026-03-06 10:13:30,883 [INFO] 📞 1077777778 | 응애 약제추천
2026-03-06 10:13:30,884 [INFO] 📦 컨텍스트 수집 시작: 유형 14
2026-03-06 10:13:30,885 [INFO] ✅ 농가정보: 홍길동
2026-03-06 10:13:31,767 [INFO] 🔍 검색 키워드: ['점박이응애', '응애', '차응애', '뿌리응애', '겨울배추검정응애', '차먼지응애', '사과응애', '응애류', '마늘혹응애', '흑응애', '오이긴털가루응애', '버섯응애류', '간자와응애', '전나무잎응애', '귤응애', '토마토녹응애', '녹응애']
2026-03-06 10:13:31,804 [INFO] 📊 초기 검색: 152개
2026-03-06 10:13:31,807 [INFO] ⭐ 우선약제: 1개, 일반: 151개 (등록일순)
2026-03-06 10:13:31,807 [INFO] 🔄 성분 중복 제거: 152개 → 12개
2026-03-06 10:13:31,807 [INFO] ✅ 최종 결과: 12개
2026-03-06 10:13:31,807 [INFO] 🔧 답변 조립 시작: 유형 14
2026-03-06 10:13:31,807 [INFO] 🤖 AI 호출: 응애류 설명
2026-03-06 10:13:33,497 [INFO] ✅ AI 응답: 134자
2026-03-06 10:13:33,500 [INFO] ✅ 답변 조립 완료
2026-03-06 10:16:23,380 [INFO] 📞 1077777778 | 흰가루병 증상
2026-03-06 10:16:23,382 [INFO] 📦 컨텍스트 수집 시작: 유형 13
2026-03-06 10:16:23,384 [INFO] ✅ 농가정보: 홍길동
2026-03-06 10:16:23,632 [INFO] 🔧 답변 조립 시작: 유형 13
2026-03-06 10:16:23,633 [INFO] 🔍 call_ai_diagnosis 호출 - crop_name: 가지
2026-03-06 10:16:23,633 [INFO] 🔍 AI 프롬프트 작물 정보: '작물: 가지'
2026-03-06 10:16:23,633 [INFO] 🤖 AI 진단 호출
2026-03-06 10:16:29,277 [INFO] ✅ AI 진단: 590자
2026-03-06 10:16:29,280 [INFO] ✅ 답변 조립 완료
2026-03-06 10:16:35,557 [INFO] 📞 1077777778 | 잎이 시들시들해
2026-03-06 10:16:35,558 [INFO] 📦 컨텍스트 수집 시작: 유형 9
2026-03-06 10:16:35,560 [INFO] ✅ 농가정보: 홍길동
2026-03-06 10:16:35,784 [INFO] 🔧 답변 조립 시작: 유형 9
2026-03-06 10:16:35,785 [INFO] 🔍 call_ai_diagnosis 호출 - crop_name: 가지
2026-03-06 10:16:35,785 [INFO] 🔍 AI 프롬프트 작물 정보: '작물: 가지'
2026-03-06 10:16:35,785 [INFO] 🤖 AI 진단 호출
2026-03-06 10:16:39,990 [INFO] ✅ AI 진단: 470자
2026-03-06 10:16:39,993 [INFO] ✅ 답변 조립 완료
2026-03-06 10:18:59,633 [INFO] 📞 1077777778 | 가지 응애약 추천해줘
2026-03-06 10:18:59,635 [INFO] 📦 컨텍스트 수집 시작: 유형 14
2026-03-06 10:18:59,637 [INFO] ✅ 농가정보: 홍길동
2026-03-06 10:19:00,380 [INFO] 🔍 검색 키워드: ['점박이응애', '응애', '차응애', '뿌리응애', '겨울배추검정응애', '차먼지응애', '사과응애', '응애류', '마늘혹응애', '흑응애', '오이긴털가루응애', '버섯응애류', '간자와응애', '전나무잎응애', '귤응애', '토마토녹응애', '녹응애']
2026-03-06 10:19:00,414 [INFO] 📊 초기 검색: 152개
2026-03-06 10:19:00,415 [INFO] ⭐ 우선약제: 1개, 일반: 151개 (등록일순)
2026-03-06 10:19:00,415 [INFO] 🔄 성분 중복 제거: 152개 → 12개
2026-03-06 10:19:00,415 [INFO] ✅ 최종 결과: 12개
2026-03-06 10:19:00,415 [INFO] 🔧 답변 조립 시작: 유형 14
2026-03-06 10:19:00,415 [INFO] 🤖 AI 호출: 응애류 설명
2026-03-06 10:19:02,613 [INFO] ✅ AI 응답: 178자
2026-03-06 10:19:02,615 [INFO] ✅ 답변 조립 완료
2026-03-06 15:56:00,250 [INFO] ✅ DB 초기화 로직 수행 완료
2026-03-06 15:56:01,201 [INFO] ✅ AI 연결 성공
2026-03-06 16:01:28,372 [INFO] 📞 1055555555 | 샤인머스켓 응애약제 추천해줘
2026-03-06 16:01:28,401 [INFO] 📦 컨텍스트 수집 시작: 유형 14
2026-03-06 16:01:28,402 [INFO] ✅ 농가정보 확인됨: 오돌이
2026-03-06 16:01:28,403 [INFO] 🔎 질문에서 작물 감지됨: 포도
2026-03-06 16:01:28,403 [INFO] 🔄 작물명 정규화 완료: 포도 -> 포도
2026-03-06 16:01:28,403 [INFO] ✅ 최종 결정된 작물명(시트명): 포도
2026-03-06 16:01:28,403 [INFO] 🐛 병해충명: 응애류
2026-03-06 16:01:29,210 [INFO] 🔍 검색 키워드: ['점박이응애', '응애', '차응애', '뿌리응애', '겨울배추검정응애', '차먼지응애', '사과응애', '응애류', '마늘혹응애', '흑응애', '오이긴털가루응애', '버섯응애류', '간자와응애', '전나무잎응애', '귤응애', '토마토녹응애', '녹응애']
2026-03-06 16:01:29,238 [INFO] 📊 초기 검색: 33개
2026-03-06 16:01:29,238 [INFO] ⭐ 우선약제: 2개, 일반: 31개 (등록일순)
2026-03-06 16:01:29,239 [INFO] 🔄 성분 중복 제거: 33개 → 16개
2026-03-06 16:01:29,239 [INFO] ✅ 최종 결과: 16개
2026-03-06 16:01:29,239 [INFO] 🔧 답변 조립 시작: 유형 14
2026-03-06 16:01:29,239 [INFO] 🤖 AI 호출: 응애류 설명
2026-03-06 16:01:30,937 [INFO] ✅ AI 응답: 133자
2026-03-06 16:01:30,940 [INFO] ✅ 답변 조립 완료
2026-03-06 16:09:33,835 [INFO] ✨ 신규 추가
2026-03-06 16:09:45,396 [INFO] 📞 1055555555 | 마지막 방제가언제야?
2026-03-06 16:09:45,409 [INFO] 📦 컨텍스트 수집 시작: 유형 14
2026-03-06 16:09:45,410 [INFO] ✅ 농가정보 확인됨: 오돌이
2026-03-06 16:09:45,689 [INFO] 📌 회원 정보에서 작물 가져옴: 포도
2026-03-06 16:09:45,689 [INFO] 🔄 작물명 정규화 완료: 포도 -> 포도
2026-03-06 16:09:45,689 [INFO] ✅ 최종 결정된 작물명(시트명): 포도
2026-03-06 16:09:45,689 [INFO] 🔧 답변 조립 시작: 유형 14
2026-03-06 16:09:45,689 [INFO] ✅ 답변 조립 완료
2026-03-06 16:10:06,026 [INFO] 📞 1055555555 | 2월4일 방제할때 무슨약을 쳤더라
2026-03-06 16:10:06,027 [INFO] 📦 컨텍스트 수집 시작: 유형 14
2026-03-06 16:10:06,028 [INFO] ✅ 농가정보 확인됨: 오돌이
2026-03-06 16:10:06,290 [INFO] 📌 회원 정보에서 작물 가져옴: 포도
2026-03-06 16:10:06,290 [INFO] 🔄 작물명 정규화 완료: 포도 -> 포도
2026-03-06 16:10:06,290 [INFO] ✅ 최종 결정된 작물명(시트명): 포도
2026-03-06 16:10:06,290 [INFO] 🔧 답변 조립 시작: 유형 14
2026-03-06 16:10:06,290 [INFO] ✅ 답변 조립 완료
2026-03-06 16:26:36,179 [INFO] 📞 1055555555 | 딸기 잎 뒷면에 아주 작은 빨간 벌레들이 기어다니는데 뭐야?
2026-03-06 16:26:36,182 [INFO] 📦 컨텍스트 수집 시작: 유형 11
2026-03-06 16:26:36,184 [INFO] ✅ 농가정보 확인됨: 오돌이
2026-03-06 16:26:36,184 [INFO] 🔎 질문에서 작물 감지됨: 딸기
2026-03-06 16:26:36,184 [INFO] 🔄 작물명 정규화 완료: 딸기 -> 딸기
2026-03-06 16:26:36,184 [INFO] ✅ 최종 결정된 작물명(시트명): 딸기
2026-03-06 16:26:36,186 [INFO] 🔧 답변 조립 시작: 유형 11
2026-03-06 16:26:36,186 [INFO] 🔍 call_ai_diagnosis 호출 - crop_name: 딸기
2026-03-06 16:26:36,186 [INFO] 🔍 AI 프롬프트 작물 정보: '작물: 딸기'
2026-03-06 16:26:36,186 [INFO] 🤖 AI 진단 호출
2026-03-06 16:26:40,997 [INFO] ✅ AI 진단: 509자
2026-03-06 16:26:41,002 [INFO] ✅ 답변 조립 완료
2026-03-06 16:27:16,314 [INFO] 📞 1055555555 | 고추 잎 끝이 타들어 가는데 약해일까 영양 부족일까?
2026-03-06 16:27:16,316 [INFO] 📦 컨텍스트 수집 시작: 유형 1
2026-03-06 16:27:16,318 [INFO] ✅ 농가정보 확인됨: 오돌이
2026-03-06 16:27:16,567 [INFO] 🔎 질문에서 작물 감지됨: 고추
2026-03-06 16:27:16,567 [INFO] ✅ 최종 결정된 작물명(시트명): 고추
2026-03-06 16:27:16,568 [INFO] 🔧 답변 조립 시작: 유형 1
2026-03-06 16:27:16,568 [INFO] ✅ 답변 조립 완료
2026-03-06 16:28:08,230 [INFO] 📞 1055555555 | 줄기에 구멍이 뚫리고 톱밥 같은 게 나와
2026-03-06 16:28:08,234 [INFO] 📦 컨텍스트 수집 시작: 유형 31
2026-03-06 16:28:08,235 [INFO] ✅ 농가정보 확인됨: 오돌이
2026-03-06 16:28:08,455 [INFO] 📌 회원 정보에서 작물 가져옴: 포도
2026-03-06 16:28:08,455 [INFO] 🔄 작물명 정규화 완료: 포도 -> 포도
2026-03-06 16:28:08,455 [INFO] ✅ 최종 결정된 작물명(시트명): 포도
2026-03-06 16:28:08,456 [INFO] 🔧 답변 조립 시작: 유형 31
2026-03-06 16:28:08,456 [INFO] ✅ 답변 조립 완료
2026-03-06 16:28:21,313 [INFO] 📞 1055555555 | 지금 개화기인데 꿀벌한테 독성 없는 응애 약 추천해줘.
2026-03-06 16:28:21,314 [INFO] 📦 컨텍스트 수집 시작: 유형 46
2026-03-06 16:28:21,316 [INFO] ✅ 농가정보 확인됨: 오돌이
2026-03-06 16:28:21,628 [INFO] 📌 회원 정보에서 작물 가져옴: 포도
2026-03-06 16:28:21,628 [INFO] 🔄 작물명 정규화 완료: 포도 -> 포도
2026-03-06 16:28:21,628 [INFO] ✅ 최종 결정된 작물명(시트명): 포도
2026-03-06 16:28:21,629 [INFO] 🐛 병해충명: 응애류
2026-03-06 16:28:21,629 [INFO] 🔧 답변 조립 시작: 유형 46
2026-03-06 16:28:22,236 [INFO] 🔍 검색 키워드: ['점박이응애', '응애', '차응애', '뿌리응애', '겨울배추검정응애', '차먼지응애', '사과응애', '응애류', '마늘혹응애', '흑응애', '오이긴털가루응애', '버섯응애류', '간자와응애', '전나무잎응애', '귤응애', '토마토녹응애', '녹응애']
2026-03-06 16:28:22,261 [INFO] 📊 초기 검색: 33개
2026-03-06 16:28:22,269 [INFO] ⛔ 제외 성분: {'아이소사이클로세람'}
2026-03-06 16:28:22,269 [INFO] ⛔ 3회 제외: 33개 → 32개
2026-03-06 16:28:22,269 [INFO] ⭐ 우선약제: 1개, 일반: 31개 (등록일순)
2026-03-06 16:28:22,269 [INFO] 🔄 성분 중복 제거: 32개 → 15개
2026-03-06 16:28:22,269 [INFO] ✅ 최종 결과: 15개
2026-03-06 16:28:22,269 [INFO] 🤖 AI 추론 호출: 450자 프롬프트
2026-03-06 16:28:34,865 [INFO] ✅ AI 추론: 1408자
2026-03-06 16:28:34,866 [INFO] ✅ 답변 조립 완료
2026-03-06 16:32:39,306 [INFO] 📞 1055555555 | 약해 안 남고 효과 제일 쎈 응애약 알려줘.
2026-03-06 16:32:39,309 [INFO] 📦 컨텍스트 수집 시작: 유형 1
2026-03-06 16:32:39,311 [INFO] ✅ 농가정보 확인됨: 오돌이
2026-03-06 16:32:39,866 [INFO] 📌 회원 정보에서 작물 가져옴: 포도
2026-03-06 16:32:39,866 [INFO] 🔄 작물명 정규화 완료: 포도 -> 포도
2026-03-06 16:32:39,866 [INFO] ✅ 최종 결정된 작물명(시트명): 포도
2026-03-06 16:32:39,867 [INFO] 🐛 병해충명: 응애류
2026-03-06 16:32:39,868 [INFO] 🔧 답변 조립 시작: 유형 1
2026-03-06 16:32:39,868 [INFO] ✅ 답변 조립 완료
2026-03-06 16:40:44,567 [INFO] ✅ DB 초기화 로직 수행 완료
2026-03-06 16:40:45,600 [INFO] ✅ AI 연결 성공
2026-03-06 16:46:30,938 [INFO] ✅ DB 초기화 로직 수행 완료
2026-03-06 16:46:31,918 [INFO] ✅ AI 연결 성공
2026-03-06 16:49:55,875 [INFO] ✅ DB 초기화 로직 수행 완료
2026-03-06 16:49:56,819 [INFO] ✅ AI 연결 성공
2026-03-06 16:58:36,523 [INFO] ✅ DB 초기화 로직 수행 완료
2026-03-06 16:58:37,532 [INFO] ✅ AI 연결 성공
2026-03-06 17:16:36,045 [INFO] ✅ DB 초기화 로직 수행 완료
2026-03-06 17:16:36,997 [INFO] ✅ AI 연결 성공
2026-03-11 13:48:23,861 [INFO] ✅ DB 초기화 로직 수행 완료
2026-03-11 13:48:24,983 [INFO] ✅ AI 연결 성공
2026-03-11 15:25:01,947 [INFO] ✅ DB 초기화 로직 수행 완료
2026-03-11 15:25:02,919 [INFO] ✅ AI 연결 성공
2026-03-11 15:25:54,840 [ERROR] ❌ SMS 발송 에러: name 'SDK' is not defined
2026-03-11 15:30:55,958 [INFO] ✅ DB 초기화 로직 수행 완료
2026-03-11 15:30:56,835 [INFO] ✅ AI 연결 성공
2026-03-11 15:36:18,625 [INFO] ✅ DB 초기화 로직 수행 완료
2026-03-11 15:36:19,786 [INFO] ✅ AI 연결 성공
2026-03-11 15:37:49,558 [INFO] ✅ DB 초기화 로직 수행 완료
2026-03-11 15:37:50,422 [INFO] ✅ AI 연결 성공
2026-03-11 15:40:59,794 [INFO] ✅ DB 초기화 로직 수행 완료
2026-03-11 15:41:00,781 [INFO] ✅ AI 연결 성공
2026-03-11 16:02:43,487 [INFO] ✅ DB 초기화 로직 수행 완료
2026-03-11 16:02:44,218 [INFO] ✅ AI 연결 성공
2026-03-11 16:03:31,178 [INFO] HTTP Request: POST https://api.solapi.com/messages/v4/send-many/detail "HTTP/1.1 200 OK"
2026-03-11 16:18:27,408 [INFO] HTTP Request: POST https://api.solapi.com/messages/v4/send-many/detail "HTTP/1.1 200 OK"
2026-03-11 16:20:36,540 [INFO] ✨ 신규 추가
2026-03-11 16:21:10,223 [INFO] ✨ 신규 추가
2026-03-11 16:38:05,509 [INFO] ✅ DB 초기화 로직 수행 완료
2026-03-11 16:38:06,500 [INFO] ✅ AI 연결 성공
2026-03-11 16:39:40,038 [INFO] 🔄 수정 요청: ID=140
2026-03-11 16:40:41,726 [INFO] ✅ DB 초기화 로직 수행 완료
2026-03-11 16:40:42,765 [INFO] ✅ AI 연결 성공
2026-03-11 16:41:26,321 [INFO] 📞 1076767407 | 피망 응애 약제 추천
2026-03-11 16:41:26,355 [INFO] 📦 컨텍스트 수집 시작: 유형 14
2026-03-11 16:41:26,356 [INFO] ✅ 농가정보 확인됨: 조조조
2026-03-11 16:41:27,382 [INFO] 📌 회원 정보에서 작물 가져옴: 피망
2026-03-11 16:41:27,382 [INFO] 🔄 작물명 정규화 완료: 피망 -> 단고추
2026-03-11 16:41:27,382 [INFO] ✅ 최종 결정된 작물명(시트명): 단고추
2026-03-11 16:41:27,382 [INFO] 🐛 병해충명: 응애류
2026-03-11 16:41:28,653 [INFO] 🔍 검색 키워드: ['점박이응애', '응애', '차응애', '뿌리응애', '겨울배추검정응애', '차먼지응애', '사과응애', '응애류', '마늘혹응애', '흑응애', '오이긴털가루응애', '버섯응애류', '간자와응애', '전나무잎응애', '귤응애', '토마토녹응애', '녹응애']
2026-03-11 16:41:28,744 [INFO] 📊 초기 검색: 154개
2026-03-11 16:41:28,752 [INFO] ⛔ 제외 성분: {'아사이노나피르'}
2026-03-11 16:41:28,752 [INFO] ⛔ 3회 제외: 154개 → 148개
2026-03-11 16:41:28,752 [INFO] ⭐ 우선약제: 1개, 일반: 147개 (등록일순)
2026-03-11 16:41:28,753 [INFO] 🔄 성분 중복 제거: 148개 → 23개
2026-03-11 16:41:28,753 [INFO] ✅ 최종 결과: 23개
2026-03-11 16:41:28,753 [INFO] 🔧 답변 조립 시작: 유형 14
2026-03-11 16:41:28,753 [INFO] 🤖 AI 호출: 응애류 설명
2026-03-11 16:41:30,687 [INFO] ✅ AI 응답: 141자
2026-03-11 16:41:30,690 [INFO] ✅ 답변 조립 및 텍스트 정제 완료
2026-03-13 14:13:27,127 [INFO] ✅ DB 초기화 로직 수행 완료
2026-03-13 14:13:27,952 [INFO] ✅ AI 연결 성공
2026-03-13 14:45:51,297 [INFO] ✅ DB 초기화 로직 수행 완료
2026-03-13 14:45:52,324 [INFO] ✅ AI 연결 성공
2026-03-13 15:06:00,387 [INFO] HTTP Request: POST https://api.solapi.com/messages/v4/send-many/detail "HTTP/1.1 200 OK"
2026-03-13 15:11:15,816 [INFO] ✨ 신규 추가
2026-03-13 15:13:24,932 [INFO] ✨ 신규 추가
2026-03-13 15:22:43,966 [INFO] 📞 1076767407 | 응애 약제 추천
2026-03-13 15:22:43,999 [INFO] 📦 컨텍스트 수집 시작: 유형 14
2026-03-13 15:22:43,999 [INFO] ✅ 농가정보 확인됨: 조하영
2026-03-13 15:22:44,706 [INFO] 📌 회원 정보에서 작물 가져옴: 방울토마토
2026-03-13 15:22:44,706 [INFO] ✅ 최종 결정된 작물명(시트명): 방울토마토
2026-03-13 15:22:44,706 [INFO] 🐛 병해충명: 응애류
2026-03-13 15:22:45,577 [INFO] 🔍 검색 키워드: ['점박이응애', '응애', '차응애', '뿌리응애', '겨울배추검정응애', '차먼지응애', '사과응애', '응애류', '마늘혹응애', '흑응애', '오이긴털가루응애', '버섯응애류', '간자와응애', '전나무잎응애', '귤응애', '토마토녹응애', '녹응애']
2026-03-13 15:22:45,605 [INFO] 📊 초기 검색: 11개
2026-03-13 15:22:45,608 [INFO] ⭐ 우선약제: 0개, 일반: 11개 (등록일순)
2026-03-13 15:22:45,609 [INFO] 🔄 성분 중복 제거: 11개 → 6개
2026-03-13 15:22:45,609 [INFO] ✅ 최종 결과: 6개
2026-03-13 15:22:45,610 [INFO] 🔧 답변 조립 시작: 유형 14
2026-03-13 15:22:45,610 [INFO] 🤖 AI 호출: 응애류 설명
2026-03-13 15:22:47,534 [INFO] ✅ AI 응답: 165자
2026-03-13 15:22:47,536 [INFO] ✅ 답변 조립 및 텍스트 정제 완료
2026-03-13 15:23:04,082 [INFO] 📞 1076767407 | 응애 약제 추천
2026-03-13 15:23:04,084 [INFO] 📦 컨텍스트 수집 시작: 유형 14
2026-03-13 15:23:04,085 [INFO] ✅ 농가정보 확인됨: 조하영
2026-03-13 15:23:04,485 [INFO] 📌 회원 정보에서 작물 가져옴: 방울토마토
2026-03-13 15:23:04,485 [INFO] ✅ 최종 결정된 작물명(시트명): 방울토마토
2026-03-13 15:23:04,485 [INFO] 🐛 병해충명: 응애류
2026-03-13 15:23:05,345 [INFO] 🔍 검색 키워드: ['점박이응애', '응애', '차응애', '뿌리응애', '겨울배추검정응애', '차먼지응애', '사과응애', '응애류', '마늘혹응애', '흑응애', '오이긴털가루응애', '버섯응애류', '간자와응애', '전나무잎응애', '귤응애', '토마토녹응애', '녹응애']
2026-03-13 15:23:05,367 [INFO] 📊 초기 검색: 11개
2026-03-13 15:23:05,367 [INFO] ⭐ 우선약제: 0개, 일반: 11개 (등록일순)
2026-03-13 15:23:05,368 [INFO] 🔄 성분 중복 제거: 11개 → 6개
2026-03-13 15:23:05,368 [INFO] ✅ 최종 결과: 6개
2026-03-13 15:23:05,368 [INFO] 🔧 답변 조립 시작: 유형 14
2026-03-13 15:23:05,368 [INFO] 🤖 AI 호출: 응애류 설명
2026-03-13 15:23:07,305 [INFO] ✅ AI 응답: 165자
2026-03-13 15:23:07,309 [INFO] ✅ 답변 조립 및 텍스트 정제 완료
2026-03-13 15:23:52,826 [INFO] 📞 1076767407 | 응애 증상
2026-03-13 15:23:52,827 [INFO] 📦 컨텍스트 수집 시작: 유형 7
2026-03-13 15:23:52,828 [INFO] ✅ 농가정보 확인됨: 조하영
2026-03-13 15:23:53,131 [INFO] 📌 회원 정보에서 작물 가져옴: 방울토마토
2026-03-13 15:23:53,131 [INFO] ✅ 최종 결정된 작물명(시트명): 방울토마토
2026-03-13 15:23:53,131 [INFO] 🐛 병해충명: 응애류
2026-03-13 15:23:53,132 [INFO] 🔧 답변 조립 시작: 유형 7
2026-03-13 15:23:53,132 [INFO] 🔍 call_ai_diagnosis 호출 - crop_name: 방울토마토
2026-03-13 15:23:53,132 [INFO] 🔍 AI 프롬프트 작물 정보: '작물: 방울토마토'
2026-03-13 15:23:53,132 [INFO] 🤖 AI 진단 호출
2026-03-13 15:23:57,790 [INFO] ✅ AI 진단: 492자
2026-03-13 15:23:57,793 [INFO] ✅ 답변 조립 및 텍스트 정제 완료
2026-03-13 15:26:03,068 [INFO] 📞 1076767407 | 응애증상
2026-03-13 15:26:03,071 [INFO] 📦 컨텍스트 수집 시작: 유형 7
2026-03-13 15:26:03,072 [INFO] ✅ 농가정보 확인됨: 조하영
2026-03-13 15:26:03,397 [INFO] 📌 회원 정보에서 작물 가져옴: 방울토마토
2026-03-13 15:26:03,397 [INFO] ✅ 최종 결정된 작물명(시트명): 방울토마토
2026-03-13 15:26:03,397 [INFO] 🐛 병해충명: 응애류
2026-03-13 15:26:03,398 [INFO] 🔧 답변 조립 시작: 유형 7
2026-03-13 15:26:03,398 [INFO] 🔍 call_ai_diagnosis 호출 - crop_name: 방울토마토
2026-03-13 15:26:03,398 [INFO] 🔍 AI 프롬프트 작물 정보: '작물: 방울토마토'
2026-03-13 15:26:03,398 [INFO] 🤖 AI 진단 호출
2026-03-13 15:26:08,352 [INFO] ✅ AI 진단: 476자
2026-03-13 15:26:08,356 [INFO] ✅ 답변 조립 및 텍스트 정제 완료
2026-03-13 15:28:32,152 [INFO] 📞 1076767407 | 응애 약제 추천
2026-03-13 15:28:32,154 [INFO] 📦 컨텍스트 수집 시작: 유형 14
2026-03-13 15:28:32,155 [INFO] ✅ 농가정보 확인됨: 조하영
2026-03-13 15:28:32,497 [INFO] 📌 회원 정보에서 작물 가져옴: 방울토마토
2026-03-13 15:28:32,497 [INFO] ✅ 최종 결정된 작물명(시트명): 방울토마토
2026-03-13 15:28:32,497 [INFO] 🐛 병해충명: 응애류
2026-03-13 15:28:33,299 [INFO] 🔍 검색 키워드: ['점박이응애', '응애', '차응애', '뿌리응애', '겨울배추검정응애', '차먼지응애', '사과응애', '응애류', '마늘혹응애', '흑응애', '오이긴털가루응애', '버섯응애류', '간자와응애', '전나무잎응애', '귤응애', '토마토녹응애', '녹응애']
2026-03-13 15:28:33,320 [INFO] 📊 초기 검색: 11개
2026-03-13 15:28:33,321 [INFO] ⭐ 우선약제: 0개, 일반: 11개 (등록일순)
2026-03-13 15:28:33,321 [INFO] 🔄 성분 중복 제거: 11개 → 6개
2026-03-13 15:28:33,321 [INFO] ✅ 최종 결과: 6개
2026-03-13 15:28:33,321 [INFO] 🔧 답변 조립 시작: 유형 14
2026-03-13 15:28:33,321 [INFO] 🤖 AI 호출: 응애류 설명
2026-03-13 15:28:34,895 [INFO] ✅ AI 응답: 134자
2026-03-13 15:28:34,897 [INFO] ✅ 답변 조립 및 텍스트 정제 완료
2026-03-13 15:32:17,123 [INFO] 📞 1076767407 | 하우스1000평에 응애약 희석비율
2026-03-13 15:32:17,124 [INFO] 📦 컨텍스트 수집 시작: 유형 3
2026-03-13 15:32:17,126 [INFO] ✅ 농가정보 확인됨: 조하영
2026-03-13 15:32:17,460 [INFO] 📌 회원 정보에서 작물 가져옴: 방울토마토
2026-03-13 15:32:17,460 [INFO] ✅ 최종 결정된 작물명(시트명): 방울토마토
2026-03-13 15:32:17,460 [INFO] 🐛 병해충명: 응애류
2026-03-13 15:32:17,461 [INFO] 🔧 답변 조립 시작: 유형 3
2026-03-13 15:32:17,461 [INFO] ✅ 답변 조립 및 텍스트 정제 완료
2026-03-13 15:32:38,836 [INFO] 📞 1076767407 | 마지막 방제시점 언제지?
2026-03-13 15:32:38,837 [INFO] 📦 컨텍스트 수집 시작: 유형 25
2026-03-13 15:32:38,838 [INFO] ✅ 농가정보 확인됨: 조하영
2026-03-13 15:32:39,133 [INFO] 📌 회원 정보에서 작물 가져옴: 방울토마토
2026-03-13 15:32:39,133 [INFO] ✅ 최종 결정된 작물명(시트명): 방울토마토
2026-03-13 15:32:39,139 [INFO] 🔧 답변 조립 시작: 유형 25
2026-03-13 15:32:39,140 [INFO] ✅ 답변 조립 및 텍스트 정제 완료
2026-04-09 10:11:50,405 [INFO] ✅ DB 초기화 로직 수행 완료
2026-04-09 10:11:51,877 [INFO] ✅ AI 연결 성공
2026-04-09 10:14:35,021 [INFO] ✅ DB 초기화 로직 수행 완료
2026-04-09 10:14:35,875 [INFO] ✅ AI 연결 성공
2026-04-09 10:19:35,758 [INFO] ✅ DB 초기화 로직 수행 완료
2026-04-09 10:19:36,661 [INFO] ✅ AI 연결 성공
2026-04-09 10:23:16,204 [INFO] HTTP Request: POST https://api.solapi.com/messages/v4/send-many/detail "HTTP/1.1 200 OK"
2026-04-09 10:24:24,584 [INFO] 📞 1076767407 | 딸기 응애 약제 추천
2026-04-09 10:24:24,614 [INFO] 📦 컨텍스트 수집 시작: 유형 14
2026-04-09 10:24:24,614 [INFO] ✅ 농가정보 확인됨: 조고동
2026-04-09 10:24:24,614 [INFO] 🔎 질문에서 작물 감지됨: 딸기
2026-04-09 10:24:24,614 [INFO] 🔄 작물명 정규화 완료: 딸기 -> 딸기
2026-04-09 10:24:24,615 [INFO] ✅ 최종 결정된 작물명(시트명): 딸기
2026-04-09 10:24:24,615 [INFO] 🐛 병해충명: 응애류
2026-04-09 10:24:25,581 [INFO] 🔍 검색 키워드: ['점박이응애', '응애', '차응애', '뿌리응애', '겨울배추검정응애', '차먼지응애', '사과응애', '응애류', '마늘혹응애', '흑응애', '오이긴털가루응애', '버섯응애류', '간자와응애', '전나무잎응애', '귤응애', '토마토녹응애', '녹응애']
2026-04-09 10:24:25,601 [INFO] 📊 초기 검색: 89개
2026-04-09 10:24:25,601 [INFO] ⭐ 우선약제: 2개, 일반: 87개 (등록일순)
2026-04-09 10:24:25,602 [INFO] 🔄 성분 중복 제거: 89개 → 19개
2026-04-09 10:24:25,602 [INFO] ✅ 최종 결과: 19개
2026-04-09 10:24:25,602 [INFO] 🔧 답변 조립 시작: 유형 14
2026-04-09 10:24:25,602 [INFO] 🤖 AI 호출: 응애류 설명
2026-04-09 10:24:27,535 [INFO] ✅ AI 응답: 177자
2026-04-09 10:24:27,538 [INFO] ✅ 답변 조립 및 텍스트 정제 완료
2026-04-09 10:25:30,151 [INFO] ✨ 신규 추가
2026-04-09 10:25:49,201 [INFO] 📞 1076767407 | 포도 흰가루병 증상은?
2026-04-09 10:25:49,203 [INFO] 📦 컨텍스트 수집 시작: 유형 13
2026-04-09 10:25:49,204 [INFO] ✅ 농가정보 확인됨: 조고동
2026-04-09 10:25:49,204 [INFO] 🔎 질문에서 작물 감지됨: 포도
2026-04-09 10:25:49,205 [INFO] 🔄 작물명 정규화 완료: 포도 -> 포도
2026-04-09 10:25:49,205 [INFO] ✅ 최종 결정된 작물명(시트명): 포도
2026-04-09 10:25:49,205 [INFO] 🐛 병해충명: 흰가루류
2026-04-09 10:25:49,206 [INFO] 🔧 답변 조립 시작: 유형 13
2026-04-09 10:25:49,207 [INFO] 🔍 call_ai_diagnosis 호출 - crop_name: 포도
2026-04-09 10:25:49,207 [INFO] 🔍 AI 프롬프트 작물 정보: '작물: 포도'
2026-04-09 10:25:49,207 [INFO] 🤖 AI 진단 호출
2026-04-09 10:25:56,897 [INFO] ✅ AI 진단: 837자
2026-04-09 10:25:56,901 [INFO] ✅ 답변 조립 및 텍스트 정제 완료
2026-04-09 10:40:57,110 [INFO] HTTP Request: POST https://api.solapi.com/messages/v4/send-many/detail "HTTP/1.1 200 OK"
2026-04-09 10:41:08,378 [INFO] HTTP Request: POST https://api.solapi.com/messages/v4/send-many/detail "HTTP/1.1 200 OK"
2026-04-09 10:56:34,587 [INFO] HTTP Request: POST https://api.solapi.com/messages/v4/send-many/detail "HTTP/1.1 200 OK"
2026-04-09 11:00:44,693 [INFO] HTTP Request: POST https://api.solapi.com/messages/v4/send-many/detail "HTTP/1.1 200 OK"
2026-04-09 12:40:17,240 [INFO] ✅ DB 초기화 로직 수행 완료
2026-04-09 12:40:18,327 [INFO] ✅ AI 연결 성공
2026-04-09 12:43:17,909 [INFO] 📞 1077777777 | 딸기 응애 농약 추천해줘
2026-04-09 12:43:17,939 [INFO] 📦 컨텍스트 수집 시작: 유형 14
2026-04-09 12:43:17,940 [INFO] ✅ 농가정보 확인됨: 조고동이
2026-04-09 12:43:17,940 [INFO] 🔎 질문에서 작물 감지됨: 딸기
2026-04-09 12:43:17,940 [INFO] 🔄 작물명 정규화 완료: 딸기 -> 딸기
2026-04-09 12:43:17,941 [INFO] ✅ 최종 결정된 작물명(시트명): 딸기
2026-04-09 12:43:17,941 [INFO] 🐛 병해충명: 응애류
2026-04-09 12:43:18,610 [INFO] 🔍 검색 키워드: ['점박이응애', '응애', '차응애', '뿌리응애', '겨울배추검정응애', '차먼지응애', '사과응애', '응애류', '마늘혹응애', '흑응애', '오이긴털가루응애', '버섯응애류', '간자와응애', '전나무잎응애', '귤응애', '토마토녹응애', '녹응애']
2026-04-09 12:43:18,630 [INFO] 📊 초기 검색: 89개
2026-04-09 12:43:18,630 [INFO] ⭐ 우선약제: 2개, 일반: 87개 (등록일순)
2026-04-09 12:43:18,631 [INFO] 🔄 성분 중복 제거: 89개 → 19개
2026-04-09 12:43:18,631 [INFO] ✅ 최종 결과: 19개
2026-04-09 12:43:18,631 [INFO] 🔧 답변 조립 시작: 유형 14
2026-04-09 12:43:18,631 [INFO] 🤖 AI 호출: 응애류 설명
2026-04-09 12:43:20,601 [INFO] ✅ AI 응답: 156자
2026-04-09 12:43:20,603 [INFO] ✅ 답변 조립 및 텍스트 정제 완료
2026-04-09 13:05:47,776 [INFO] ✨ 신규 추가
2026-04-09 13:06:02,347 [INFO] ✨ 신규 추가
2026-04-09 13:06:13,957 [INFO] ✨ 신규 추가
2026-04-09 13:06:43,491 [INFO] ✨ 신규 추가
2026-04-09 13:06:56,858 [INFO] 📞 1077777777 | 내가이번달에 방제 몇번했어?
2026-04-09 13:06:56,867 [INFO] 📦 컨텍스트 수집 시작: 유형 14
2026-04-09 13:06:56,868 [INFO] ✅ 농가정보 확인됨: 조고동이
2026-04-09 13:06:57,128 [INFO] 📌 회원 정보에서 작물 가져옴: 블루베리
2026-04-09 13:06:57,128 [INFO] ✅ 최종 결정된 작물명(시트명): 블루베리
2026-04-09 13:06:57,128 [INFO] 🔧 답변 조립 시작: 유형 14
2026-04-09 13:06:57,129 [INFO] ✅ 답변 조립 및 텍스트 정제 완료
2026-04-09 13:07:14,825 [INFO] 📞 1077777777 | 내가 지난주에 뿌린 농약 이름이뭐야?
2026-04-09 13:07:14,827 [INFO] 📦 컨텍스트 수집 시작: 유형 14
2026-04-09 13:07:14,828 [INFO] ✅ 농가정보 확인됨: 조고동이
2026-04-09 13:07:15,058 [INFO] 📌 회원 정보에서 작물 가져옴: 블루베리
2026-04-09 13:07:15,058 [INFO] ✅ 최종 결정된 작물명(시트명): 블루베리
2026-04-09 13:07:15,059 [INFO] 🔧 답변 조립 시작: 유형 14
2026-04-09 13:07:15,059 [INFO] ✅ 답변 조립 및 텍스트 정제 완료
2026-04-09 13:07:25,195 [INFO] 📞 1077777777 | 최근에 진딧물 방제 이력 있어?
2026-04-09 13:07:25,197 [INFO] 📦 컨텍스트 수집 시작: 유형 14
2026-04-09 13:07:25,199 [INFO] ✅ 농가정보 확인됨: 조고동이
2026-04-09 13:07:25,430 [INFO] 📌 회원 정보에서 작물 가져옴: 블루베리
2026-04-09 13:07:25,430 [INFO] ✅ 최종 결정된 작물명(시트명): 블루베리
2026-04-09 13:07:25,430 [INFO] 🐛 병해충명: 진딧물류
2026-04-09 13:07:26,000 [INFO] 🔍 검색 키워드: ['목화진딧물', '진딧물', '국화꼬마수염진딧물', '조팝나무진딧물', '찔레수염진딧물', '인도블록진딧물', '우엉수염진딧물', '복숭아혹진딧물', '무테진딧물', '연테두리진딧물', '잠두진딧물', '두릅쌍꼬리진딧물', '양배추가루진딧물', '호박과실파리', '싸리수염진딧물', '알락수염노린재', '지칭개수염진딧물', '꼬부랑진딧물', '씀바귀수염진딧물']
2026-04-09 13:07:26,022 [INFO] 📊 초기 검색: 42개
2026-04-09 13:07:26,027 [INFO] ⛔ 제외 성분: {'아바멕틴'}
2026-04-09 13:07:26,027 [INFO] ⛔ 3회 제외: 42개 → 42개
2026-04-09 13:07:26,027 [INFO] ⭐ 우선약제: 0개, 일반: 42개 (등록일순)
2026-04-09 13:07:26,027 [INFO] 🔄 성분 중복 제거: 42개 → 5개
2026-04-09 13:07:26,027 [INFO] ✅ 최종 결과: 5개
2026-04-09 13:07:26,027 [INFO] 🔧 답변 조립 시작: 유형 14
2026-04-09 13:07:26,027 [INFO] 🤖 AI 호출: 진딧물류 설명
2026-04-09 13:07:28,142 [INFO] ✅ AI 응답: 164자
2026-04-09 13:07:28,145 [INFO] ✅ 답변 조립 및 텍스트 정제 완료
2026-04-09 13:07:47,651 [INFO] 📞 1077777777 | 지금 우리 농장기온에서 방제해도 괜찮을까?
2026-04-09 13:07:47,653 [INFO] 📦 컨텍스트 수집 시작: 유형 14
2026-04-09 13:07:47,655 [INFO] ✅ 농가정보 확인됨: 조고동이
2026-04-09 13:07:47,879 [INFO] 📌 회원 정보에서 작물 가져옴: 블루베리
2026-04-09 13:07:47,880 [INFO] ✅ 최종 결정된 작물명(시트명): 블루베리
2026-04-09 13:07:47,881 [INFO] 🔧 답변 조립 시작: 유형 14
2026-04-09 13:07:47,881 [INFO] ✅ 답변 조립 및 텍스트 정제 완료
2026-04-09 13:36:35,255 [INFO] ✅ DB 초기화 로직 수행 완료
2026-04-09 13:36:36,125 [INFO] ✅ AI 연결 성공
2026-04-09 13:37:25,538 [INFO] 📞 1076767407 | 이번달 방제횟수
2026-04-09 13:37:25,575 [INFO] 📦 컨텍스트 수집 시작: 유형 25
2026-04-09 13:37:25,576 [INFO] ✅ 농가정보 확인됨: 조고동
2026-04-09 13:37:26,160 [INFO] 📌 회원 정보에서 작물 가져옴: 딸기
2026-04-09 13:37:26,161 [INFO] 🔄 작물명 정규화 완료: 딸기 -> 딸기
2026-04-09 13:37:26,161 [INFO] ✅ 최종 결정된 작물명(시트명): 딸기
2026-04-09 13:37:26,167 [INFO] 🔧 답변 조립 시작: 유형 25
2026-04-09 13:37:26,167 [INFO] ✅ 답변 조립 및 텍스트 정제 완료
2026-04-09 13:37:55,400 [INFO] 📞 1077777777 | 이번달 방제횟수
2026-04-09 13:37:55,402 [INFO] 📦 컨텍스트 수집 시작: 유형 25
2026-04-09 13:37:55,403 [INFO] ✅ 농가정보 확인됨: 조고동이
2026-04-09 13:37:55,780 [INFO] 📌 회원 정보에서 작물 가져옴: 블루베리
2026-04-09 13:37:55,780 [INFO] ✅ 최종 결정된 작물명(시트명): 블루베리
2026-04-09 13:37:55,781 [INFO] 🔧 답변 조립 시작: 유형 25
2026-04-09 13:37:55,781 [ERROR] ❌ 오류: name 'q_lower' is not defined
2026-04-09 14:29:56,313 [INFO] ✅ DB 초기화 로직 수행 완료
2026-04-09 14:29:57,432 [INFO] ✅ AI 연결 성공
2026-04-29 13:12:27,492 [INFO] ✅ DB 초기화 로직 수행 완료
2026-04-29 13:12:27,796 [WARNING] ⚠️ AI 연결 실패: 404
2026-06-17 12:32:17,855 [INFO] ✅ DB 초기화 로직 수행 완료
2026-06-17 12:32:24,424 [INFO] ✅ AI 연결 성공
2026-06-19 08:51:51,641 [INFO] ✅ DB 초기화 로직 수행 완료
2026-06-19 08:51:52,473 [INFO] ✅ AI 연결 성공
2026-06-19 09:33:51,741 [INFO] 📞 1076767407 | 딸기 응애 감염 증상
2026-06-19 09:33:51,774 [ERROR] ❌ 오류: name '_extract_symptom_logic' is not defined
2026-06-19 09:34:12,127 [INFO] 📞 1076767407 | 딸기 응애 농약 추천
2026-06-19 09:34:12,128 [ERROR] ❌ 오류: name '_extract_symptom_logic' is not defined
2026-06-19 09:35:21,367 [INFO] 📞 1076767407 | 응애 농약
2026-06-19 09:35:21,368 [ERROR] ❌ 오류: name '_extract_symptom_logic' is not defined
2026-06-19 09:39:07,438 [INFO] ✅ DB 초기화 로직 수행 완료
2026-06-19 09:39:08,379 [INFO] ✅ AI 연결 성공
2026-06-19 09:39:34,865 [INFO] 📞 1076767407 | 딸기 응애 농약추천
2026-06-19 09:39:34,904 [INFO] 📦 컨텍스트 수집 시작: 유형 14
2026-06-19 09:39:34,905 [INFO] ✅ 농가정보 확인됨: 조고동
2026-06-19 09:39:34,905 [INFO] 🔎 질문에서 작물 감지됨: 딸기
2026-06-19 09:39:34,905 [INFO] 🔄 작물명 정규화 완료: 딸기 -> 딸기
2026-06-19 09:39:34,905 [INFO] ✅ 최종 결정된 작물명(시트명): 딸기
2026-06-19 09:39:34,906 [INFO] 🐛 병해충명: 응애류
2026-06-19 09:39:36,687 [INFO] 🔍 검색 키워드: ['점박이응애', '응애', '차응애', '뿌리응애', '겨울배추검정응애', '차먼지응애', '사과응애', '응애류', '마늘혹응애', '흑응애', '오이긴털가루응애', '버섯응애류', '간자와응애', '전나무잎응애', '귤응애', '토마토녹응애', '녹응애']
2026-06-19 09:39:36,720 [INFO] 📊 초기 검색: 89개
2026-06-19 09:39:36,720 [INFO] ⭐ 우선약제: 2개, 일반: 87개 (등록일순)
2026-06-19 09:39:36,722 [INFO] 🔄 성분 중복 제거: 89개 → 19개
2026-06-19 09:39:36,722 [INFO] ✅ 최종 결과: 19개
2026-06-19 09:39:36,722 [INFO] 🔧 답변 조립 시작: 유형 14
2026-06-19 09:39:36,722 [INFO] 🤖 AI 호출: 응애류 설명
2026-06-19 09:39:38,467 [INFO] ✅ AI 응답: 148자
2026-06-19 09:39:38,469 [INFO] ✅ 답변 조립 및 텍스트 정제 완료
2026-06-19 10:01:08,297 [INFO] 📞 1076767407 | 딸기 잎에 점처럼 반점이 생겼어요
2026-06-19 10:01:08,307 [INFO] 📦 컨텍스트 수집 시작: 유형 10
2026-06-19 10:01:08,309 [INFO] ✅ 농가정보 확인됨: 조고동
2026-06-19 10:01:08,309 [INFO] 🔎 질문에서 작물 감지됨: 딸기
2026-06-19 10:01:08,309 [INFO] 🔄 작물명 정규화 완료: 딸기 -> 딸기
2026-06-19 10:01:08,309 [INFO] ✅ 최종 결정된 작물명(시트명): 딸기
2026-06-19 10:01:08,310 [INFO] 🔧 답변 조립 시작: 유형 10
2026-06-19 10:01:08,311 [INFO] 🔍 call_ai_diagnosis 호출 - crop_name: 딸기
2026-06-19 10:01:08,311 [INFO] 🔍 AI 프롬프트 작물 정보: '작물: 딸기'
2026-06-19 10:01:08,311 [INFO] 🤖 AI 진단 호출
2026-06-19 10:01:12,741 [INFO] ✅ AI 진단: 453자
2026-06-19 10:01:12,744 [INFO] ✅ 답변 조립 및 텍스트 정제 완료
2026-06-19 10:04:19,606 [INFO] 📞 1076767407 | 딸기가 윤기가 없고 잎이 말려요
2026-06-19 10:04:19,610 [INFO] 📦 컨텍스트 수집 시작: 유형 31
2026-06-19 10:04:19,612 [INFO] ✅ 농가정보 확인됨: 조고동
2026-06-19 10:04:19,613 [INFO] 🔎 질문에서 작물 감지됨: 딸기
2026-06-19 10:04:19,613 [INFO] 🔄 작물명 정규화 완료: 딸기 -> 딸기
2026-06-19 10:04:19,613 [INFO] ✅ 최종 결정된 작물명(시트명): 딸기
2026-06-19 10:04:19,615 [INFO] 🔧 답변 조립 시작: 유형 31
2026-06-19 10:04:19,616 [INFO] ✅ 답변 조립 및 텍스트 정제 완료
2026-06-19 10:04:32,083 [INFO] 📞 1076767407 | 딸기 끝부분이 검게 썩고 있어요
2026-06-19 10:04:32,084 [INFO] 📦 컨텍스트 수집 시작: 유형 7
2026-06-19 10:04:32,087 [INFO] ✅ 농가정보 확인됨: 조고동
2026-06-19 10:04:32,088 [INFO] 🔎 질문에서 작물 감지됨: 딸기
2026-06-19 10:04:32,088 [INFO] 🔄 작물명 정규화 완료: 딸기 -> 딸기
2026-06-19 10:04:32,088 [INFO] ✅ 최종 결정된 작물명(시트명): 딸기
2026-06-19 10:04:32,090 [INFO] 🔧 답변 조립 시작: 유형 7
2026-06-19 10:04:32,090 [INFO] 🔍 call_ai_diagnosis 호출 - crop_name: 딸기
2026-06-19 10:04:32,090 [INFO] 🔍 AI 프롬프트 작물 정보: '작물: 딸기'
2026-06-19 10:04:32,090 [INFO] 🤖 AI 진단 호출
2026-06-19 10:04:36,797 [INFO] ✅ AI 진단: 479자
2026-06-19 10:04:36,810 [INFO] ✅ 답변 조립 및 텍스트 정제 완료
2026-06-19 10:05:04,665 [INFO] 📞 1076767407 | 딸기 잎에 하얀 가루가 덮여있어요
2026-06-19 10:05:04,667 [INFO] 📦 컨텍스트 수집 시작: 유형 13
2026-06-19 10:05:04,670 [INFO] ✅ 농가정보 확인됨: 조고동
2026-06-19 10:05:04,670 [INFO] 🔎 질문에서 작물 감지됨: 딸기
2026-06-19 10:05:04,670 [INFO] 🔄 작물명 정규화 완료: 딸기 -> 딸기
2026-06-19 10:05:04,670 [INFO] ✅ 최종 결정된 작물명(시트명): 딸기
2026-06-19 10:05:04,672 [INFO] 🔧 답변 조립 시작: 유형 13
2026-06-19 10:05:04,672 [INFO] 🔍 call_ai_diagnosis 호출 - crop_name: 딸기
2026-06-19 10:05:04,672 [INFO] 🔍 AI 프롬프트 작물 정보: '작물: 딸기'
2026-06-19 10:05:04,672 [INFO] 🤖 AI 진단 호출
2026-06-19 10:05:09,362 [INFO] ✅ AI 진단: 464자
2026-06-19 10:05:09,364 [INFO] ✅ 답변 조립 및 텍스트 정제 완료
2026-06-19 10:05:19,714 [INFO] 📞 1076767407 | 포도 잎에 갈색 무늬가 생겼어요
2026-06-19 10:05:19,717 [INFO] 📦 컨텍스트 수집 시작: 유형 8
2026-06-19 10:05:19,719 [INFO] ✅ 농가정보 확인됨: 조고동
2026-06-19 10:05:19,720 [INFO] 🔎 질문에서 작물 감지됨: 포도
2026-06-19 10:05:19,720 [INFO] 🔄 작물명 정규화 완료: 포도 -> 포도
2026-06-19 10:05:19,720 [INFO] ✅ 최종 결정된 작물명(시트명): 포도
2026-06-19 10:05:19,722 [INFO] 🔧 답변 조립 시작: 유형 8
2026-06-19 10:05:19,722 [INFO] 🔍 call_ai_diagnosis 호출 - crop_name: 포도
2026-06-19 10:05:19,722 [INFO] 🔍 AI 프롬프트 작물 정보: '작물: 포도'
2026-06-19 10:05:19,722 [INFO] 🤖 AI 진단 호출
2026-06-19 10:05:24,212 [INFO] ✅ AI 진단: 462자
2026-06-19 10:05:24,215 [INFO] ✅ 답변 조립 및 텍스트 정제 완료
2026-06-19 10:05:32,898 [INFO] 📞 1076767407 | 포도송이가 회색 곰팡이가 폈어요
2026-06-19 10:05:32,900 [INFO] 📦 컨텍스트 수집 시작: 유형 13
2026-06-19 10:05:32,903 [INFO] ✅ 농가정보 확인됨: 조고동
2026-06-19 10:05:32,903 [INFO] 🔎 질문에서 작물 감지됨: 포도
2026-06-19 10:05:32,903 [INFO] 🔄 작물명 정규화 완료: 포도 -> 포도
2026-06-19 10:05:32,904 [INFO] ✅ 최종 결정된 작물명(시트명): 포도
2026-06-19 10:05:32,905 [INFO] 🔧 답변 조립 시작: 유형 13
2026-06-19 10:05:32,905 [INFO] 🔍 call_ai_diagnosis 호출 - crop_name: 포도
2026-06-19 10:05:32,906 [INFO] 🔍 AI 프롬프트 작물 정보: '작물: 포도'
2026-06-19 10:05:32,906 [INFO] 🤖 AI 진단 호출
2026-06-19 10:05:38,306 [INFO] ✅ AI 진단: 533자
2026-06-19 10:05:38,307 [INFO] ✅ 답변 조립 및 텍스트 정제 완료
2026-06-19 10:05:48,682 [INFO] 📞 1076767407 | 포도 줄기가 마르면서 떨어져요
2026-06-19 10:05:48,684 [INFO] 📦 컨텍스트 수집 시작: 유형 31
2026-06-19 10:05:48,686 [INFO] ✅ 농가정보 확인됨: 조고동
2026-06-19 10:05:48,686 [INFO] 🔎 질문에서 작물 감지됨: 포도
2026-06-19 10:05:48,686 [INFO] 🔄 작물명 정규화 완료: 포도 -> 포도
2026-06-19 10:05:48,686 [INFO] ✅ 최종 결정된 작물명(시트명): 포도
2026-06-19 10:05:48,688 [INFO] 🔧 답변 조립 시작: 유형 31
2026-06-19 10:05:48,688 [INFO] ✅ 답변 조립 및 텍스트 정제 완료
2026-06-19 10:06:15,747 [INFO] 📞 1076767407 | 고추가 윤기 없고 작아요
2026-06-19 10:06:15,750 [INFO] 📦 컨텍스트 수집 시작: 유형 31
2026-06-19 10:06:15,751 [INFO] ✅ 농가정보 확인됨: 조고동
2026-06-19 10:06:16,141 [INFO] 🔎 질문에서 작물 감지됨: 고추
2026-06-19 10:06:16,141 [INFO] ✅ 최종 결정된 작물명(시트명): 고추
2026-06-19 10:06:16,142 [INFO] 🔧 답변 조립 시작: 유형 31
2026-06-19 10:06:16,142 [INFO] ✅ 답변 조립 및 텍스트 정제 완료
2026-06-19 10:06:28,684 [INFO] 📞 1076767407 | 딸기에 응애가 생겼어요
2026-06-19 10:06:28,686 [INFO] 📦 컨텍스트 수집 시작: 유형 7
2026-06-19 10:06:28,687 [INFO] ✅ 농가정보 확인됨: 조고동
2026-06-19 10:06:28,688 [INFO] 🔎 질문에서 작물 감지됨: 딸기
2026-06-19 10:06:28,688 [INFO] 🔄 작물명 정규화 완료: 딸기 -> 딸기
2026-06-19 10:06:28,688 [INFO] ✅ 최종 결정된 작물명(시트명): 딸기
2026-06-19 10:06:28,688 [INFO] 🐛 병해충명: 응애류
2026-06-19 10:06:28,689 [INFO] 🔧 답변 조립 시작: 유형 7
2026-06-19 10:06:28,689 [INFO] 🔍 call_ai_diagnosis 호출 - crop_name: 딸기
2026-06-19 10:06:28,690 [INFO] 🔍 AI 프롬프트 작물 정보: '작물: 딸기'
2026-06-19 10:06:28,690 [INFO] 🤖 AI 진단 호출
2026-06-19 10:06:33,637 [INFO] ✅ AI 진단: 490자
2026-06-19 10:06:33,640 [INFO] ✅ 답변 조립 및 텍스트 정제 완료
2026-06-19 10:06:45,900 [INFO] 📞 1076767407 | 포도에 진딧물이 많아요
2026-06-19 10:06:45,901 [INFO] 📦 컨텍스트 수집 시작: 유형 14
2026-06-19 10:06:45,903 [INFO] ✅ 농가정보 확인됨: 조고동
2026-06-19 10:06:45,903 [INFO] 🔎 질문에서 작물 감지됨: 포도
2026-06-19 10:06:45,904 [INFO] 🔄 작물명 정규화 완료: 포도 -> 포도
2026-06-19 10:06:45,904 [INFO] ✅ 최종 결정된 작물명(시트명): 포도
2026-06-19 10:06:45,904 [INFO] 🐛 병해충명: 진딧물류
2026-06-19 10:06:46,799 [INFO] 🔍 검색 키워드: ['목화진딧물', '진딧물', '국화꼬마수염진딧물', '조팝나무진딧물', '찔레수염진딧물', '인도블록진딧물', '우엉수염진딧물', '복숭아혹진딧물', '무테진딧물', '연테두리진딧물', '잠두진딧물', '두릅쌍꼬리진딧물', '양배추가루진딧물', '호박과실파리', '싸리수염진딧물', '알락수염노린재', '지칭개수염진딧물', '꼬부랑진딧물', '씀바귀수염진딧물']
2026-06-19 10:06:46,837 [INFO] 📊 초기 검색: 4개
2026-06-19 10:06:46,837 [INFO] ⭐ 우선약제: 0개, 일반: 4개 (등록일순)
2026-06-19 10:06:46,837 [INFO] 🔄 성분 중복 제거: 4개 → 4개
2026-06-19 10:06:46,837 [INFO] ✅ 최종 결과: 4개
2026-06-19 10:06:46,838 [INFO] 🔧 답변 조립 시작: 유형 14
2026-06-19 10:06:46,838 [INFO] 🤖 AI 호출: 진딧물류 설명
2026-06-19 10:06:48,562 [INFO] ✅ AI 응답: 151자
2026-06-19 10:06:48,565 [INFO] ✅ 답변 조립 및 텍스트 정제 완료
2026-06-19 10:07:04,616 [INFO] 📞 1076767407 | 딸기에 잿빛곰팡이 나왔어요
2026-06-19 10:07:04,617 [INFO] 📦 컨텍스트 수집 시작: 유형 13
2026-06-19 10:07:04,619 [INFO] ✅ 농가정보 확인됨: 조고동
2026-06-19 10:07:04,619 [INFO] 🔎 질문에서 작물 감지됨: 딸기
2026-06-19 10:07:04,619 [INFO] 🔄 작물명 정규화 완료: 딸기 -> 딸기
2026-06-19 10:07:04,619 [INFO] ✅ 최종 결정된 작물명(시트명): 딸기
2026-06-19 10:07:04,620 [INFO] 🐛 병해충명: 곰팡이류
2026-06-19 10:07:04,621 [INFO] 🔧 답변 조립 시작: 유형 13
2026-06-19 10:07:04,621 [INFO] 🔍 call_ai_diagnosis 호출 - crop_name: 딸기
2026-06-19 10:07:04,621 [INFO] 🔍 AI 프롬프트 작물 정보: '작물: 딸기'
2026-06-19 10:07:04,621 [INFO] 🤖 AI 진단 호출
2026-06-19 10:07:09,990 [INFO] ✅ AI 진단: 592자
2026-06-19 10:07:09,993 [INFO] ✅ 답변 조립 및 텍스트 정제 완료
2026-06-19 10:07:20,215 [INFO] 📞 1076767407 | 포도 개화기에 살포할 수 있는 약이 있나요?
2026-06-19 10:07:20,217 [ERROR] ❌ 오류: local variable 'has_symptom' referenced before assignment
2026-06-19 10:10:13,671 [INFO] 📞 1076767407 | 고추 총채벌레 농약 3개추천
2026-06-19 10:10:13,675 [INFO] 📦 컨텍스트 수집 시작: 유형 14
2026-06-19 10:10:13,676 [INFO] ✅ 농가정보 확인됨: 조고동
2026-06-19 10:10:13,989 [INFO] 🔎 질문에서 작물 감지됨: 고추
2026-06-19 10:10:13,989 [INFO] ✅ 최종 결정된 작물명(시트명): 고추
2026-06-19 10:10:13,989 [INFO] 🐛 병해충명: 총채벌레류
2026-06-19 10:10:15,602 [INFO] 🔍 검색 키워드: ['꽃노랑총채벌레', '총채벌레', '대만총채벌레', '블록총채벌래', '총체벌레류', '오이총채벌레', '난총채벌레', '파총채벌레', '좀머리총채벌레', '미나리총채벌레', '무궁화어리총채벌레', '뽕나무총채벌레', '감관총채벌레', '총채']
2026-06-19 10:10:15,725 [INFO] 📊 초기 검색: 247개
2026-06-19 10:10:15,725 [INFO] ⭐ 우선약제: 0개, 일반: 247개 (등록일순)
2026-06-19 10:10:15,726 [INFO] 🔄 성분 중복 제거: 247개 → 24개
2026-06-19 10:10:15,726 [INFO] ✅ 최종 결과: 24개
2026-06-19 10:10:15,726 [INFO] 🔧 답변 조립 시작: 유형 14
2026-06-19 10:10:15,726 [INFO] 🤖 AI 호출: 총채벌레류 설명
2026-06-19 10:10:17,734 [INFO] ✅ AI 응답: 176자
2026-06-19 10:10:17,736 [INFO] ✅ 답변 조립 및 텍스트 정제 완료
2026-06-19 15:30:16,458 [ERROR] ❌ 기상청 API 통신 에러: HTTPSConnectionPool(host='apis.data.go.kr', port=443): Read timed out. (read timeout=5)
2026-06-19 15:30:31,126 [ERROR] ❌ 기상청 API 통신 에러: HTTPSConnectionPool(host='apis.data.go.kr', port=443): Read timed out. (read timeout=5)
2026-06-19 15:38:18,483 [INFO] 📞 1076767407 | 딸기 응애 농약 추천
2026-06-19 15:38:18,491 [INFO] 📦 컨텍스트 수집 시작: 유형 14
2026-06-19 15:38:18,492 [INFO] ✅ 농가정보 확인됨: 조고동
2026-06-19 15:38:18,492 [INFO] 🔎 질문에서 작물 감지됨: 딸기
2026-06-19 15:38:18,492 [INFO] 🔄 작물명 정규화 완료: 딸기 -> 딸기
2026-06-19 15:38:18,492 [INFO] ✅ 최종 결정된 작물명(시트명): 딸기
2026-06-19 15:38:18,493 [INFO] 🐛 병해충명: 응애류
2026-06-19 15:38:19,687 [INFO] 🔍 검색 키워드: ['점박이응애', '응애', '차응애', '뿌리응애', '겨울배추검정응애', '차먼지응애', '사과응애', '응애류', '마늘혹응애', '흑응애', '오이긴털가루응애', '버섯응애류', '간자와응애', '전나무잎응애', '귤응애', '토마토녹응애', '녹응애']
2026-06-19 15:38:19,731 [INFO] 📊 초기 검색: 89개
2026-06-19 15:38:19,731 [INFO] ⭐ 우선약제: 2개, 일반: 87개 (등록일순)
2026-06-19 15:38:19,732 [INFO] 🔄 성분 중복 제거: 89개 → 19개
2026-06-19 15:38:19,732 [INFO] ✅ 최종 결과: 19개
2026-06-19 15:38:19,732 [INFO] 🔧 답변 조립 시작: 유형 14
2026-06-19 15:38:19,732 [INFO] 🤖 AI 호출: 응애류 설명
2026-06-19 15:38:27,335 [INFO] ✅ AI 응답: 158자
2026-06-19 15:38:27,339 [INFO] ✅ 답변 조립 및 텍스트 정제 완료
2026-06-24 11:35:34,145 [INFO] ✅ DB 초기화 로직 수행 완료
2026-06-24 11:35:34,952 [INFO] ✅ AI 연결 성공
2026-06-24 11:46:37,261 [INFO] ✨ 신규 추가
2026-06-24 11:53:53,735 [INFO] 📞 1076767407 | 알솎기
2026-06-24 11:53:53,774 [INFO] 📦 컨텍스트 수집 시작: 유형 31
2026-06-24 11:53:53,775 [INFO] ✅ 농가정보 확인됨: 조하영
2026-06-24 11:53:54,512 [INFO] 📌 회원 정보에서 작물 가져옴: 딸기
2026-06-24 11:53:54,512 [INFO] 🔄 작물명 정규화 완료: 딸기 -> 딸기
2026-06-24 11:53:54,512 [INFO] ✅ 최종 결정된 작물명(시트명): 딸기
2026-06-24 11:53:54,514 [INFO] 🔧 답변 조립 시작: 유형 31
2026-06-24 11:53:54,514 [INFO] ✅ 답변 조립 및 텍스트 정제 완료
2026-06-24 11:54:10,679 [INFO] 📞 1076767407 | 딸기 잎이 시들해
2026-06-24 11:54:10,680 [INFO] 📦 컨텍스트 수집 시작: 유형 9
2026-06-24 11:54:10,682 [INFO] ✅ 농가정보 확인됨: 조하영
2026-06-24 11:54:10,683 [INFO] 🔎 질문에서 작물 감지됨: 딸기
2026-06-24 11:54:10,683 [INFO] 🔄 작물명 정규화 완료: 딸기 -> 딸기
2026-06-24 11:54:10,683 [INFO] ✅ 최종 결정된 작물명(시트명): 딸기
2026-06-24 11:54:10,685 [INFO] 🔧 답변 조립 시작: 유형 9
2026-06-24 11:54:10,685 [INFO] 🔍 call_ai_diagnosis 호출 - crop_name: 딸기
2026-06-24 11:54:10,685 [INFO] 🔍 AI 프롬프트 작물 정보: '작물: 딸기'
2026-06-24 11:54:10,685 [INFO] 🤖 AI 진단 호출
2026-06-24 11:54:14,821 [INFO] ✅ AI 진단: 445자
2026-06-24 11:54:14,824 [INFO] ✅ 답변 조립 및 텍스트 정제 완료
2026-06-24 11:55:19,930 [INFO] 📞 1076767407 | 블루베리 진딧물 방제에 효과적인 친환경 약제 알려주세요
2026-06-24 11:55:19,934 [INFO] 📦 컨텍스트 수집 시작: 유형 14
2026-06-24 11:55:19,936 [INFO] ✅ 농가정보 확인됨: 조하영
2026-06-24 11:55:20,397 [INFO] 🔎 질문에서 작물 감지됨: 블루베리
2026-06-24 11:55:20,398 [INFO] ✅ 최종 결정된 작물명(시트명): 블루베리
2026-06-24 11:55:20,398 [INFO] 🐛 병해충명: 진딧물류
2026-06-24 11:55:21,281 [INFO] 🔍 검색 키워드: ['목화진딧물', '진딧물', '국화꼬마수염진딧물', '조팝나무진딧물', '찔레수염진딧물', '인도블록진딧물', '우엉수염진딧물', '복숭아혹진딧물', '무테진딧물', '연테두리진딧물', '잠두진딧물', '두릅쌍꼬리진딧물', '양배추가루진딧물', '호박과실파리', '싸리수염진딧물', '알락수염노린재', '지칭개수염진딧물', '꼬부랑진딧물', '씀바귀수염진딧물']
2026-06-24 11:55:21,323 [INFO] 📊 초기 검색: 42개
2026-06-24 11:55:21,326 [INFO] ⭐ 우선약제: 0개, 일반: 42개 (등록일순)
2026-06-24 11:55:21,328 [INFO] 🔄 성분 중복 제거: 42개 → 5개
2026-06-24 11:55:21,328 [INFO] ✅ 최종 결과: 5개
2026-06-24 11:55:21,328 [INFO] 🔧 답변 조립 시작: 유형 14
2026-06-24 11:55:21,328 [INFO] 🤖 AI 호출: 진딧물류 설명
2026-06-24 11:55:23,359 [INFO] ✅ AI 응답: 155자
2026-06-24 11:55:23,361 [INFO] ✅ 답변 조립 및 텍스트 정제 완료
2026-06-24 11:56:15,828 [INFO] 📞 1076767407 | 감귤하우스 달팽이 방제 전문 약제 추천
2026-06-24 11:56:15,832 [INFO] 📦 컨텍스트 수집 시작: 유형 14
2026-06-24 11:56:15,834 [INFO] ✅ 농가정보 확인됨: 조하영
2026-06-24 11:56:16,202 [INFO] 📌 회원 정보에서 작물 가져옴: 포도
2026-06-24 11:56:16,202 [INFO] 🔄 작물명 정규화 완료: 포도 -> 포도
2026-06-24 11:56:16,202 [INFO] ✅ 최종 결정된 작물명(시트명): 포도
2026-06-24 11:56:16,202 [INFO] 🐛 병해충명: 달팽이류
2026-06-24 11:56:17,310 [INFO] 🔍 검색 키워드: ['두줄민달팽이', '달팽이', '작은뾰족민달팽이', '명주달팽이']
2026-06-24 11:56:17,349 [INFO] 📊 초기 검색: 0개
2026-06-24 11:56:17,350 [INFO] 🔧 답변 조립 시작: 유형 14
2026-06-24 11:56:17,350 [INFO] ✅ 답변 조립 및 텍스트 정제 완료
2026-06-24 11:56:37,950 [INFO] 📞 1076767407 | 고추 탄저병 발생 시 즉시 조치 방법
2026-06-24 11:56:37,952 [INFO] 📦 컨텍스트 수집 시작: 유형 7
2026-06-24 11:56:37,954 [INFO] ✅ 농가정보 확인됨: 조하영
2026-06-24 11:56:38,321 [INFO] 📌 회원 정보에서 작물 가져옴: 포도
2026-06-24 11:56:38,321 [INFO] 🔄 작물명 정규화 완료: 포도 -> 포도
2026-06-24 11:56:38,321 [INFO] ✅ 최종 결정된 작물명(시트명): 포도
2026-06-24 11:56:38,321 [INFO] 🐛 병해충명: 고추탄저병
2026-06-24 11:56:38,322 [INFO] 🔧 답변 조립 시작: 유형 7
2026-06-24 11:56:38,322 [INFO] 🔍 call_ai_diagnosis 호출 - crop_name: 포도
2026-06-24 11:56:38,322 [INFO] 🔍 AI 프롬프트 작물 정보: '작물: 포도'
2026-06-24 11:56:38,322 [INFO] 🤖 AI 진단 호출
2026-06-24 11:56:44,048 [INFO] ✅ AI 진단: 590자
2026-06-24 11:56:44,051 [INFO] ✅ 답변 조립 및 텍스트 정제 완료
2026-06-24 12:52:21,736 [INFO] ✅ DB 초기화 로직 수행 완료
2026-06-24 12:52:22,676 [INFO] ✅ AI 연결 성공
2026-06-24 12:53:36,827 [INFO] 📞[RAG] 1076767407 | 포도 응애 증상
2026-06-24 12:53:39,622 [INFO] 🔍 검색 키워드: ['점박이응애', '응애', '차응애', '뿌리응애', '겨울배추검정응애', '차먼지응애', '사과응애', '응애류', '마늘혹응애', '흑응애', '오이긴털가루응애', '버섯응애류', '간자와응애', '전나무잎응애', '귤응애', '토마토녹응애', '녹응애']
2026-06-24 12:53:39,855 [INFO] 📊 초기 검색: 33개
2026-06-24 12:53:39,870 [INFO] ⛔ 제외 성분: {'아사이노나피르'}
2026-06-24 12:53:39,871 [INFO] ⛔ 3회 제외: 33개 → 28개
2026-06-24 12:53:39,871 [INFO] ⭐ 우선약제: 1개, 일반: 27개 (등록일순)
2026-06-24 12:53:39,871 [INFO] 🔄 성분 중복 제거: 28개 → 15개
2026-06-24 12:53:39,871 [INFO] ✅ 최종 결과: 15개
2026-06-24 12:53:39,872 [INFO] 🤖 AI 추론 호출: 515자 프롬프트
2026-06-24 12:53:43,571 [INFO] ✅ AI 추론: 358자
2026-06-24 12:54:59,286 [INFO] [RAG] 제품명 마스터셋 2849개 로드
2026-06-24 12:54:59,316 [INFO] [RAG] 🛡️ 화이트리스트 차단(미등록 약제 제거): ['다이마이트']
2026-06-24 12:54:59,316 [INFO] [RAG] 의도=recommend | 작물=포도(question) | 병해충=응애류 | 등록약제=15개 | 차단=['다이마이트']
2026-06-24 12:56:46,485 [INFO] 📞[RAG] 1076767407 | 딸기 응애 농약 추천
2026-06-24 12:56:48,565 [INFO] 🔍 검색 키워드: ['점박이응애', '응애', '차응애', '뿌리응애', '겨울배추검정응애', '차먼지응애', '사과응애', '응애류', '마늘혹응애', '흑응애', '오이긴털가루응애', '버섯응애류', '간자와응애', '전나무잎응애', '귤응애', '토마토녹응애', '녹응애']
2026-06-24 12:56:48,625 [INFO] 📊 초기 검색: 89개
2026-06-24 12:56:48,631 [INFO] ⛔ 제외 성분: {'아사이노나피르'}
2026-06-24 12:56:48,631 [INFO] ⛔ 3회 제외: 89개 → 84개
2026-06-24 12:56:48,632 [INFO] ⭐ 우선약제: 1개, 일반: 83개 (등록일순)
2026-06-24 12:56:48,632 [INFO] 🔄 성분 중복 제거: 84개 → 18개
2026-06-24 12:56:48,633 [INFO] ✅ 최종 결과: 18개
2026-06-24 12:56:48,633 [INFO] 🤖 AI 추론 호출: 517자 프롬프트
2026-06-24 12:56:52,179 [INFO] ✅ AI 추론: 377자
2026-06-24 12:56:52,184 [INFO] [RAG] 🛡️ 화이트리스트 차단(미등록 약제 제거): ['다이마이트']
2026-06-24 12:56:52,184 [INFO] [RAG] 의도=recommend | 작물=딸기(question) | 병해충=응애류 | 등록약제=18개 | 차단=['다이마이트']
2026-06-24 12:58:02,852 [INFO] 📞[RAG] 1076767407 | 고추 탄저병 발생시 즉시 조치해야하는 것은?
2026-06-24 12:58:04,732 [INFO] 🔍 검색 키워드: ['고추탄저병', '고추탄저']
2026-06-24 12:58:04,864 [INFO] 📊 초기 검색: 0개
2026-06-24 12:58:04,864 [INFO] 🤖 AI 추론 호출: 413자 프롬프트
2026-06-24 12:58:07,647 [INFO] ✅ AI 추론: 284자
2026-06-24 12:58:07,652 [INFO] [RAG] 🛡️ 화이트리스트 차단(미등록 약제 제거): ['다이마이트', '고추탄']
2026-06-24 12:58:07,652 [INFO] [RAG] 의도=recommend | 작물=고추(question) | 병해충=고추탄저병 | 등록약제=0개 | 차단=['다이마이트', '고추탄']
2026-06-24 12:58:45,480 [INFO] 📞[RAG] 1076767407 | 딸기 잎이 시들시들해
2026-06-24 12:58:45,485 [INFO] 🤖 AI 추론 호출: 356자 프롬프트
2026-06-24 12:58:49,085 [INFO] ✅ AI 추론: 381자
2026-06-24 12:58:49,090 [INFO] [RAG] 🛡️ 화이트리스트 차단(미등록 약제 제거): ['다이마이트']
2026-06-24 12:58:49,090 [INFO] [RAG] 의도=diagnose | 작물=딸기(question) | 병해충=None | 등록약제=0개 | 차단=['다이마이트']
2026-06-24 12:59:17,360 [INFO] 📞[RAG] 1076767407 | 딸기에 곰팡이병 발생하는 이유
2026-06-24 12:59:17,366 [INFO] 🤖 AI 추론 호출: 366자 프롬프트
2026-06-24 12:59:21,379 [INFO] ✅ AI 추론: 423자
2026-06-24 12:59:21,385 [INFO] [RAG] 🛡️ 화이트리스트 차단(미등록 약제 제거): ['다이마이트']
2026-06-24 12:59:21,386 [INFO] [RAG] 의도=diagnose | 작물=딸기(question) | 병해충=딸기에곰팡이병 | 등록약제=0개 | 차단=['다이마이트']
2026-06-24 13:04:55,924 [INFO] ✅ DB 초기화 로직 수행 완료
2026-06-24 13:04:56,858 [INFO] ✅ AI 연결 성공
2026-06-24 13:04:59,307 [INFO] ✅ DB 초기화 로직 수행 완료
2026-06-24 13:04:59,982 [INFO] ✅ AI 연결 성공
2026-06-24 13:38:06,916 [INFO] 📞[RAG] 1076767407 | 딸기 응애 증상
2026-06-24 13:38:08,088 [INFO] 🔍 검색 키워드: ['점박이응애', '응애', '차응애', '뿌리응애', '겨울배추검정응애', '차먼지응애', '사과응애', '응애류', '마늘혹응애', '흑응애', '오이긴털가루응애', '버섯응애류', '간자와응애', '전나무잎응애', '귤응애', '토마토녹응애', '녹응애']
2026-06-24 13:38:08,123 [INFO] 📊 초기 검색: 89개
2026-06-24 13:38:08,127 [INFO] ⛔ 제외 성분: {'아사이노나피르'}
2026-06-24 13:38:08,127 [INFO] ⛔ 3회 제외: 89개 → 84개
2026-06-24 13:38:08,128 [INFO] ⭐ 우선약제: 1개, 일반: 83개 (등록일순)
2026-06-24 13:38:08,128 [INFO] 🔄 성분 중복 제거: 84개 → 18개
2026-06-24 13:38:08,128 [INFO] ✅ 최종 결과: 18개
2026-06-24 13:38:08,128 [INFO] 🤖 AI 추론 호출: 395자 프롬프트
2026-06-24 13:38:11,170 [INFO] ✅ AI 추론: 308자
2026-06-24 13:38:11,174 [INFO] [RAG] 의도=recommend | 작물=딸기(question) | 병해충=응애류 | 등록약제=18개 | 차단=[]
2026-06-24 13:39:11,825 [INFO] 📞[RAG] 1076767407 | 고추 고추나방 농약추천
2026-06-24 13:39:13,680 [INFO] 🔍 검색 키워드: ['거세미나방', '나방', '밤나방', '거세미밤나방', '검거세미나방', '멸강나방', '잔디밤나방', '잔디포충나방', '포충나방', '열대거세미나방', '들깨잎말이명나방', '미국흰불나방', '뿔나방', '배추순나방', '매미나방', '왕담배나방', '잎말이명나방', '숫검은밤나방', '파좀나방']
2026-06-24 13:39:13,841 [INFO] 📊 초기 검색: 960개
2026-06-24 13:39:13,845 [INFO] ⛔ 제외 성분: {'아사이노나피르'}
2026-06-24 13:39:13,847 [INFO] ⛔ 3회 제외: 960개 → 960개
2026-06-24 13:39:13,848 [INFO] ⭐ 우선약제: 0개, 일반: 960개 (등록일순)
2026-06-24 13:39:13,851 [INFO] 🔄 성분 중복 제거: 960개 → 44개
2026-06-24 13:39:13,852 [INFO] ✅ 최종 결과: 44개
2026-06-24 13:39:13,852 [INFO] 🤖 AI 추론 호출: 399자 프롬프트
2026-06-24 13:39:17,092 [INFO] ✅ AI 추론: 319자
2026-06-24 13:39:17,097 [INFO] [RAG] 의도=recommend | 작물=고추(question) | 병해충=나방류 | 등록약제=44개 | 차단=[]
2026-06-24 13:39:19,782 [INFO] 📞[RAG] 1076767407 | 고추 담배나방 농약추천
2026-06-24 13:39:21,558 [INFO] 🔍 검색 키워드: ['거세미나방', '나방', '밤나방', '거세미밤나방', '검거세미나방', '멸강나방', '잔디밤나방', '잔디포충나방', '포충나방', '열대거세미나방', '들깨잎말이명나방', '미국흰불나방', '뿔나방', '배추순나방', '매미나방', '왕담배나방', '잎말이명나방', '숫검은밤나방', '파좀나방']
2026-06-24 13:39:21,734 [INFO] 📊 초기 검색: 960개
2026-06-24 13:39:21,735 [INFO] ⛔ 제외 성분: {'아사이노나피르'}
2026-06-24 13:39:21,738 [INFO] ⛔ 3회 제외: 960개 → 960개
2026-06-24 13:39:21,738 [INFO] ⭐ 우선약제: 0개, 일반: 960개 (등록일순)
2026-06-24 13:39:21,741 [INFO] 🔄 성분 중복 제거: 960개 → 44개
2026-06-24 13:39:21,741 [INFO] ✅ 최종 결과: 44개
2026-06-24 13:39:21,741 [INFO] 🤖 AI 추론 호출: 399자 프롬프트
2026-06-24 13:39:24,664 [INFO] ✅ AI 추론: 311자
2026-06-24 13:39:24,668 [INFO] [RAG] 의도=recommend | 작물=고추(question) | 병해충=나방류 | 등록약제=44개 | 차단=[]
2026-06-24 13:40:35,536 [INFO] 📞[RAG] 1076767407 | 오이잎에 점이 생겼어
2026-06-24 13:40:35,940 [INFO] 🤖 AI 추론 호출: 345자 프롬프트
2026-06-24 13:40:38,439 [INFO] ✅ AI 추론: 286자
2026-06-24 13:40:38,441 [INFO] [RAG] 의도=general | 작물=포도(farm) | 병해충=None | 등록약제=0개 | 차단=[]
2026-06-24 14:00:49,347 [INFO] ✅ DB 초기화 로직 수행 완료
2026-06-24 14:00:50,161 [INFO] ✅ AI 연결 성공
2026-06-24 14:02:03,279 [INFO] 📞[RAG] 1076767407 | 딸기 잎이 시들시들해
2026-06-24 14:02:05,540 [INFO] 🤖 AI 추론 호출: 610자 프롬프트
2026-06-24 14:02:10,137 [INFO] ✅ AI 추론: 466자
2026-06-24 14:02:10,140 [INFO] [RAG] 의도=diagnose | 작물=딸기(question) | 병해충=None | 등록약제=0개 | 차단=[]
2026-06-24 14:05:36,789 [INFO] ✅ DB 초기화 로직 수행 완료
2026-06-24 14:05:37,808 [INFO] ✅ AI 연결 성공
2026-06-24 14:06:38,468 [INFO] 📞[RAG] 1076767407 | 딸기 응애 약제 추천
2026-06-24 14:06:44,292 [INFO] 🔍 검색 키워드: ['점박이응애', '응애', '차응애', '뿌리응애', '겨울배추검정응애', '차먼지응애', '사과응애', '응애류', '마늘혹응애', '흑응애', '오이긴털가루응애', '버섯응애류', '간자와응애', '전나무잎응애', '귤응애', '토마토녹응애', '녹응애']
2026-06-24 14:06:44,360 [INFO] 📊 초기 검색: 104개
2026-06-24 14:06:44,361 [INFO] ⭐ 우선약제: 2개, 일반: 102개 (등록일순)
2026-06-24 14:06:44,364 [INFO] 🔄 성분 중복 제거: 104개 → 30개
2026-06-24 14:06:44,364 [INFO] ✅ 최종 결과: 30개
2026-06-24 14:06:44,364 [INFO] 🤖 AI 추론 호출: 479자 프롬프트
2026-06-24 14:06:46,547 [INFO] ✅ AI 추론: 216자
2026-06-24 14:06:46,550 [INFO] [RAG] 의도=recommend | 작물=딸기(question) | 병해충=응애류 | 등록약제=30개 | 차단=[]
2026-06-24 14:07:05,401 [INFO] 📞[RAG] 1076767407 | 딸기 잿빛곰팡이병 증상
2026-06-24 14:07:07,145 [INFO] 🔍 검색 키워드: ['잿빛곰팡이', '잿빛곰팡이병', '잎곰팡이병', '잎곰팡이', '잎곰팡이병', '검은잎곰팡이병', '뒷면곰팡이병', '감귤녹색곰팡이병', '과실곰팡이병', '꽃곰팡이병', '검은잎곰팡이병']
2026-06-24 14:07:07,182 [INFO] 📊 초기 검색: 181개
2026-06-24 14:07:07,183 [INFO] 🔄 성분 중복 제거: 181개 → 55개
2026-06-24 14:07:07,183 [INFO] ✅ 최종 결과: 55개
2026-06-24 14:07:07,183 [INFO] 🤖 AI 추론 호출: 621자 프롬프트
2026-06-24 14:07:12,430 [INFO] ✅ AI 추론: 535자
2026-06-24 14:07:12,433 [INFO] [RAG] 의도=diagnose | 작물=딸기(question) | 병해충=곰팡이류 | 등록약제=55개 | 차단=[]
2026-06-24 14:08:32,362 [INFO] 📞[RAG] 1076767407 | 고추 탄저병 발생 시 즉시 조치 방법
2026-06-24 14:08:41,495 [INFO] 🔍 검색 키워드: ['고추탄저병', '고추탄저']
2026-06-24 14:08:41,542 [INFO] 📊 초기 검색: 0개
2026-06-24 14:08:41,542 [INFO] 🤖 AI 추론 호출: 482자 프롬프트
2026-06-24 14:08:43,855 [INFO] ✅ AI 추론: 231자
2026-06-24 14:08:43,858 [INFO] [RAG] 의도=recommend | 작물=고추(question) | 병해충=고추탄저병 | 등록약제=0개 | 차단=[]
2026-06-24 14:09:07,438 [INFO] 📞[RAG] 1076767407 | 오이잎에 점이 생겼어
2026-06-24 14:09:10,126 [INFO] 🤖 AI 추론 호출: 675자 프롬프트
2026-06-24 14:09:15,607 [INFO] ✅ AI 추론: 568자
2026-06-24 14:09:15,608 [INFO] [RAG] 의도=diagnose | 작물=포도(farm) | 병해충=None | 등록약제=0개 | 차단=[]
2026-06-24 14:10:37,494 [INFO] 📞[RAG] 1076767407 | 딸기 탄저병이 왜 자꾸 생겨?
2026-06-24 14:10:40,292 [INFO] 🔍 검색 키워드: ['딸기탄저병', '딸기탄저']
2026-06-24 14:10:40,394 [INFO] 📊 초기 검색: 0개
2026-06-24 14:10:40,394 [INFO] 🤖 AI 추론 호출: 618자 프롬프트
2026-06-24 14:10:45,913 [INFO] ✅ AI 추론: 558자
2026-06-24 14:10:45,915 [INFO] [RAG] 의도=diagnose | 작물=딸기(question) | 병해충=딸기탄저병 | 등록약제=0개 | 차단=[]
2026-06-24 14:11:21,920 [INFO] 📞[RAG] 1076767407 | 내가 저번에 무슨 약 쳤더라?
2026-06-24 14:11:22,767 [INFO] 🤖 AI 추론 호출: 468자 프롬프트
2026-06-24 14:11:25,396 [INFO] ✅ AI 추론: 265자
2026-06-24 14:11:25,399 [INFO] [RAG] 의도=history | 작물=포도(farm) | 병해충=None | 등록약제=0개 | 차단=[]
2026-06-24 14:11:35,381 [INFO] 📞[RAG] 1076767407 | 다이마이트랑 인시피오 같이 섞어 써도 돼?
2026-06-24 14:11:36,301 [INFO] 🤖 AI 추론 호출: 404자 프롬프트
2026-06-24 14:11:41,925 [INFO] ✅ AI 추론: 640자
2026-06-24 14:11:41,927 [INFO] [RAG] 의도=mix | 작물=마(question) | 병해충=일년생잡초 | 등록약제=0개 | 차단=[]
2026-06-24 14:12:09,611 [INFO] 📞[RAG] 1076767407 | 딸기 흰가루병 약 언제 쳐야 돼?
2026-06-24 14:12:14,770 [INFO] 🔍 검색 키워드: ['흰가루병', '흰가루']
2026-06-24 14:12:14,867 [INFO] 📊 초기 검색: 113개
2026-06-24 14:12:14,868 [INFO] 🔄 성분 중복 제거: 113개 → 49개
2026-06-24 14:12:14,868 [INFO] ✅ 최종 결과: 49개
2026-06-24 14:12:14,869 [INFO] 🤖 AI 추론 호출: 411자 프롬프트
2026-06-24 14:12:18,905 [INFO] ✅ AI 추론: 421자
2026-06-24 14:12:18,906 [INFO] [RAG] 의도=timing | 작물=딸기(question) | 병해충=흰가루류 | 등록약제=49개 | 차단=[]
2026-06-24 14:12:40,312 [INFO] 📞[RAG] 1076767407 | 토마토 역병 어떻게 잡아?
2026-06-24 14:12:46,392 [INFO] 🔍 검색 키워드: ['토마토역병', '토마토역']
2026-06-24 14:12:46,418 [INFO] 📊 초기 검색: 0개
2026-06-24 14:12:46,418 [INFO] 🤖 AI 추론 호출: 477자 프롬프트
2026-06-24 14:12:48,733 [INFO] ✅ AI 추론: 239자
2026-06-24 14:12:48,735 [INFO] [RAG] 의도=recommend | 작물=토마토(question) | 병해충=토마토역병 | 등록약제=0개 | 차단=[]
2026-06-24 14:12:53,586 [INFO] 📞[RAG] 1076767407 | 딸기 농사 잘 짓는 법 알려줘
2026-06-24 14:12:53,589 [INFO] 🤖 AI 추론 호출: 392자 프롬프트
2026-06-24 14:12:58,521 [INFO] ✅ AI 추론: 591자
2026-06-24 14:12:58,524 [INFO] [RAG] 의도=general | 작물=딸기(question) | 병해충=None | 등록약제=0개 | 차단=[]
2026-06-24 14:19:39,371 [INFO] ✅ DB 초기화 로직 수행 완료
2026-06-24 14:19:40,245 [INFO] ✅ AI 연결 성공
2026-06-24 14:21:17,107 [INFO] 📞[RAG] 1076767407 | 토마토 역병 어떻게 잡아?
2026-06-24 14:21:22,863 [INFO] 🤖 AI 추론 호출: 489자 프롬프트
2026-06-24 14:21:26,027 [INFO] ✅ AI 추론: 328자
2026-06-24 14:21:26,042 [INFO] [RAG] 의도=recommend | 작물=토마토(question) | 병해충=None | 등록약제=0개 | 차단=[]
2026-06-24 14:24:14,369 [INFO] 📞[RAG] 1076767407 | 고추 탄저병 발생 시 즉시 조치 방법
2026-06-24 14:24:19,618 [INFO] 🔍 검색 키워드: ['탄저병', '탄저']
2026-06-24 14:24:19,703 [INFO] 📊 초기 검색: 147개
2026-06-24 14:24:19,708 [INFO] 🔄 성분 중복 제거: 147개 → 39개
2026-06-24 14:24:19,708 [INFO] ✅ 최종 결과: 39개
2026-06-24 14:24:19,709 [INFO] 🤖 AI 추론 호출: 487자 프롬프트
2026-06-24 14:24:22,434 [INFO] ✅ AI 추론: 278자
2026-06-24 14:24:22,438 [INFO] [RAG] 의도=recommend | 작물=고추(question) | 병해충=탄저병 | 등록약제=39개 | 차단=[]
2026-06-24 14:24:38,871 [INFO] 📞[RAG] 1076767407 | 다이마이트랑 인시피오 같이 섞어 써도 돼?
2026-06-24 14:24:38,876 [INFO] 🤖 AI 추론 호출: 369자 프롬프트
2026-06-24 14:24:42,210 [INFO] ✅ AI 추론: 352자
2026-06-24 14:24:42,213 [INFO] [RAG] 의도=mix | 작물=None(none) | 병해충=None | 등록약제=0개 | 차단=[]
2026-06-24 14:24:50,235 [INFO] 📞[RAG] 1076767407 | 오이잎에 점이 생겼어
2026-06-24 14:24:59,597 [INFO] 🤖 AI 추론 호출: 647자 프롬프트
2026-06-24 14:25:05,064 [INFO] ✅ AI 추론: 579자
2026-06-24 14:25:05,067 [INFO] [RAG] 🛡️ 화이트리스트 차단(미등록 약제): ['나타나']
2026-06-24 14:25:05,082 [INFO] [RAG] 의도=diagnose | 작물=포도(farm) | 병해충=None | 등록약제=0개 | 차단=['나타나']
2026-06-24 14:25:48,983 [INFO] 📞[RAG] 1076767407 | 딸기 응애 약 추천
2026-06-24 14:25:56,732 [INFO] 🔍 검색 키워드: ['응애']
2026-06-24 14:25:56,831 [INFO] 📊 초기 검색: 104개
2026-06-24 14:25:56,833 [INFO] ⭐ 우선약제: 2개, 일반: 102개 (등록일순)
2026-06-24 14:25:56,833 [INFO] 🔄 성분 중복 제거: 104개 → 30개
2026-06-24 14:25:56,834 [INFO] ✅ 최종 결과: 30개
2026-06-24 14:25:56,834 [INFO] 🤖 AI 추론 호출: 476자 프롬프트
2026-06-24 14:25:59,015 [INFO] ✅ AI 추론: 198자
2026-06-24 14:25:59,019 [INFO] [RAG] 의도=recommend | 작물=딸기(question) | 병해충=응애 | 등록약제=30개 | 차단=[]
2026-06-24 14:26:09,890 [INFO] 📞[RAG] 1076767407 | 포도 흰가루병 약 뭐 쳐야 돼?
2026-06-24 14:26:15,483 [INFO] 🔍 검색 키워드: ['흰가루병', '흰가루']
2026-06-24 14:26:15,603 [INFO] 📊 초기 검색: 35개
2026-06-24 14:26:15,603 [INFO] 🔄 성분 중복 제거: 35개 → 19개
2026-06-24 14:26:15,604 [INFO] ✅ 최종 결과: 19개
2026-06-24 14:26:15,604 [INFO] 🤖 AI 추론 호출: 485자 프롬프트
2026-06-24 14:26:18,486 [INFO] ✅ AI 추론: 268자
2026-06-24 14:26:18,491 [INFO] [RAG] 의도=recommend | 작물=포도(question) | 병해충=흰가루병 | 등록약제=19개 | 차단=[]
2026-06-24 14:29:44,071 [INFO] ✅ DB 초기화 로직 수행 완료
2026-06-24 14:29:45,029 [INFO] ✅ AI 연결 성공
2026-06-24 14:31:06,080 [INFO] 📞[RAG] 1076767407 | 샤인머스캣 노균병 약좀추천해줘
2026-06-24 14:31:08,263 [INFO] 🔍 검색 키워드: ['노균병', '노균']
2026-06-24 14:31:08,308 [INFO] 📊 초기 검색: 130개
2026-06-24 14:31:08,310 [INFO] 🔄 성분 중복 제거: 130개 → 35개
2026-06-24 14:31:08,310 [INFO] ✅ 최종 결과: 35개
2026-06-24 14:31:08,310 [INFO] 🤖 AI 추론 호출: 440자 프롬프트
2026-06-24 14:31:12,377 [INFO] ✅ AI 추론: 434자
2026-06-24 14:31:12,380 [INFO] [RAG] 의도=recommend | 작물=포도(question) | 병해충=노균병 | 등록약제=35개 | 차단=[]
2026-06-24 14:31:33,811 [INFO] 📞[RAG] 1076767407 | 토마토 잎에 누런 반점 생기고 점점 번지는데 뭔 병이여?
2026-06-24 14:31:36,619 [INFO] 🤖 AI 추론 호출: 560자 프롬프트
2026-06-24 14:31:41,369 [INFO] ✅ AI 추론: 511자
2026-06-24 14:31:41,373 [INFO] [RAG] 의도=diagnose | 작물=토마토(question) | 병해충=None | 등록약제=0개 | 차단=[]
2026-06-24 14:32:07,315 [INFO] 📞[RAG] 1076767407 | 고추탄저병이랑 역병 둘다 잡는약 없나
2026-06-24 14:32:09,273 [INFO] 🤖 AI 추론 호출: 451자 프롬프트
2026-06-24 14:32:12,164 [INFO] ✅ AI 추론: 314자
2026-06-24 14:32:12,167 [INFO] [RAG] 의도=recommend | 작물=고추(question) | 병해충=None | 등록약제=0개 | 차단=[]
2026-06-24 14:32:29,648 [INFO] 📞[RAG] 1076767407 | 어제 딸기에 친 약 또 쳐도 되나?
2026-06-24 14:32:31,495 [INFO] 🤖 AI 추론 호출: 493자 프롬프트
2026-06-24 14:32:34,094 [INFO] ✅ AI 추론: 268자
2026-06-24 14:32:34,096 [INFO] [RAG] 의도=recommend | 작물=딸기(question) | 병해충=None | 등록약제=0개 | 차단=[]
2026-06-24 14:32:50,926 [INFO] 📞[RAG] 1076767407 | 포도에 응애약 인시피오 쳐도 효과있어?
2026-06-24 14:32:53,091 [INFO] 🔍 검색 키워드: ['응애']
2026-06-24 14:32:53,139 [INFO] 📊 초기 검색: 38개
2026-06-24 14:32:53,140 [INFO] ⭐ 우선약제: 3개, 일반: 35개 (등록일순)
2026-06-24 14:32:53,140 [INFO] 🔄 성분 중복 제거: 38개 → 20개
2026-06-24 14:32:53,140 [INFO] ✅ 최종 결과: 20개
2026-06-24 14:32:53,140 [INFO] 🤖 AI 추론 호출: 444자 프롬프트
2026-06-24 14:32:56,413 [INFO] ✅ AI 추론: 346자
2026-06-24 14:32:56,417 [INFO] [RAG] 의도=recommend | 작물=포도(question) | 병해충=응애 | 등록약제=20개 | 차단=[]
2026-06-24 14:33:22,026 [INFO] 📞[RAG] 1076767407 | 딸기 흰가루 올라오는데 친환경으로 잡고싶어
2026-06-24 14:33:24,014 [INFO] 🔍 검색 키워드: ['흰가루']
2026-06-24 14:33:24,046 [INFO] 📊 초기 검색: 113개
2026-06-24 14:33:24,047 [INFO] 🔄 성분 중복 제거: 113개 → 49개
2026-06-24 14:33:24,047 [INFO] ✅ 최종 결과: 49개
2026-06-24 14:33:24,047 [INFO] 🤖 AI 추론 호출: 604자 프롬프트
2026-06-24 14:33:28,572 [INFO] ✅ AI 추론: 429자
2026-06-24 14:33:28,576 [INFO] [RAG] 의도=diagnose | 작물=딸기(question) | 병해충=흰가루 | 등록약제=49개 | 차단=[]
2026-06-24 14:33:45,161 [INFO] 📞[RAG] 1076767407 | 비 오는데 지금 약쳐도 됨
2026-06-24 14:33:48,180 [INFO] 🤖 AI 추론 호출: 510자 프롬프트
2026-06-24 14:33:50,802 [INFO] ✅ AI 추론: 292자
2026-06-24 14:33:50,806 [INFO] [RAG] 의도=recommend | 작물=포도(farm) | 병해충=None | 등록약제=0개 | 차단=[]
2026-06-24 14:33:54,843 [INFO] 📞[RAG] 1076767407 | 토마토 역병 디메토모르프 성분 약 뭐있어?
2026-06-24 14:33:58,476 [INFO] 🔍 검색 키워드: ['역병']
2026-06-24 14:33:58,489 [INFO] 📊 초기 검색: 25개
2026-06-24 14:33:58,490 [INFO] 🔄 성분 중복 제거: 25개 → 13개
2026-06-24 14:33:58,490 [INFO] ✅ 최종 결과: 13개
2026-06-24 14:33:58,490 [INFO] 🤖 AI 추론 호출: 447자 프롬프트
2026-06-24 14:34:02,671 [INFO] ✅ AI 추론: 407자
2026-06-24 14:34:02,675 [INFO] [RAG] 의도=recommend | 작물=토마토(question) | 병해충=역병 | 등록약제=13개 | 차단=[]
2026-06-24 14:34:15,126 [INFO] 📞[RAG] 1076767407 | ㅗ도 흰가루병 약 추천
2026-06-24 14:34:18,086 [INFO] 🔍 검색 키워드: ['흰가루병', '흰가루']
2026-06-24 14:34:18,124 [INFO] 📊 초기 검색: 35개
2026-06-24 14:34:18,125 [INFO] 🔄 성분 중복 제거: 35개 → 19개
2026-06-24 14:34:18,125 [INFO] ✅ 최종 결과: 19개
2026-06-24 14:34:18,125 [INFO] 🤖 AI 추론 호출: 502자 프롬프트
2026-06-24 14:34:21,206 [INFO] ✅ AI 추론: 340자
2026-06-24 14:34:21,209 [INFO] [RAG] 의도=recommend | 작물=포도(farm) | 병해충=흰가루병 | 등록약제=19개 | 차단=[]
2026-06-24 14:34:26,210 [INFO] 📞[RAG] 1076767407 | 딸기 응애 약 추천하고 희석배수랑 언제 뿌리는지도 알려줘
2026-06-24 14:34:28,776 [INFO] 🔍 검색 키워드: ['응애']
2026-06-24 14:34:28,842 [INFO] 📊 초기 검색: 104개
2026-06-24 14:34:28,842 [INFO] ⭐ 우선약제: 2개, 일반: 102개 (등록일순)
2026-06-24 14:34:28,844 [INFO] 🔄 성분 중복 제거: 104개 → 30개
2026-06-24 14:34:28,844 [INFO] ✅ 최종 결과: 30개
2026-06-24 14:34:28,844 [INFO] 🤖 AI 추론 호출: 421자 프롬프트
2026-06-24 14:34:33,258 [INFO] ✅ AI 추론: 501자
2026-06-24 14:34:33,261 [INFO] [RAG] 의도=safety | 작물=딸기(question) | 병해충=응애 | 등록약제=30개 | 차단=[]
2026-06-24 14:43:55,187 [INFO] ✅ DB 초기화 로직 수행 완료
2026-06-24 14:43:55,952 [INFO] ✅ AI 연결 성공
2026-06-24 14:45:18,728 [INFO] 📞[RAG] 1076767407 | 토마토 역병 디메토모르프 성분 약 알려줘
2026-06-24 14:45:26,271 [INFO] 🔍 검색 키워드: ['역병']
2026-06-24 14:45:26,400 [INFO] 📊 초기 검색: 25개
2026-06-24 14:45:26,410 [INFO] 🔄 성분 중복 제거: 25개 → 13개
2026-06-24 14:45:26,411 [INFO] ✅ 최종 결과: 13개
2026-06-24 14:45:26,411 [INFO] [RAG] 🧪 성분필터 '디메토모르프': 13개 → 4개
2026-06-24 14:45:26,411 [INFO] 🤖 AI 추론 호출: 569자 프롬프트
2026-06-24 14:45:29,275 [INFO] ✅ AI 추론: 312자
2026-06-24 14:45:29,280 [INFO] [RAG] 의도=recommend | 작물=토마토(question) | 병해충=역병 | 성분=디메토모르프 | 등록약제=4개 | 차단=[]
2026-06-24 14:46:02,178 [INFO] 📞[RAG] 1076767407 | 포도 응애약 인시피오 효과 어때?
2026-06-24 14:46:04,475 [INFO] 🔍 검색 키워드: ['응애']
2026-06-24 14:46:04,541 [INFO] 📊 초기 검색: 38개
2026-06-24 14:46:04,541 [INFO] ⭐ 우선약제: 3개, 일반: 35개 (등록일순)
2026-06-24 14:46:04,542 [INFO] 🔄 성분 중복 제거: 38개 → 20개
2026-06-24 14:46:04,542 [INFO] ✅ 최종 결과: 20개
2026-06-24 14:46:04,542 [INFO] 🤖 AI 추론 호출: 564자 프롬프트
2026-06-24 14:46:06,748 [INFO] ✅ AI 추론: 226자
2026-06-24 14:46:06,751 [INFO] [RAG] 의도=recommend | 작물=포도(question) | 병해충=응애 | 성분=None | 등록약제=20개 | 차단=[]
2026-06-24 14:47:08,226 [INFO] 📞[RAG] 1076767407 | 토마토 잎에 누런 반점 번지는데 뭔 병이야?
2026-06-24 14:47:10,866 [INFO] 🤖 AI 추론 호출: 782자 프롬프트
2026-06-24 14:47:15,408 [INFO] ✅ AI 추론: 459자
2026-06-24 14:47:15,409 [INFO] [RAG] 의도=diagnose | 작물=토마토(question) | 병해충=None | 성분=None | 등록약제=0개 | 차단=[]
2026-06-24 14:48:42,021 [INFO] 📞[RAG] 1076767407 | 샤인머스캣 노균병 약좀
2026-06-24 14:48:44,052 [INFO] 🔍 검색 키워드: ['노균병', '노균']
2026-06-24 14:48:44,096 [INFO] 📊 초기 검색: 130개
2026-06-24 14:48:44,097 [INFO] 🔄 성분 중복 제거: 130개 → 35개
2026-06-24 14:48:44,097 [INFO] ✅ 최종 결과: 35개
2026-06-24 14:48:44,097 [INFO] 🤖 AI 추론 호출: 559자 프롬프트
2026-06-24 14:48:47,211 [INFO] ✅ AI 추론: 306자
2026-06-24 14:48:47,215 [INFO] [RAG] 🛡️ 화이트리스트 차단(미등록 약제): ['골고루']
2026-06-24 14:48:47,215 [INFO] [RAG] 의도=recommend | 작물=포도(question) | 병해충=노균병 | 성분=None | 등록약제=35개 | 차단=['골고루']
2026-06-24 14:49:02,960 [INFO] 📞[RAG] 1076767407 | 다이마이트랑 인시피오 같이 써도 되나?
2026-06-24 14:49:02,964 [INFO] 🤖 AI 추론 호출: 448자 프롬프트
2026-06-24 14:49:07,251 [INFO] ✅ AI 추론: 518자
2026-06-24 14:49:07,254 [INFO] [RAG] 의도=mix | 작물=None(none) | 병해충=None | 성분=None | 등록약제=0개 | 차단=[]
2026-06-24 14:49:54,580 [INFO] 📞[RAG] 1076767407 | 포도 흰가루병 클로로탈로닐 들어간거
2026-06-24 14:49:59,333 [INFO] 🔍 검색 키워드: ['흰가루병', '흰가루']
2026-06-24 14:49:59,410 [INFO] 📊 초기 검색: 35개
2026-06-24 14:49:59,411 [INFO] 🔄 성분 중복 제거: 35개 → 19개
2026-06-24 14:49:59,411 [INFO] ✅ 최종 결과: 19개
2026-06-24 14:49:59,412 [INFO] [RAG] 🧪 성분필터 '클로로탈로닐': 19개 → 0개
2026-06-24 14:49:59,412 [INFO] 🤖 AI 추론 호출: 778자 프롬프트
2026-06-24 14:50:03,093 [INFO] ✅ AI 추론: 387자
2026-06-24 14:50:03,097 [INFO] [RAG] 의도=diagnose | 작물=포도(question) | 병해충=흰가루병 | 성분=클로로탈로닐 | 등록약제=0개 | 차단=[]
2026-06-24 15:01:41,141 [INFO] ✅ DB 초기화 로직 수행 완료
2026-06-24 15:01:42,288 [INFO] ✅ AI 연결 성공
2026-06-24 15:03:03,586 [INFO] 📞[RAG] 1076767407 | 포도 응애약 인시피오 효과 어때?
2026-06-24 15:03:06,111 [INFO] 🔍 검색 키워드: ['응애']
2026-06-24 15:03:06,159 [INFO] 📊 초기 검색: 38개
2026-06-24 15:03:06,160 [INFO] ⭐ 우선약제: 3개, 일반: 35개 (등록일순)
2026-06-24 15:03:06,161 [INFO] 🔄 성분 중복 제거: 38개 → 20개
2026-06-24 15:03:06,161 [INFO] ✅ 최종 결과: 20개
2026-06-24 15:03:06,162 [INFO] 🤖 AI 추론 호출: 610자 프롬프트
2026-06-24 15:03:08,305 [INFO] ✅ AI 추론: 163자
2026-06-24 15:03:08,308 [INFO] [RAG] 의도=product_info | 작물=포도(question) | 병해충=응애 | 성분=None | 약제=인시피오 | 차단=[]
2026-06-24 15:03:37,473 [INFO] 📞[RAG] 1076767407 | 토마토 잎에 누런 반점 뭔 병이야?
2026-06-24 15:03:45,713 [INFO] 🤖 AI 추론 호출: 687자 프롬프트
2026-06-24 15:03:49,985 [INFO] ✅ AI 추론: 406자
2026-06-24 15:03:49,989 [INFO] [RAG] 의도=diagnose | 작물=토마토(question) | 병해충=None | 성분=None | 약제=0 | 차단=[]
2026-06-24 15:04:27,132 [INFO] 📞[RAG] 1076767407 | 다이마이트랑 인시피오 같이 써도 되나?
2026-06-24 15:04:27,142 [INFO] 🤖 AI 추론 호출: 474자 프롬프트
2026-06-24 15:04:29,922 [INFO] ✅ AI 추론: 290자
2026-06-24 15:04:29,924 [INFO] [RAG] 의도=mix | 작물=None(none) | 병해충=None | 성분=None | 약제=0 | 차단=[]
2026-06-24 15:04:44,535 [INFO] 📞[RAG] 1076767407 | 포도 흰가루병 클로로탈로닐 들어간거
2026-06-24 15:04:48,995 [INFO] 🔍 검색 키워드: ['흰가루병', '흰가루']
2026-06-24 15:04:49,111 [INFO] 📊 초기 검색: 35개
2026-06-24 15:04:49,112 [INFO] 🔄 성분 중복 제거: 35개 → 19개
2026-06-24 15:04:49,112 [INFO] ✅ 최종 결과: 19개
2026-06-24 15:04:49,112 [INFO] [RAG] 🧪 성분필터 '클로로탈로닐': 19개 → 0개
2026-06-24 15:04:49,113 [INFO] 🤖 AI 추론 호출: 583자 프롬프트
2026-06-24 15:04:52,129 [INFO] ✅ AI 추론: 306자
2026-06-24 15:04:52,134 [INFO] [RAG] 의도=recommend | 작물=포도(question) | 병해충=흰가루병 | 성분=클로로탈로닐 | 약제=0 | 차단=[]
2026-06-24 15:05:56,493 [INFO] 📞[RAG] 1076767407 | 다이마이트 성분이 뭐야?
2026-06-24 15:05:59,312 [INFO] 🤖 AI 추론 호출: 409자 프롬프트
2026-06-24 15:06:00,853 [INFO] ✅ AI 추론: 141자
2026-06-24 15:06:00,855 [INFO] [RAG] 의도=product_info | 작물=마(question) | 병해충=None | 성분=다이마이트 | 약제=다이마이트 | 차단=[]
2026-06-24 15:06:11,321 [INFO] 📞[RAG] 1076767407 | 딸기 잎 가장자리가 누렇게 마르는데 뭐지?
2026-06-24 15:06:11,325 [INFO] 🤖 AI 추론 호출: 431자 프롬프트
2026-06-24 15:06:16,080 [INFO] ✅ AI 추론: 545자
2026-06-24 15:06:16,083 [INFO] [RAG] 의도=general | 작물=딸기(question) | 병해충=None | 성분=None | 약제=0 | 차단=[]
2026-06-24 15:07:09,527 [INFO] 📞[RAG] 1076767407 | 인시피오랑 다이마이트 중에 뭐가 더 좋아?
2026-06-24 15:07:15,219 [INFO] 🤖 AI 추론 호출: 490자 프롬프트
2026-06-24 15:07:18,013 [INFO] ✅ AI 추론: 241자
2026-06-24 15:07:18,118 [INFO] [RAG] 의도=recommend | 작물=마(question) | 병해충=피 | 성분=None | 약제=0 | 차단=[]
2026-06-24 15:07:35,102 [INFO] 📞[RAG] 1076767407 | 토마토 궤양병 어떻게 잡아?
2026-06-24 15:07:39,909 [INFO] 🔍 검색 키워드: ['궤양병', '궤양']
2026-06-24 15:07:40,767 [INFO] 📊 초기 검색: 4개
2026-06-24 15:07:40,768 [INFO] 🔄 성분 중복 제거: 4개 → 3개
2026-06-24 15:07:40,768 [INFO] ✅ 최종 결과: 3개
2026-06-24 15:07:40,768 [INFO] 🤖 AI 추론 호출: 478자 프롬프트
2026-06-24 15:07:43,868 [INFO] ✅ AI 추론: 327자
2026-06-24 15:07:43,872 [INFO] [RAG] 의도=recommend | 작물=토마토(question) | 병해충=궤양병 | 성분=None | 약제=3 | 차단=[]
2026-06-24 15:13:52,758 [INFO] 📞[RAG] 1076767407 | 오이 노균병에 효과적인 신물질 약제는?
2026-06-24 15:13:58,252 [INFO] 🔍 검색 키워드: ['오이노균병', '오이노균']
2026-06-24 15:13:58,344 [INFO] 📊 초기 검색: 0개
2026-06-24 15:13:58,345 [INFO] 🤖 AI 추론 호출: 558자 프롬프트
2026-06-24 15:14:02,142 [INFO] ✅ AI 추론: 379자
2026-06-24 15:14:02,147 [INFO] [RAG] 🛡️ 화이트리스트 차단(미등록 약제): ['나타나']
2026-06-24 15:14:02,147 [INFO] [RAG] 의도=recommend | 작물=포도(farm) | 병해충=오이노균병 | 성분=None | 약제=0 | 차단=['나타나']
2026-07-01 09:56:09,050 [INFO] ✅ DB 초기화 로직 수행 완료
2026-07-01 09:56:10,181 [INFO] ✅ AI 연결 성공
2026-07-01 09:58:17,570 [ERROR] ❌ 기상청 API 통신 에러: HTTPSConnectionPool(host='apis.data.go.kr', port=443): Read timed out. (read timeout=5)
2026-07-01 09:58:51,174 [INFO] ✨ 신규 추가
2026-07-01 13:59:39,476 [INFO] ✅ DB 초기화 로직 수행 완료
2026-07-01 13:59:40,439 [INFO] ✅ AI 연결 성공
2026-07-01 14:13:57,517 [INFO] 📞[RAG] 1076767407 | 딸기 응애 약 추천해줘
2026-07-01 14:13:59,705 [INFO] 🔍 검색 키워드: ['응애']
2026-07-01 14:13:59,740 [INFO] 📊 초기 검색: 104개
2026-07-01 14:13:59,741 [INFO] ⭐ 우선약제: 2개, 일반: 102개 (등록일순)
2026-07-01 14:13:59,743 [INFO] 🔄 성분 중복 제거: 104개 → 30개
2026-07-01 14:13:59,743 [INFO] ✅ 최종 결과: 30개
2026-07-01 14:13:59,743 [INFO] 🤖 AI 추론 호출: 473자 프롬프트
2026-07-01 14:14:02,803 [INFO] ✅ AI 추론: 313자
2026-07-01 14:14:02,808 [INFO] [RAG] 의도=recommend | 작물=딸기(question) | 병해충=응애 | 성분=None | 약제=30 | 차단=[]
2026-07-01 14:17:25,451 [INFO] 📞[RAG] 1076767407 | 고추 탄저병 어떻게 잡아?
2026-07-01 14:17:28,801 [INFO] 🔍 검색 키워드: ['탄저병', '탄저']
2026-07-01 14:17:28,909 [INFO] 📊 초기 검색: 147개
2026-07-01 14:17:28,911 [INFO] 🔄 성분 중복 제거: 147개 → 39개
2026-07-01 14:17:28,915 [INFO] ✅ 최종 결과: 39개
2026-07-01 14:17:28,915 [INFO] 🤖 AI 추론 호출: 476자 프롬프트
2026-07-01 14:17:32,137 [INFO] ✅ AI 추론: 326자
2026-07-01 14:17:32,140 [INFO] [RAG] 의도=recommend | 작물=고추(question) | 병해충=탄저병 | 성분=None | 약제=39 | 차단=[]
2026-07-01 14:17:47,765 [INFO] 📞[RAG] 1076767407 | 토마토 잎곰팡이병 약 뭐 있어?
2026-07-01 14:17:50,209 [INFO] 🔍 검색 키워드: ['잎곰팡이병', '잎곰팡이']
2026-07-01 14:17:50,224 [INFO] 📊 초기 검색: 55개
2026-07-01 14:17:50,224 [INFO] 🔄 성분 중복 제거: 55개 → 20개
2026-07-01 14:17:50,225 [INFO] ✅ 최종 결과: 20개
2026-07-01 14:17:50,225 [INFO] 🤖 AI 추론 호출: 482자 프롬프트
2026-07-01 14:17:53,353 [INFO] ✅ AI 추론: 339자
2026-07-01 14:17:53,356 [INFO] [RAG] 의도=recommend | 작물=토마토(question) | 병해충=잎곰팡이병 | 성분=None | 약제=20 | 차단=[]
2026-07-01 14:25:36,712 [INFO] 📞[RAG] 1076767407 | 포도 노균병 방제약 알려줘
2026-07-01 14:25:38,725 [INFO] 🔍 검색 키워드: ['노균병', '노균']
2026-07-01 14:25:38,767 [INFO] 📊 초기 검색: 130개
2026-07-01 14:25:38,768 [INFO] 🔄 성분 중복 제거: 130개 → 35개
2026-07-01 14:25:38,768 [INFO] ✅ 최종 결과: 35개
2026-07-01 14:25:38,768 [INFO] 🤖 AI 추론 호출: 519자 프롬프트
2026-07-01 14:25:41,522 [INFO] ✅ AI 추론: 286자
2026-07-01 14:25:41,524 [INFO] [RAG] 의도=recommend | 작물=포도(question) | 병해충=노균병 | 성분=None | 약제=35 | 차단=[]
2026-08-19 10:13:38,760 [INFO] ✅ DB 초기화 로직 수행 완료
2026-08-19 10:13:39,067 [WARNING] ⚠️ AI 연결 실패: 404
2026-08-19 10:37:41,436 [INFO] 📞[RAG] 1076767407 | 고장인가
2026-08-19 10:37:42,979 [INFO] 🤖 AI 추론 호출: 480자 프롬프트
2026-08-19 10:37:43,289 [WARNING] ⚠️ AI 응답 실패: 404
2026-08-19 10:37:43,292 [INFO] [RAG] 의도=general | 작물=포도(farm) | 병해충=None | 성분=None | 약제=0 | 차단=[]
2026-08-19 12:18:16,108 [INFO] ✅ DB 초기화 로직 수행 완료
2026-08-19 12:18:16,416 [WARNING] ⚠️ AI 연결 실패: 404
2026-08-19 12:21:42,046 [INFO] ✅ DB 초기화 로직 수행 완료
2026-08-19 12:21:42,352 [WARNING] ⚠️ AI 연결 실패: 404
2026-08-19 12:26:03,481 [INFO] ✅ DB 초기화 로직 수행 완료
2026-08-19 12:26:03,792 [WARNING] ⚠️ AI 연결 실패: 404
2026-08-19 12:32:28,144 [INFO] ✅ DB 초기화 로직 수행 완료
2026-08-19 12:32:34,807 [INFO] ✅ AI 연결 성공
2026-08-19 12:35:51,236 [INFO] 📞[RAG] 1076767407 | 딸기 응애 증상
2026-08-19 12:35:51,271 [INFO] 🤖 AI 추론 호출: 477자 프롬프트
2026-08-19 12:35:54,716 [INFO] ✅ AI 추론: 351자
2026-08-19 12:35:54,719 [INFO] [RAG] 의도=recommend | 작물=딸기(question) | 병해충=응애 | 성분=None | 약제=0 | 차단=[]
2026-08-19 12:36:01,848 [INFO] 📞[RAG] 1076767407 | 딸기 응애 농약 추천
2026-08-19 12:36:04,081 [INFO] 🔍 검색 키워드: ['응애']
2026-08-19 12:36:04,114 [INFO] 📊 초기 검색: 104개
2026-08-19 12:36:04,115 [INFO] ⭐ 우선약제: 2개, 일반: 102개 (등록일순)
2026-08-19 12:36:04,116 [INFO] 🔄 성분 중복 제거: 104개 → 30개
2026-08-19 12:36:04,117 [INFO] ✅ 최종 결과: 30개
2026-08-19 12:36:04,117 [INFO] 🤖 AI 추론 호출: 472자 프롬프트
2026-08-19 12:36:07,005 [INFO] ✅ AI 추론: 287자
2026-08-19 12:36:07,008 [INFO] [RAG] 의도=recommend | 작물=딸기(question) | 병해충=응애 | 성분=None | 약제=30 | 차단=[]
2026-08-19 12:36:08,865 [INFO] 📞[RAG] 1076767407 | 딸기 응애 농약
2026-08-19 12:36:10,585 [INFO] 🔍 검색 키워드: ['응애']
2026-08-19 12:36:10,616 [INFO] 📊 초기 검색: 104개
2026-08-19 12:36:10,616 [INFO] ⭐ 우선약제: 2개, 일반: 102개 (등록일순)
2026-08-19 12:36:10,617 [INFO] 🔄 성분 중복 제거: 104개 → 30개
2026-08-19 12:36:10,617 [INFO] ✅ 최종 결과: 30개
2026-08-19 12:36:10,617 [INFO] 🤖 AI 추론 호출: 469자 프롬프트
2026-08-19 12:36:13,436 [INFO] ✅ AI 추론: 310자
2026-08-19 12:36:13,440 [INFO] [RAG] 의도=recommend | 작물=딸기(question) | 병해충=응애 | 성분=None | 약제=30 | 차단=[]
2026-08-19 12:36:24,632 [INFO] 📞[RAG] 1076767407 | 딸기 잎이 시들시들해
2026-08-19 12:36:26,340 [INFO] 🤖 AI 추론 호출: 673자 프롬프트
2026-08-19 12:36:30,922 [INFO] ✅ AI 추론: 444자
2026-08-19 12:36:30,927 [INFO] [RAG] 의도=diagnose | 작물=딸기(question) | 병해충=None | 성분=None | 약제=0 | 차단=[]
